date,2590100,2590101,2590200,2590210,2590220,2590230,2590300,2590301,2590400,2590401
1978-01-01,50.0,,,,,,,,,
1978-01-02,44.0,,,,,,,,,
1978-01-03,40.0,,,,,,,,,
1978-01-04,40.0,,,,,,,,,
1978-01-05,44.0,,,,,,,,,
1978-01-06,43.0,,,,,,,,,
1978-01-07,42.0,,,,,,,,,
1978-01-08,44.0,,,,,,,,,
1978-01-09,45.0,,,,,,,,,
1978-01-10,45.0,,,,,,,,,
1978-01-11,45.0,,,,,,,,,
1978-01-12,45.0,,,,,,,,,
1978-01-13,47.0,,,,,,,,,
1978-01-14,54.0,,,,,,,,,
1978-01-15,51.0,,,,,,,,,
1978-01-16,47.0,,,,,,,,,
1978-01-17,45.0,,,,,,,,,
1978-01-18,43.0,,,,,,,,,
1978-01-19,42.0,,,,,,,,,
1978-01-20,42.0,,,,,,,,,
1978-01-21,44.0,,,,,,,,,
1978-01-22,44.0,,,,,,,,,
1978-01-23,42.0,,,,,,,,,
1978-01-24,48.0,,,,,,,,,
1978-01-25,55.0,,,,,,,,,
1978-01-26,51.0,,,,,,,,,
1978-01-27,49.0,,,,,,,,,
1978-01-28,46.0,,,,,,,,,
1978-01-29,45.0,,,,,,,,,
1978-01-30,43.0,,,,,,,,,
1978-01-31,43.0,,,,,,,,,
1978-02-01,41.0,,,,,,,,,
1978-02-02,42.0,,,,,,,,,
1978-02-03,41.0,,,,,,,,,
1978-02-04,41.0,,,,,,,,,
1978-02-05,41.0,,,,,,,,,
1978-02-06,65.0,,,,,,,,,
1978-02-07,64.0,,,,,,,,,
1978-02-08,59.0,,,,,,,,,
1978-02-09,70.0,,,,,,,,,
1978-02-10,117.0,,,,,,,,,
1978-02-11,129.0,,,,,,,,,
1978-02-12,96.0,,,,,,,,,
1978-02-13,83.0,,,,,,,,,
1978-02-14,76.0,,,,,,,,,
1978-02-15,70.0,,,,,,,,,
1978-02-16,68.0,,,,,,,,,
1978-02-17,72.0,,,,,,,,,
1978-02-18,69.0,,,,,,,,,
1978-02-19,67.0,,,,,,,,,
1978-02-20,67.0,,,,,,,,,
1978-02-21,65.0,,,,,,,,,
1978-02-22,62.0,,,,,,,,,
1978-02-23,61.0,,,,,,,,,
1978-02-24,61.0,,,,,,,,,
1978-02-25,59.0,,,,,,,,,
1978-02-26,56.0,,,,,,,,,
1978-02-27,54.0,,,,,,,,,
1978-02-28,55.0,,,,,,,,,
1978-03-01,50.0,,,,,,,,,
1978-03-02,48.0,,,,,,,,,
1978-03-03,44.0,,,,,,,,,
1978-03-04,54.0,,,,,,,,,
1978-03-05,50.0,,,,,,,,,
1978-03-06,44.0,,,,,,,,,
1978-03-07,46.0,,,,,,,,,
1978-03-08,49.0,,,,,,,,,
1978-03-09,53.0,,,,,,,,,
1978-03-10,63.0,,,,,,,,,
1978-03-11,58.0,,,,,,,,,
1978-03-12,54.0,,,,,,,,,
1978-03-13,54.0,,,,,,,,,
1978-03-14,47.0,,,,,,,,,
1978-03-15,48.0,,,,,,,,,
1978-03-16,48.0,,,,,,,,,
1978-03-17,48.0,,,,,,,,,
1978-03-18,47.0,,,,,,,,,
1978-03-19,46.0,,,,,,,,,
1978-03-20,46.0,,,,,,,,,
1978-03-21,64.0,,,,,,,,,
1978-03-22,85.0,,,,,,,,,
1978-03-23,69.0,,,,,,,,,
1978-03-24,58.0,,,,,,,,,
1978-03-25,55.0,,,,,,,,,
1978-03-26,54.0,,,,,,,,,
1978-03-27,53.0,,,,,,,,,
1978-03-28,55.0,,,,,,,,,
1978-03-29,54.0,,,,,,,,,
1978-03-30,49.0,,,,,,,,,
1978-03-31,47.0,,,,,,,,,
1978-04-01,45.0,,,,,,,,,
1978-04-02,46.0,,,,,,,,,
1978-04-03,47.0,,,,,,,,,
1978-04-04,47.0,,,,,,,,,
1978-04-05,44.0,,,,,,,,,
1978-04-06,73.0,,,,,,,,,
1978-04-07,58.0,,,,,,,,,
1978-04-08,51.0,,,,,,,,,
1978-04-09,49.0,,,,,,,,,
1978-04-10,48.0,,,,,,,,,
1978-04-11,51.0,,,,,,,,,
1978-04-12,69.0,,,,,,,,,
1978-04-13,62.0,,,,,,,,,
1978-04-14,52.0,,,,,,,,,
1978-04-15,49.0,,,,,,,,,
1978-04-16,56.0,,,,,,,,,
1978-04-17,52.0,,,,,,,,,
1978-04-18,50.0,,,,,,,,,
1978-04-19,61.0,,,,,,,,,
1978-04-20,56.0,,,,,,,,,
1978-04-21,54.0,,,,,,,,,
1978-04-22,54.0,,,,,,,,,
1978-04-23,53.0,,,,,,,,,
1978-04-24,54.0,,,,,,,,,
1978-04-25,54.0,,,,,,,,,
1978-04-26,53.0,,,,,,,,,
1978-04-27,53.0,,,,,,,,,
1978-04-28,51.0,,,,,,,,,
1978-04-29,54.0,,,,,,,,,
1978-04-30,48.0,,,,,,,,,
1978-05-01,46.0,,,,,,,,,
1978-05-02,41.0,,,,,,,,,
1978-05-03,39.0,,,,,,,,,
1978-05-04,37.0,,,,,,,,,
1978-05-05,37.0,,,,,,,,,
1978-05-06,39.0,,,,,,,,,
1978-05-07,48.0,,,,,,,,,
1978-05-08,43.0,,,,,,,,,
1978-05-09,40.0,,,,,,,,,
1978-05-10,40.0,,,,,,,,,
1978-05-11,39.0,,,,,,,,,
1978-05-12,38.0,,,,,,,,,
1978-05-13,40.0,,,,,,,,,
1978-05-14,37.0,,,,,,,,,
1978-05-15,33.0,,,,,,,,,
1978-05-16,31.0,,,,,,,,,
1978-05-17,31.0,,,,,,,,,
1978-05-18,37.0,,,,,,,,,
1978-05-19,51.0,,,,,,,,,
1978-05-20,42.0,,,,,,,,,
1978-05-21,37.0,,,,,,,,,
1978-05-22,36.0,,,,,,,,,
1978-05-23,36.0,,,,,,,,,
1978-05-24,38.0,,,,,,,,,
1978-05-25,39.0,,,,,,,,,
1978-05-26,40.0,,,,,,,,,
1978-05-27,39.0,,,,,,,,,
1978-05-28,33.0,,,,,,,,,
1978-05-29,30.0,,,,,,,,,
1978-05-30,26.0,,,,,,,,,
1978-05-31,24.0,,,,,,,,,
1978-06-01,25.0,,,,,,,,,
1978-06-02,25.0,,,,,,,,,
1978-06-03,28.0,,,,,,,,,
1978-06-04,36.0,,,,,,,,,
1978-06-05,36.0,,,,,,,,,
1978-06-06,31.0,,,,,,,,,
1978-06-07,27.0,,,,,,,,,
1978-06-08,26.0,,,,,,,,,
1978-06-09,26.0,,,,,,,,,
1978-06-10,39.0,,,,,,,,,
1978-06-11,365.0,,,,,,,,,
1978-06-12,285.0,,,,,,,,,
1978-06-13,113.0,,,,,,,,,
1978-06-14,65.0,,,,,,,,,
1978-06-15,46.0,,,,,,,,,
1978-06-16,34.0,,,,,,,,,
1978-06-17,29.0,,,,,,,,,
1978-06-18,18.0,,,,,,,,,
1978-06-19,13.0,,,,,,,,,
1978-06-20,28.0,,,,,,,,,
1978-06-21,78.0,,,,,,,,,
1978-06-22,158.0,,,,,,,,,
1978-06-23,268.0,,,,,,,,,
1978-06-24,138.0,,,,,,,,,
1978-06-25,199.0,,,,,,,,,
1978-06-26,97.0,,,,,,,,,
1978-06-27,69.0,,,,,,,,,
1978-06-28,105.0,,,,,,,,,
1978-06-29,114.0,,,,,,,,,
1978-06-30,77.0,,,,,,,,,
1978-07-01,143.0,,,,,,,,,
1978-07-02,109.0,,,,,,,,,
1978-07-03,70.0,,,,,,,,,
1978-07-04,54.0,,,,,,,,,
1978-07-05,41.0,,,,,,,,,
1978-07-06,39.0,,,,,,,,,
1978-07-07,38.0,,,,,,,,,
1978-07-08,35.0,,,,,,,,,
1978-07-09,35.0,,,,,,,,,
1978-07-10,35.0,,,,,,,,,
1978-07-11,46.0,,,,,,,,,
1978-07-12,99.0,,,,,,,,,
1978-07-13,81.0,,,,,,,,,
1978-07-14,83.0,,,,,,,,,
1978-07-15,60.0,,,,,,,,,
1978-07-16,58.0,,,,,,,,,
1978-07-17,43.0,,,,,,,,,
1978-07-18,34.0,,,,,,,,,
1978-07-19,33.0,,,,,,,,,
1978-07-20,34.0,,,,,,,,,
1978-07-21,38.0,,,,,,,,,
1978-07-22,38.0,,,,,,,,,
1978-07-23,42.0,,,,,,,,,
1978-07-24,42.0,,,,,,,,,
1978-07-25,41.0,,,,,,,,,
1978-07-26,38.0,,,,,,,,,
1978-07-27,27.0,,,,,,,,,
1978-07-28,27.0,,,,,,,,,
1978-07-29,25.0,,,,,,,,,
1978-07-30,43.0,,,,,,,,,
1978-07-31,38.0,,,,,,,,,
1978-08-01,31.0,,,,,,,,,
1978-08-02,32.0,,,,,,,,,
1978-08-03,68.0,,,,,,,,,
1978-08-04,66.0,,,,,,,,,
1978-08-05,39.0,,,,,,,,,
1978-08-06,36.0,,,,,,,,,
1978-08-07,47.0,,,,,,,,,
1978-08-08,45.0,,,,,,,,,
1978-08-09,39.0,,,,,,,,,
1978-08-10,47.0,,,,,,,,,
1978-08-11,54.0,,,,,,,,,
1978-08-12,56.0,,,,,,,,,
1978-08-13,39.0,,,,,,,,,
1978-08-14,32.0,,,,,,,,,
1978-08-15,35.0,,,,,,,,,
1978-08-16,35.0,,,,,,,,,
1978-08-17,57.0,,,,,,,,,
1978-08-18,42.0,,,,,,,,,
1978-08-19,41.0,,,,,,,,,
1978-08-20,37.0,,,,,,,,,
1978-08-21,42.0,,,,,,,,,
1978-08-22,41.0,,,,,,,,,
1978-08-23,38.0,,,,,,,,,
1978-08-24,33.0,,,,,,,,,
1978-08-25,26.0,,,,,,,,,
1978-08-26,23.0,,,,,,,,,
1978-08-27,25.0,,,,,,,,,
1978-08-28,23.0,,,,,,,,,
1978-08-29,27.0,,,,,,,,,
1978-08-30,38.0,,,,,,,,,
1978-08-31,51.0,,,,,,,,,
1978-09-01,25.0,,,,,,,,,
1978-09-02,23.0,,,,,,,,,
1978-09-03,25.0,,,,,,,,,
1978-09-04,25.0,,,,,,,,,
1978-09-05,29.0,,,,,,,,,
1978-09-06,28.0,,,,,,,,,
1978-09-07,26.0,,,,,,,,,
1978-09-08,28.0,,,,,,,,,
1978-09-09,74.0,,,,,,,,,
1978-09-10,64.0,,,,,,,,,
1978-09-11,46.0,,,,,,,,,
1978-09-12,43.0,,,,,,,,,
1978-09-13,43.0,,,,,,,,,
1978-09-14,41.0,,,,,,,,,
1978-09-15,48.0,,,,,,,,,
1978-09-16,69.0,,,,,,,,,
1978-09-17,59.0,,,,,,,,,
1978-09-18,53.0,,,,,,,,,
1978-09-19,48.0,,,,,,,,,
1978-09-20,81.0,,,,,,,,,
1978-09-21,84.0,,,,,,,,,
1978-09-22,58.0,,,,,,,,,
1978-09-23,48.0,,,,,,,,,
1978-09-24,43.0,,,,,,,,,
1978-09-25,40.0,,,,,,,,,
1978-09-26,41.0,,,,,,,,,
1978-09-27,39.0,,,,,,,,,
1978-09-28,53.0,,,,,,,,,
1978-09-29,197.0,,,,,,,,,
1978-09-30,158.0,,,,,,,,,
1978-10-01,89.0,,,,,,,,,
1978-10-02,64.0,,,,,,,,,
1978-10-03,57.0,,,,,,,,,
1978-10-04,56.0,,,,,,,,,
1978-10-05,61.0,,,,,,,,,
1978-10-06,60.0,,,,,,,,,
1978-10-07,59.0,,,,,,,,,
1978-10-08,52.0,,,,,,,,,
1978-10-09,54.0,,,,,,,,,
1978-10-10,100.0,,,,,,,,,
1978-10-11,67.0,,,,,,,,,
1978-10-12,56.0,,,,,,,,,
1978-10-13,49.0,,,,,,,,,
1978-10-14,48.0,,,,,,,,,
1978-10-15,51.0,,,,,,,,,
1978-10-16,49.0,,,,,,,,,
1978-10-17,49.0,,,,,,,,,
1978-10-18,49.0,,,,,,,,,
1978-10-19,50.0,,,,,,,,,
1978-10-20,54.0,,,,,,,,,
1978-10-21,50.0,,,,,,,,,
1978-10-22,42.0,,,,,,,,,
1978-10-23,39.0,,,,,,,,,
1978-10-24,39.0,,,,,,,,,
1978-10-25,39.0,,,,,,,,,
1978-10-26,48.0,,,,,,,,,
1978-10-27,66.0,,,,,,,,,
1978-10-28,67.0,,,,,,,,,
1978-10-29,54.0,,,,,,,,,
1978-10-30,48.0,,,,,,,,,
1978-10-31,45.0,,,,,,,,,
1978-11-01,44.0,,,,,,,,,
1978-11-02,44.0,,,,,,,,,
1978-11-03,44.0,,,,,,,,,
1978-11-04,43.0,,,,,,,,,
1978-11-05,43.0,,,,,,,,,
1978-11-06,41.0,,,,,,,,,
1978-11-07,38.0,,,,,,,,,
1978-11-08,36.0,,,,,,,,,
1978-11-09,37.0,,,,,,,,,
1978-11-10,40.0,,,,,,,,,
1978-11-11,36.0,,,,,,,,,
1978-11-12,47.0,,,,,,,,,
1978-11-13,91.0,,,,,,,,,
1978-11-14,61.0,,,,,,,,,
1978-11-15,49.0,,,,,,,,,
1978-11-16,46.0,,,,,,,,,
1978-11-17,45.0,,,,,,,,,
1978-11-18,45.0,,,,,,,,,
1978-11-19,44.0,,,,,,,,,
1978-11-20,40.0,,,,,,,,,
1978-11-21,43.0,,,,,,,,,
1978-11-22,41.0,,,,,,,,,
1978-11-23,38.0,,,,,,,,,
1978-11-24,37.0,,,,,,,,,
1978-11-25,37.0,,,,,,,,,
1978-11-26,36.0,,,,,,,,,
1978-11-27,36.0,,,,,,,,,
1978-11-28,37.0,,,,,,,,,
1978-11-29,38.0,,,,,,,,,
1978-11-30,39.0,,,,,,,,,
1978-12-01,39.0,,,,,,,,,
1978-12-02,42.0,,,,,,,,,
1978-12-03,42.0,,,,,,,,,
1978-12-04,49.0,,,,,,,,,
1978-12-05,57.0,,,,,,,,,
1978-12-06,42.0,,,,,,,,,
1978-12-07,39.0,,,,,,,,,
1978-12-08,38.0,,,,,,,,,
1978-12-09,38.0,,,,,,,,,
1978-12-10,37.0,,,,,,,,,
1978-12-11,44.0,,,,,,,,,
1978-12-12,43.0,,,,,,,,,
1978-12-13,41.0,,,,,,,,,
1978-12-14,39.0,,,,,,,,,
1978-12-15,40.0,,,,,,,,,
1978-12-16,40.0,,,,,,,,,
1978-12-17,42.0,,,,,,,,,
1978-12-18,43.0,,,,,,,,,
1978-12-19,41.0,,,,,,,,,
1978-12-20,38.0,,,,,,,,,
1978-12-21,36.0,,,,,,,,,
1978-12-22,36.0,,,,,,,,,
1978-12-23,37.0,,,,,,,,,
1978-12-24,39.0,,,,,,,,,
1978-12-25,41.0,,,,,,,,,
1978-12-26,36.0,,,,,,,,,
1978-12-27,36.0,,,,,,,,,
1978-12-28,36.0,,,,,,,,,
1978-12-29,36.0,,,,,,,,,
1978-12-30,39.0,,,,,,,,,
1978-12-31,39.0,,,,,,,,,
1979-01-01,41.0,,,,,,,,,
1979-01-02,42.0,,,,,,,,,
1979-01-03,41.0,,,,,,,,,
1979-01-04,39.0,,,,,,,,,
1979-01-05,39.0,,,,,,,,,
1979-01-06,39.0,,,,,,,,,
1979-01-07,39.0,,,,,,,,,
1979-01-08,36.0,,,,,,,,,
1979-01-09,32.0,,,,,,,,,
1979-01-10,33.0,,,,,,,,,
1979-01-11,34.0,,,,,,,,,
1979-01-12,34.0,,,,,,,,,
1979-01-13,37.0,,,,,,,,,
1979-01-14,36.0,,,,,,,,,
1979-01-15,35.0,,,,,,,,,
1979-01-16,36.0,,,,,,,,,
1979-01-17,36.0,,,,,,,,,
1979-01-18,36.0,,,,,,,,,
1979-01-19,37.0,,,,,,,,,
1979-01-20,34.0,,,,,,,,,
1979-01-21,32.0,,,,,,,,,
1979-01-22,31.0,,,,,,,,,
1979-01-23,31.0,,,,,,,,,
1979-01-24,32.0,,,,,,,,,
1979-01-25,32.0,,,,,,,,,
1979-01-26,32.0,,,,,,,,,
1979-01-27,34.0,,,,,,,,,
1979-01-28,36.0,,,,,,,,,
1979-01-29,43.0,,,,,,,,,
1979-01-30,61.0,,,,,,,,,
1979-01-31,59.0,,,,,,,,,
1979-02-01,60.0,,,,,,,,,
1979-02-02,52.0,,,,,,,,,
1979-02-03,44.0,,,,,,,,,
1979-02-04,39.0,,,,,,,,,
1979-02-05,39.0,,,,,,,,,
1979-02-06,47.0,,,,,,,,,
1979-02-07,51.0,,,,,,,,,
1979-02-08,44.0,,,,,,,,,
1979-02-09,44.0,,,,,,,,,
1979-02-10,42.0,,,,,,,,,
1979-02-11,51.0,,,,,,,,,
1979-02-12,48.0,,,,,,,,,
1979-02-13,47.0,,,,,,,,,
1979-02-14,53.0,,,,,,,,,
1979-02-15,57.0,,,,,,,,,
1979-02-16,57.0,,,,,,,,,
1979-02-17,57.0,,,,,,,,,
1979-02-18,53.0,,,,,,,,,
1979-02-19,49.0,,,,,,,,,
1979-02-20,48.0,,,,,,,,,
1979-02-21,49.0,,,,,,,,,
1979-02-22,50.0,,,,,,,,,
1979-02-23,273.0,,,,,,,,,
1979-02-24,158.0,,,,,,,,,
1979-02-25,106.0,,,,,,,,,
1979-02-26,92.0,,,,,,,,,
1979-02-27,92.0,,,,,,,,,
1979-02-28,84.0,,,,,,,,,
1979-03-01,91.0,,,,,,,,,
1979-03-02,90.0,,,,,,,,,
1979-03-03,85.0,,,,,,,,,
1979-03-04,78.0,,,,,,,,,
1979-03-05,74.0,,,,,,,,,
1979-03-06,73.0,,,,,,,,,
1979-03-07,73.0,,,,,,,,,
1979-03-08,69.0,,,,,,,,,
1979-03-09,65.0,,,,,,,,,
1979-03-10,83.0,,,,,,,,,
1979-03-11,76.0,,,,,,,,,
1979-03-12,65.0,,,,,,,,,
1979-03-13,67.0,,,,,,,,,
1979-03-14,66.0,,,,,,,,,
1979-03-15,80.0,,,,,,,,,
1979-03-16,73.0,,,,,,,,,
1979-03-17,72.0,,,,,,,,,
1979-03-18,64.0,,,,,,,,,
1979-03-19,54.0,,,,,,,,,
1979-03-20,74.0,,,,,,,,,
1979-03-21,92.0,,,,,,,,,
1979-03-22,83.0,,,,,,,,,
1979-03-23,73.0,,,,,,,,,
1979-03-24,77.0,,,,,,,,,
1979-03-25,70.0,,,,,,,,,
1979-03-26,64.0,,,,,,,,,
1979-03-27,63.0,,,,,,,,,
1979-03-28,60.0,,,,,,,,,
1979-03-29,67.0,,,,,,,,,
1979-03-30,209.0,,,,,,,,,
1979-03-31,149.0,,,,,,,,,
1979-04-01,115.0,,,,,,,,,
1979-04-02,270.0,,,,,,,,,
1979-04-03,164.0,,,,,,,,,
1979-04-04,135.0,,,,,,,,,
1979-04-05,128.0,,,,,,,,,
1979-04-06,110.0,,,,,,,,,
1979-04-07,105.0,,,,,,,,,
1979-04-08,130.0,,,,,,,,,
1979-04-09,122.0,,,,,,,,,
1979-04-10,104.0,,,,,,,,,
1979-04-11,102.0,,,,,,,,,
1979-04-12,100.0,,,,,,,,,
1979-04-13,98.0,,,,,,,,,
1979-04-14,99.0,,,,,,,,,
1979-04-15,92.0,,,,,,,,,
1979-04-16,91.0,,,,,,,,,
1979-04-17,90.0,,,,,,,,,
1979-04-18,84.0,,,,,,,,,
1979-04-19,79.0,,,,,,,,,
1979-04-20,75.0,,,,,,,,,
1979-04-21,68.0,,,,,,,,,
1979-04-22,64.0,,,,,,,,,
1979-04-23,63.0,,,,,,,,,
1979-04-24,63.0,,,,,,,,,
1979-04-25,76.0,,,,,,,,,
1979-04-26,64.0,,,,,,,,,
1979-04-27,66.0,,,,,,,,,
1979-04-28,60.0,,,,,,,,,
1979-04-29,57.0,,,,,,,,,
1979-04-30,85.0,,,,,,,,,
1979-05-01,67.0,,,,,,,,,
1979-05-02,59.0,,,,,,,,,
1979-05-03,55.0,,,,,,,,,
1979-05-04,53.0,,,,,,,,,
1979-05-05,51.0,,,,,,,,,
1979-05-06,49.0,,,,,,,,,
1979-05-07,54.0,,,,,,,,,
1979-05-08,89.0,,,,,,,,,
1979-05-09,63.0,,,,,,,,,
1979-05-10,57.0,,,,,,,,,
1979-05-11,54.0,,,,,,,,,
1979-05-12,55.0,,,,,,,,,
1979-05-13,62.0,,,,,,,,,
1979-05-14,125.0,,,,,,,,,
1979-05-15,93.0,,,,,,,,,
1979-05-16,58.0,,,,,,,,,
1979-05-17,56.0,,,,,,,,,
1979-05-18,54.0,,,,,,,,,
1979-05-19,76.0,,,,,,,,,
1979-05-20,83.0,,,,,,,,,
1979-05-21,70.0,,,,,,,,,
1979-05-22,66.0,,,,,,,,,
1979-05-23,59.0,,,,,,,,,
1979-05-24,51.0,,,,,,,,,
1979-05-25,48.0,,,,,,,,,
1979-05-26,51.0,,,,,,,,,
1979-05-27,47.0,,,,,,,,,
1979-05-28,47.0,,,,,,,,,
1979-05-29,48.0,,,,,,,,,
1979-05-30,45.0,,,,,,,,,
1979-05-31,40.0,,,,,,,,,
1979-06-01,36.0,,,,,,,,,
1979-06-02,34.0,,,,,,,,,
1979-06-03,31.0,,,,,,,,,
1979-06-04,31.0,,,,,,,,,
1979-06-05,30.0,,,,,,,,,
1979-06-06,34.0,,,,,,,,,
1979-06-07,41.0,,,,,,,,,
1979-06-08,53.0,,,,,,,,,
1979-06-09,52.0,,,,,,,,,
1979-06-10,46.0,,,,,,,,,
1979-06-11,41.0,,,,,,,,,
1979-06-12,48.0,,,,,,,,,
1979-06-13,42.0,,,,,,,,,
1979-06-14,35.0,,,,,,,,,
1979-06-15,28.0,,,,,,,,,
1979-06-16,38.0,,,,,,,,,
1979-06-17,27.0,,,,,,,,,
1979-06-18,74.0,,,,,,,,,
1979-06-19,47.0,,,,,,,,,
1979-06-20,45.0,,,,,,,,,
1979-06-21,386.0,,,,,,,,,
1979-06-22,358.0,,,,,,,,,
1979-06-23,181.0,,,,,,,,,
1979-06-24,83.0,,,,,,,,,
1979-06-25,100.0,,,,,,,,,
1979-06-26,164.0,,,,,,,,,
1979-06-27,2154.0,,,,,,,,,
1979-06-28,1386.0,,,,,,,,,
1979-06-29,2946.0,,,,,,,,,
1979-06-30,2996.0,,,,,,,,,
1979-07-01,1524.0,,,,,,,,,
1979-07-02,900.0,,,,,,,,,
1979-07-03,570.0,,,,,,,,,
1979-07-04,500.0,,,,,,,,,
1979-07-05,350.0,,,,,,,,,
1979-07-06,259.0,,,,,,,,,
1979-07-07,206.0,,,,,,,,,
1979-07-08,206.0,,,,,,,,,
1979-07-09,191.0,,,,,,,,,
1979-07-10,172.0,,,,,,,,,
1979-07-11,175.0,,,,,,,,,
1979-07-12,154.0,,,,,,,,,
1979-07-13,132.0,,,,,,,,,
1979-07-14,125.0,,,,,,,,,
1979-07-15,171.0,,,,,,,,,
1979-07-16,153.0,,,,,,,,,
1979-07-17,542.0,,,,,,,,,
1979-07-18,443.0,,,,,,,,,
1979-07-19,228.0,,,,,,,,,
1979-07-20,176.0,,,,,,,,,
1979-07-21,166.0,,,,,,,,,
1979-07-22,211.0,,,,,,,,,
1979-07-23,86.0,,,,,,,,,
1979-07-24,76.0,,,,,,,,,
1979-07-25,67.0,,,,,,,,,
1979-07-26,64.0,,,,,,,,,
1979-07-27,70.0,,,,,,,,,
1979-07-28,85.0,,,,,,,,,
1979-07-29,98.0,,,,,,,,,
1979-07-30,70.0,,,,,,,,,
1979-07-31,59.0,,,,,,,,,
1979-08-01,53.0,,,,,,,,,
1979-08-02,53.0,,,,,,,,,
1979-08-03,47.0,,,,,,,,,
1979-08-04,38.0,,,,,,,,,
1979-08-05,36.0,,,,,,,,,
1979-08-06,415.0,,,,,,,,,
1979-08-07,268.0,,,,,,,,,
1979-08-08,102.0,,,,,,,,,
1979-08-09,81.0,,,,,,,,,
1979-08-10,70.0,,,,,,,,,
1979-08-11,62.0,,,,,,,,,
1979-08-12,55.0,,,,,,,,,
1979-08-13,52.0,,,,,,,,,
1979-08-14,45.0,,,,,,,,,
1979-08-15,47.0,,,,,,,,,
1979-08-16,51.0,,,,,,,,,
1979-08-17,44.0,,,,,,,,,
1979-08-18,54.0,,,,,,,,,
1979-08-19,54.0,,,,,,,,,
1979-08-20,50.0,,,,,,,,,
1979-08-21,88.0,,,,,,,,,
1979-08-22,61.0,,,,,,,,,
1979-08-23,61.0,,,,,,,,,
1979-08-24,59.0,,,,,,,,,
1979-08-25,56.0,,,,,,,,,
1979-08-26,61.0,,,,,,,,,
1979-08-27,251.0,,,,,,,,,
1979-08-28,183.0,,,,,,,,,
1979-08-29,128.0,,,,,,,,,
1979-08-30,113.0,,,,,,,,,
1979-08-31,110.0,,,,,,,,,
1979-09-01,131.0,,,,,,,,,
1979-09-02,113.0,,,,,,,,,
1979-09-03,127.0,,,,,,,,,
1979-09-04,516.0,,,,,,,,,
1979-09-05,260.0,,,,,,,,,
1979-09-06,162.0,,,,,,,,,
1979-09-07,187.0,,,,,,,,,
1979-09-08,110.0,,,,,,,,,
1979-09-09,87.0,,,,,,,,,
1979-09-10,71.0,,,,,,,,,
1979-09-11,63.0,,,,,,,,,
1979-09-12,55.0,,,,,,,,,
1979-09-13,53.0,,,,,,,,,
1979-09-14,53.0,,,,,,,,,
1979-09-15,253.0,,,,,,,,,
1979-09-16,229.0,,,,,,,,,
1979-09-17,146.0,,,,,,,,,
1979-09-18,81.0,,,,,,,,,
1979-09-19,70.0,,,,,,,,,
1979-09-20,61.0,,,,,,,,,
1979-09-21,60.0,,,,,,,,,
1979-09-22,62.0,,,,,,,,,
1979-09-23,56.0,,,,,,,,,
1979-09-24,56.0,,,,,,,,,
1979-09-25,53.0,,,,,,,,,
1979-09-26,54.0,,,,,,,,,
1979-09-27,53.0,,,,,,,,,
1979-09-28,53.0,,,,,,,,,
1979-09-29,53.0,,,,,,,,,
1979-09-30,59.0,,,,,,,,,
1979-10-01,81.0,,,,,,,,,
1979-10-02,74.0,,,,,,,,,
1979-10-03,60.0,,,,,,,,,
1979-10-04,57.0,,,,,,,,,
1979-10-05,57.0,,,,,,,,,
1979-10-06,58.0,,,,,,,,,
1979-10-07,58.0,,,,,,,,,
1979-10-08,58.0,,,,,,,,,
1979-10-09,70.0,,,,,,,,,
1979-10-10,61.0,,,,,,,,,
1979-10-11,57.0,,,,,,,,,
1979-10-12,54.0,,,,,,,,,
1979-10-13,55.0,,,,,,,,,
1979-10-14,54.0,,,,,,,,,
1979-10-15,53.0,,,,,,,,,
1979-10-16,52.0,,,,,,,,,
1979-10-17,50.0,,,,,,,,,
1979-10-18,73.0,,,,,,,,,
1979-10-19,444.0,,,,,,,,,
1979-10-20,188.0,,,,,,,,,
1979-10-21,118.0,,,,,,,,,
1979-10-22,87.0,,,,,,,,,
1979-10-23,72.0,,,,,,,,,
1979-10-24,67.0,,,,,,,,,
1979-10-25,65.0,,,,,,,,,
1979-10-26,65.0,,,,,,,,,
1979-10-27,63.0,,,,,,,,,
1979-10-28,64.0,,,,,,,,,
1979-10-29,58.0,,,,,,,,,
1979-10-30,56.0,,,,,,,,,
1979-10-31,52.0,,,,,,,,,
1979-11-01,50.0,,,,,,,,,
1979-11-02,49.0,,,,,,,,,
1979-11-03,47.0,,,,,,,,,
1979-11-04,49.0,,,,,,,,,
1979-11-05,58.0,,,,,,,,,
1979-11-06,55.0,,,,,,,,,
1979-11-07,51.0,,,,,,,,,
1979-11-08,48.0,,,,,,,,,
1979-11-09,45.0,,,,,,,,,
1979-11-10,53.0,,,,,,,,,
1979-11-11,78.0,,,,,,,,,
1979-11-12,64.0,,,,,,,,,
1979-11-13,55.0,,,,,,,,,
1979-11-14,52.0,,,,,,,,,
1979-11-15,50.0,,,,,,,,,
1979-11-16,50.0,,,,,,,,,
1979-11-17,52.0,,,,,,,,,
1979-11-18,77.0,,,,,,,,,
1979-11-19,77.0,,,,,,,,,
1979-11-20,63.0,,,,,,,,,
1979-11-21,58.0,,,,,,,,,
1979-11-22,55.0,,,,,,,,,
1979-11-23,89.0,,,,,,,,,
1979-11-24,83.0,,,,,,,,,
1979-11-25,71.0,,,,,,,,,
1979-11-26,71.0,,,,,,,,,
1979-11-27,70.0,,,,,,,,,
1979-11-28,68.0,,,,,,,,,
1979-11-29,68.0,,,,,,,,,
1979-11-30,68.0,,,,,,,,,
1979-12-01,65.0,,,,,,,,,
1979-12-02,62.0,,,,,,,,,
1979-12-03,56.0,,,,,,,,,
1979-12-04,67.0,,,,,,,,,
1979-12-05,72.0,,,,,,,,,
1979-12-06,85.0,,,,,,,,,
1979-12-07,93.0,,,,,,,,,
1979-12-08,102.0,,,,,,,,,
1979-12-09,91.0,,,,,,,,,
1979-12-10,93.0,,,,,,,,,
1979-12-11,96.0,,,,,,,,,
1979-12-12,89.0,,,,,,,,,
1979-12-13,93.0,,,,,,,,,
1979-12-14,88.0,,,,,,,,,
1979-12-15,91.0,,,,,,,,,
1979-12-16,78.0,,,,,,,,,
1979-12-17,84.0,,,,,,,,,
1979-12-18,84.0,,,,,,,,,
1979-12-19,93.0,,,,,,,,,
1979-12-20,96.0,,,,,,,,,
1979-12-21,140.0,,,,,,,,,
1979-12-22,189.0,,,,,,,,,
1979-12-23,87.0,,,,,,,,,
1979-12-24,77.0,,,,,,,,,
1979-12-25,82.0,,,,,,,,,
1979-12-26,74.0,,,,,,,,,
1979-12-27,70.0,,,,,,,,,
1979-12-28,73.0,,,,,,,,,
1979-12-29,60.0,,,,,,,,,
1979-12-30,57.0,,,,,,,,,
1979-12-31,50.0,,,,,,,,,
1980-01-01,50.0,,,,,,,,,
1980-01-02,51.0,,,,,,,,,
1980-01-03,62.0,,,,,,,,,
1980-01-04,77.0,,,,,,,,,
1980-01-05,80.0,,,,,,,,,
1980-01-06,75.0,,,,,,,,,
1980-01-07,84.0,,,,,,,,,
1980-01-08,77.0,,,,,,,,,
1980-01-09,73.0,,,,,,,,,
1980-01-10,75.0,,,,,,,,,
1980-01-11,76.0,,,,,,,,,
1980-01-12,73.0,,,,,,,,,
1980-01-13,80.0,,,,,,,,,
1980-01-14,81.0,,,,,,,,,
1980-01-15,73.0,,,,,,,,,
1980-01-16,71.0,,,,,,,,,
1980-01-17,72.0,,,,,,,,,
1980-01-18,61.0,,,,,,,,,
1980-01-19,61.0,,,,,,,,,
1980-01-20,60.0,,,,,,,,,
1980-01-21,60.0,,,,,,,,,
1980-01-22,61.0,,,,,,,,,
1980-01-23,61.0,,,,,,,,,
1980-01-24,57.0,,,,,,,,,
1980-01-25,50.0,,,,,,,,,
1980-01-26,52.0,,,,,,,,,
1980-01-27,54.0,,,,,,,,,
1980-01-28,54.0,,,,,,,,,
1980-01-29,60.0,,,,,,,,,
1980-01-30,61.0,,,,,,,,,
1980-01-31,56.0,,,,,,,,,
1980-02-01,60.0,,,,,,,,,
1980-02-02,57.0,,,,,,,,,
1980-02-03,56.0,,,,,,,,,
1980-02-04,55.0,,,,,,,,,
1980-02-05,54.0,,,,,,,,,
1980-02-06,50.0,,,,,,,,,
1980-02-07,51.0,,,,,,,,,
1980-02-08,52.0,,,,,,,,,
1980-02-09,46.0,,,,,,,,,
1980-02-10,46.0,,,,,,,,,
1980-02-11,48.0,,,,,,,,,
1980-02-12,49.0,,,,,,,,,
1980-02-13,46.0,,,,,,,,,
1980-02-14,46.0,,,,,,,,,
1980-02-15,46.0,,,,,,,,,
1980-02-16,48.0,,,,,,,,,
1980-02-17,47.0,,,,,,,,,
1980-02-18,48.0,,,,,,,,,
1980-02-19,52.0,,,,,,,,,
1980-02-20,54.0,,,,,,,,,
1980-02-21,50.0,,,,,,,,,
1980-02-22,47.0,,,,,,,,,
1980-02-23,47.0,,,,,,,,,
1980-02-24,46.0,,,,,,,,,
1980-02-25,46.0,,,,,,,,,
1980-02-26,50.0,,,,,,,,,
1980-02-27,49.0,,,,,,,,,
1980-02-28,49.0,,,,,,,,,
1980-02-29,45.0,,,,,,,,,
1980-03-01,65.0,,,,,,,,,
1980-03-02,63.0,,,,,,,,,
1980-03-03,54.0,,,,,,,,,
1980-03-04,53.0,,,,,,,,,
1980-03-05,50.0,,,,,,,,,
1980-03-06,49.0,,,,,,,,,
1980-03-07,61.0,,,,,,,,,
1980-03-08,71.0,,,,,,,,,
1980-03-09,95.0,,,,,,,,,
1980-03-10,94.0,,,,,,,,,
1980-03-11,93.0,,,,,,,,,
1980-03-12,84.0,,,,,,,,,
1980-03-13,73.0,,,,,,,,,
1980-03-14,79.0,,,,,,,,,
1980-03-15,73.0,,,,,,,,,
1980-03-16,71.0,,,,,,,,,
1980-03-17,65.0,,,,,,,,,
1980-03-18,66.0,,,,,,,,,
1980-03-19,59.0,,,,,,,,,
1980-03-20,62.0,,,,,,,,,
1980-03-21,61.0,,,,,,,,,
1980-03-22,142.0,,,,,,,,,
1980-03-23,175.0,,,,,,,,,
1980-03-24,118.0,,,,,,,,,
1980-03-25,80.0,,,,,,,,,
1980-03-26,75.0,,,,,,,,,
1980-03-27,75.0,,,,,,,,,
1980-03-28,77.0,,,,,,,,,
1980-03-29,98.0,,,,,,,,,
1980-03-30,108.0,,,,,,,,,
1980-03-31,89.0,,,,,,,,,
1980-04-01,129.0,,,,,,,,,
1980-04-02,114.0,,,,,,,,,
1980-04-03,98.0,,,,,,,,,
1980-04-04,90.0,,,,,,,,,
1980-04-05,88.0,,,,,,,,,
1980-04-06,90.0,,,,,,,,,
1980-04-07,234.0,,,,,,,,,
1980-04-08,170.0,,,,,,,,,
1980-04-09,143.0,,,,,,,,,
1980-04-10,119.0,,,,,,,,,
1980-04-11,115.0,,,,,,,,,
1980-04-12,133.0,,,,,,,,,
1980-04-13,187.0,,,,,,,,,
1980-04-14,173.0,,,,,,,,,
1980-04-15,158.0,,,,,,,,,
1980-04-16,152.0,,,,,,,,,
1980-04-17,141.0,,,,,,,,,
1980-04-18,128.0,,,,,,,,,
1980-04-19,122.0,,,,,,,,,
1980-04-20,130.0,,,,,,,,,
1980-04-21,119.0,,,,,,,,,
1980-04-22,108.0,,,,,,,,,
1980-04-23,105.0,,,,,,,,,
1980-04-24,103.0,,,,,,,,,
1980-04-25,99.0,,,,,,,,,
1980-04-26,81.0,,,,,,,,,
1980-04-27,89.0,,,,,,,,,
1980-04-28,82.0,,,,,,,,,
1980-04-29,73.0,,,,,,,,,
1980-04-30,68.0,,,,,,,,,
1980-05-01,63.0,,,,,,,,,
1980-05-02,59.0,,,,,,,,,
1980-05-03,55.0,,,,,,,,,
1980-05-04,53.0,,,,,,,,,
1980-05-05,52.0,,,,,,,,,
1980-05-06,47.0,,,,,,,,,
1980-05-07,44.0,,,,,,,,,
1980-05-08,50.0,,,,,,,,,
1980-05-09,122.0,,,,,,,,,
1980-05-10,89.0,,,,,,,,,
1980-05-11,72.0,,,,,,,,,
1980-05-12,76.0,,,,,,,,,
1980-05-13,146.0,,,,,,,,,
1980-05-14,90.0,,,,,,,,,
1980-05-15,186.0,,,,,,,,,
1980-05-16,219.0,,,,,,,,,
1980-05-17,155.0,,,,,,,,,
1980-05-18,143.0,,,,,,,,,
1980-05-19,128.0,,,,,,,,,
1980-05-20,132.0,,,,,,,,,
1980-05-21,580.0,,,,,,,,,
1980-05-22,323.0,,,,,,,,,
1980-05-23,206.0,,,,,,,,,
1980-05-24,182.0,,,,,,,,,
1980-05-25,185.0,,,,,,,,,
1980-05-26,204.0,,,,,,,,,
1980-05-27,177.0,,,,,,,,,
1980-05-28,151.0,,,,,,,,,
1980-05-29,127.0,,,,,,,,,
1980-05-30,126.0,,,,,,,,,
1980-05-31,129.0,,,,,,,,,
1980-06-01,122.0,,,,,,,,,
1980-06-02,119.0,,,,,,,,,
1980-06-03,136.0,,,,,,,,,
1980-06-04,103.0,,,,,,,,,
1980-06-05,95.0,,,,,,,,,
1980-06-06,77.0,,,,,,,,,
1980-06-07,72.0,,,,,,,,,
1980-06-08,68.0,,,,,,,,,
1980-06-09,96.0,,,,,,,,,
1980-06-10,92.0,,,,,,,,,
1980-06-11,93.0,,,,,,,,,
1980-06-12,78.0,,,,,,,,,
1980-06-13,62.0,,,,,,,,,
1980-06-14,67.0,,,,,,,,,
1980-06-15,137.0,,,,,,,,,
1980-06-16,63.0,,,,,,,,,
1980-06-17,51.0,,,,,,,,,
1980-06-18,818.0,,,,,,,,,
1980-06-19,342.0,,,,,,,,,
1980-06-20,348.0,,,,,,,,,
1980-06-21,359.0,,,,,,,,,
1980-06-22,253.0,,,,,,,,,
1980-06-23,256.0,,,,,,,,,
1980-06-24,225.0,,,,,,,,,
1980-06-25,223.0,,,,,,,,,
1980-06-26,211.0,,,,,,,,,
1980-06-27,198.0,,,,,,,,,
1980-06-28,156.0,,,,,,,,,
1980-06-29,148.0,,,,,,,,,
1980-06-30,115.0,,,,,,,,,
1980-07-01,660.0,,,,,,,,,
1980-07-02,2437.0,,,,,,,,,
1980-07-03,1004.0,,,,,,,,,
1980-07-04,352.0,,,,,,,,,
1980-07-05,250.0,,,,,,,,,
1980-07-06,341.0,,,,,,,,,
1980-07-07,945.0,,,,,,,,,
1980-07-08,791.0,,,,,,,,,
1980-07-09,2339.0,,,,,,,,,
1980-07-10,950.0,,,,,,,,,
1980-07-11,1255.0,,,,,,,,,
1980-07-12,949.0,,,,,,,,,
1980-07-13,784.0,,,,,,,,,
1980-07-14,662.0,,,,,,,,,
1980-07-15,329.0,,,,,,,,,
1980-07-16,135.0,,,,,,,,,
1980-07-17,129.0,,,,,,,,,
1980-07-18,145.0,,,,,,,,,
1980-07-19,193.0,,,,,,,,,
1980-07-20,165.0,,,,,,,,,
1980-07-21,135.0,,,,,,,,,
1980-07-22,120.0,,,,,,,,,
1980-07-23,136.0,,,,,,,,,
1980-07-24,433.0,,,,,,,,,
1980-07-25,181.0,,,,,,,,,
1980-07-26,487.0,,,,,,,,,
1980-07-27,529.0,,,,,,,,,
1980-07-28,432.0,,,,,,,,,
1980-07-29,873.0,,,,,,,,,
1980-07-30,1858.0,,,,,,,,,
1980-07-31,1279.0,,,,,,,,,
1980-08-01,527.0,,,,,,,,,
1980-08-02,329.0,,,,,,,,,
1980-08-03,266.0,,,,,,,,,
1980-08-04,238.0,,,,,,,,,
1980-08-05,227.0,,,,,,,,,
1980-08-06,190.0,,,,,,,,,
1980-08-07,163.0,,,,,,,,,
1980-08-08,171.0,,,,,,,,,
1980-08-09,189.0,,,,,,,,,
1980-08-10,172.0,,,,,,,,,
1980-08-11,177.0,,,,,,,,,
1980-08-12,168.0,,,,,,,,,
1980-08-13,148.0,,,,,,,,,
1980-08-14,165.0,,,,,,,,,
1980-08-15,148.0,,,,,,,,,
1980-08-16,144.0,,,,,,,,,
1980-08-17,144.0,,,,,,,,,
1980-08-18,513.0,,,,,,,,,
1980-08-19,430.0,,,,,,,,,
1980-08-20,496.0,,,,,,,,,
1980-08-21,504.0,,,,,,,,,
1980-08-22,589.0,,,,,,,,,
1980-08-23,878.0,,,,,,,,,
1980-08-24,423.0,,,,,,,,,
1980-08-25,282.0,,,,,,,,,
1980-08-26,403.0,,,,,,,,,
1980-08-27,1036.0,,,,,,,,,
1980-08-28,572.0,,,,,,,,,
1980-08-29,2167.0,,,,,,,,,
1980-08-30,3462.0,,,,,,,,,
1980-08-31,2535.0,,,,,,,,,
1980-09-01,1172.0,,,,,,,,,
1980-09-02,554.0,,,,,,,,,
1980-09-03,334.0,,,,,,,,,
1980-09-04,281.0,,,,,,,,,
1980-09-05,325.0,,,,,,,,,
1980-09-06,441.0,,,,,,,,,
1980-09-07,316.0,,,,,,,,,
1980-09-08,253.0,,,,,,,,,
1980-09-09,220.0,,,,,,,,,
1980-09-10,401.0,,,,,,,,,
1980-09-11,953.0,,,,,,,,,
1980-09-12,861.0,,,,,,,,,
1980-09-13,342.0,,,,,,,,,
1980-09-14,265.0,,,,,,,,,
1980-09-15,232.0,,,,,,,,,
1980-09-16,213.0,,,,,,,,,
1980-09-17,198.0,,,,,,,,,
1980-09-18,191.0,,,,,,,,,
1980-09-19,232.0,,,,,,,,,
1980-09-20,254.0,,,,,,,,,
1980-09-21,194.0,,,,,,,,,
1980-09-22,186.0,,,,,,,,,
1980-09-23,184.0,,,,,,,,,
1980-09-24,199.0,,,,,,,,,
1980-09-25,212.0,,,,,,,,,
1980-09-26,202.0,,,,,,,,,
1980-09-27,184.0,,,,,,,,,
1980-09-28,156.0,,,,,,,,,
1980-09-29,131.0,,,,,,,,,
1980-09-30,108.0,,,,,,,,,
1980-10-01,101.0,,,,,,,,,
1980-10-02,88.0,,,,,,,,,
1980-10-03,86.0,,,,,,,,,
1980-10-04,84.0,,,,,,,,,
1980-10-05,85.0,,,,,,,,,
1980-10-06,89.0,,,,,,,,,
1980-10-07,100.0,,,,,,,,,
1980-10-08,99.0,,,,,,,,,
1980-10-09,89.0,,,,,,,,,
1980-10-10,91.0,,,,,,,,,
1980-10-11,106.0,,,,,,,,,
1980-10-12,104.0,,,,,,,,,
1980-10-13,113.0,,,,,,,,,
1980-10-14,347.0,,,,,,,,,
1980-10-15,224.0,,,,,,,,,
1980-10-16,160.0,,,,,,,,,
1980-10-17,137.0,,,,,,,,,
1980-10-18,144.0,,,,,,,,,
1980-10-19,249.0,,,,,,,,,
1980-10-20,183.0,,,,,,,,,
1980-10-21,172.0,,,,,,,,,
1980-10-22,146.0,,,,,,,,,
1980-10-23,137.0,,,,,,,,,
1980-10-24,158.0,,,,,,,,,
1980-10-25,191.0,,,,,,,,,
1980-10-26,148.0,,,,,,,,,
1980-10-27,111.0,,,,,,,,,
1980-10-28,101.0,,,,,,,,,
1980-10-29,93.0,,,,,,,,,
1980-10-30,89.0,,,,,,,,,
1980-10-31,85.0,,,,,,,,,
1980-11-01,82.0,,,,,,,,,
1980-11-02,80.0,,,,,,,,,
1980-11-03,78.0,,,,,,,,,
1980-11-04,76.0,,,,,,,,,
1980-11-05,76.0,,,,,,,,,
1980-11-06,73.0,,,,,,,,,
1980-11-07,72.0,,,,,,,,,
1980-11-08,72.0,,,,,,,,,
1980-11-09,69.0,,,,,,,,,
1980-11-10,70.0,,,,,,,,,
1980-11-11,68.0,,,,,,,,,
1980-11-12,67.0,,,,,,,,,
1980-11-13,65.0,,,,,,,,,
1980-11-14,63.0,,,,,,,,,
1980-11-15,62.0,,,,,,,,,
1980-11-16,63.0,,,,,,,,,
1980-11-17,63.0,,,,,,,,,
1980-11-18,60.0,,,,,,,,,
1980-11-19,60.0,,,,,,,,,
1980-11-20,59.0,,,,,,,,,
1980-11-21,105.0,,,,,,,,,
1980-11-22,140.0,,,,,,,,,
1980-11-23,77.0,,,,,,,,,
1980-11-24,71.0,,,,,,,,,
1980-11-25,70.0,,,,,,,,,
1980-11-26,65.0,,,,,,,,,
1980-11-27,60.0,,,,,,,,,
1980-11-28,70.0,,,,,,,,,
1980-11-29,79.0,,,,,,,,,
1980-11-30,65.0,,,,,,,,,
1980-12-01,62.0,,,,,,,,,
1980-12-02,86.0,,,,,,,,,
1980-12-03,102.0,,,,,,,,,
1980-12-04,86.0,,,,,,,,,
1980-12-05,78.0,,,,,,,,,
1980-12-06,78.0,,,,,,,,,
1980-12-07,72.0,,,,,,,,,
1980-12-08,70.0,,,,,,,,,
1980-12-09,72.0,,,,,,,,,
1980-12-10,77.0,,,,,,,,,
1980-12-11,77.0,,,,,,,,,
1980-12-12,76.0,,,,,,,,,
1980-12-13,80.0,,,,,,,,,
1980-12-14,80.0,,,,,,,,,
1980-12-15,75.0,,,,,,,,,
1980-12-16,71.0,,,,,,,,,
1980-12-17,71.0,,,,,,,,,
1980-12-18,67.0,,,,,,,,,
1980-12-19,65.0,,,,,,,,,
1980-12-20,64.0,,,,,,,,,
1980-12-21,63.0,,,,,,,,,
1980-12-22,62.0,,,,,,,,,
1980-12-23,66.0,,,,,,,,,
1980-12-24,65.0,,,,,,,,,
1980-12-25,74.0,,,,,,,,,
1980-12-26,62.0,,,,,,,,,
1980-12-27,60.0,,,,,,,,,
1980-12-28,56.0,,,,,,,,,
1980-12-29,59.0,,,,,,,,,
1980-12-30,52.0,,,,,,,,,
1980-12-31,53.0,,,,,,,,,
1981-01-01,53.0,,,,,,,,,
1981-01-02,54.0,,,,,,,,,
1981-01-03,55.0,,,,,,,,,
1981-01-04,54.0,,,,,,,,,
1981-01-05,53.0,,,,,,,,,
1981-01-06,52.0,,,,,,,,,
1981-01-07,52.0,,,,,,,,,
1981-01-08,56.0,,,,,,,,,
1981-01-09,57.0,,,,,,,,,
1981-01-10,56.0,,,,,,,,,
1981-01-11,55.0,,,,,,,,,
1981-01-12,57.0,,,,,,,,,
1981-01-13,57.0,,,,,,,,,
1981-01-14,57.0,,,,,,,,,
1981-01-15,57.0,,,,,,,,,
1981-01-16,63.0,,,,,,,,,
1981-01-17,61.0,,,,,,,,,
1981-01-18,58.0,,,,,,,,,
1981-01-19,56.0,,,,,,,,,
1981-01-20,57.0,,,,,,,,,
1981-01-21,52.0,,,,,,,,,
1981-01-22,50.0,,,,,,,,,
1981-01-23,52.0,,,,,,,,,
1981-01-24,60.0,,,,,,,,,
1981-01-25,88.0,,,,,,,,,
1981-01-26,75.0,,,,,,,,,
1981-01-27,67.0,,,,,,,,,
1981-01-28,62.0,,,,,,,,,
1981-01-29,61.0,,,,,,,,,
1981-01-30,57.0,,,,,,,,,
1981-01-31,60.0,,,,,,,,,
1981-02-01,69.0,,,,,,,,,
1981-02-02,66.0,,,,,,,,,
1981-02-03,61.0,,,,,,,,,
1981-02-04,58.0,,,,,,,,,
1981-02-05,60.0,,,,,,,,,
1981-02-06,59.0,,,,,,,,,
1981-02-07,59.0,,,,,,,,,
1981-02-08,60.0,,,,,,,,,
1981-02-09,60.0,,,,,,,,,
1981-02-10,56.0,,,,,,,,,
1981-02-11,53.0,,,,,,,,,
1981-02-12,53.0,,,,,,,,,
1981-02-13,67.0,,,,,,,,,
1981-02-14,210.0,,,,,,,,,
1981-02-15,113.0,,,,,,,,,
1981-02-16,102.0,,,,,,,,,
1981-02-17,336.0,,,,,,,,,
1981-02-18,162.0,,,,,,,,,
1981-02-19,127.0,,,,,,,,,
1981-02-20,109.0,,,,,,,,,
1981-02-21,97.0,,,,,,,,,
1981-02-22,89.0,,,,,,,,,
1981-02-23,109.0,,,,,,,,,
1981-02-24,110.0,,,,,,,,,
1981-02-25,100.0,,,,,,,,,
1981-02-26,107.0,,,,,,,,,
1981-02-27,105.0,,,,,,,,,
1981-02-28,98.0,,,,,,,,,
1981-03-01,96.0,,,,,,,,,
1981-03-02,105.0,,,,,,,,,
1981-03-03,101.0,,,,,,,,,
1981-03-04,97.0,,,,,,,,,
1981-03-05,90.0,,,,,,,,,
1981-03-06,86.0,,,,,,,,,
1981-03-07,83.0,,,,,,,,,
1981-03-08,76.0,,,,,,,,,
1981-03-09,73.0,,,,,,,,,
1981-03-10,70.0,,,,,,,,,
1981-03-11,66.0,,,,,,,,,
1981-03-12,63.0,,,,,,,,,
1981-03-13,74.0,,,,,,,,,
1981-03-14,80.0,,,,,,,,,
1981-03-15,91.0,,,,,,,,,
1981-03-16,87.0,,,,,,,,,
1981-03-17,82.0,,,,,,,,,
1981-03-18,83.0,,,,,,,,,
1981-03-19,87.0,,,,,,,,,
1981-03-20,92.0,,,,,,,,,
1981-03-21,97.0,,,,,,,,,
1981-03-22,130.0,,,,,,,,,
1981-03-23,114.0,,,,,,,,,
1981-03-24,109.0,,,,,,,,,
1981-03-25,152.0,,,,,,,,,
1981-03-26,117.0,,,,,,,,,
1981-03-27,107.0,,,,,,,,,
1981-03-28,99.0,,,,,,,,,
1981-03-29,92.0,,,,,,,,,
1981-03-30,89.0,,,,,,,,,
1981-03-31,87.0,,,,,,,,,
1981-04-01,89.0,,,,,,,,,
1981-04-02,168.0,,,,,,,,,
1981-04-03,124.0,,,,,,,,,
1981-04-04,134.0,,,,,,,,,
1981-04-05,141.0,,,,,,,,,
1981-04-06,133.0,,,,,,,,,
1981-04-07,118.0,,,,,,,,,
1981-04-08,104.0,,,,,,,,,
1981-04-09,121.0,,,,,,,,,
1981-04-10,139.0,,,,,,,,,
1981-04-11,114.0,,,,,,,,,
1981-04-12,106.0,,,,,,,,,
1981-04-13,104.0,,,,,,,,,
1981-04-14,102.0,,,,,,,,,
1981-04-15,103.0,,,,,,,,,
1981-04-16,170.0,,,,,,,,,
1981-04-17,144.0,,,,,,,,,
1981-04-18,127.0,,,,,,,,,
1981-04-19,137.0,,,,,,,,,
1981-04-20,127.0,,,,,,,,,
1981-04-21,110.0,,,,,,,,,
1981-04-22,101.0,,,,,,,,,
1981-04-23,92.0,,,,,,,,,
1981-04-24,87.0,,,,,,,,,
1981-04-25,90.0,,,,,,,,,
1981-04-26,78.0,,,,,,,,,
1981-04-27,72.0,,,,,,,,,
1981-04-28,68.0,,,,,,,,,
1981-04-29,76.0,,,,,,,,,
1981-04-30,107.0,,,,,,,,,
1981-05-01,85.0,,,,,,,,,
1981-05-02,118.0,,,,,,,,,
1981-05-03,136.0,,,,,,,,,
1981-05-04,129.0,,,,,,,,,
1981-05-05,117.0,,,,,,,,,
1981-05-06,107.0,,,,,,,,,
1981-05-07,102.0,,,,,,,,,
1981-05-08,95.0,,,,,,,,,
1981-05-09,87.0,,,,,,,,,
1981-05-10,79.0,,,,,,,,,
1981-05-11,355.0,,,,,,,,,
1981-05-12,472.0,,,,,,,,,
1981-05-13,230.0,,,,,,,,,
1981-05-14,166.0,,,,,,,,,
1981-05-15,144.0,,,,,,,,,
1981-05-16,130.0,,,,,,,,,
1981-05-17,168.0,,,,,,,,,
1981-05-18,126.0,,,,,,,,,
1981-05-19,112.0,,,,,,,,,
1981-05-20,99.0,,,,,,,,,
1981-05-21,94.0,,,,,,,,,
1981-05-22,91.0,,,,,,,,,
1981-05-23,84.0,,,,,,,,,
1981-05-24,82.0,,,,,,,,,
1981-05-25,83.0,,,,,,,,,
1981-05-26,73.0,,,,,,,,,
1981-05-27,65.0,,,,,,,,,
1981-05-28,74.0,,,,,,,,,
1981-05-29,73.0,,,,,,,,,
1981-05-30,63.0,,,,,,,,,
1981-05-31,57.0,,,,,,,,,
1981-06-01,52.0,,,,,,,,,
1981-06-02,49.0,,,,,,,,,
1981-06-03,49.0,,,,,,,,,
1981-06-04,47.0,,,,,,,,,
1981-06-05,48.0,,,,,,,,,
1981-06-06,48.0,,,,,,,,,
1981-06-07,45.0,,,,,,,,,
1981-06-08,41.0,,,,,,,,,
1981-06-09,43.0,,,,,,,,,
1981-06-10,44.0,,,,,,,,,
1981-06-11,40.0,,,,,,,,,
1981-06-12,54.0,,,,,,,,,
1981-06-13,111.0,,,,,,,,,
1981-06-14,97.0,,,,,,,,,
1981-06-15,57.0,,,,,,,,,
1981-06-16,38.0,,,,,,,,,
1981-06-17,30.0,,,,,,,,,
1981-06-18,30.0,,,,,,,,,
1981-06-19,23.0,,,,,,,,,
1981-06-20,274.0,,,,,,,,,
1981-06-21,303.0,,,,,,,,,
1981-06-22,122.0,,,,,,,,,
1981-06-23,152.0,,,,,,,,,
1981-06-24,103.0,,,,,,,,,
1981-06-25,128.0,,,,,,,,,
1981-06-26,1518.0,,,,,,,,,
1981-06-27,2019.0,,,,,,,,,
1981-06-28,913.0,,,,,,,,,
1981-06-29,681.0,,,,,,,,,
1981-06-30,1647.0,,,,,,,,,
1981-07-01,1179.0,,,,,,,,,
1981-07-02,458.0,,,,,,,,,
1981-07-03,342.0,,,,,,,,,
1981-07-04,555.0,,,,,,,,,
1981-07-05,425.0,,,,,,,,,
1981-07-06,227.0,,,,,,,,,
1981-07-07,662.0,,,,,,,,,
1981-07-08,443.0,,,,,,,,,
1981-07-09,338.0,,,,,,,,,
1981-07-10,422.0,,,,,,,,,
1981-07-11,277.0,,,,,,,,,
1981-07-12,307.0,,,,,,,,,
1981-07-13,233.0,,,,,,,,,
1981-07-14,407.0,,,,,,,,,
1981-07-15,347.0,,,,,,,,,
1981-07-16,260.0,,,,,,,,,
1981-07-17,206.0,,,,,,,,,
1981-07-18,237.0,,,,,,,,,
1981-07-19,171.0,,,,,,,,,
1981-07-20,143.0,,,,,,,,,
1981-07-21,147.0,,,,,,,,,
1981-07-22,124.0,,,,,,,,,
1981-07-23,184.0,,,,,,,,,
1981-07-24,128.0,,,,,,,,,
1981-07-25,113.0,,,,,,,,,
1981-07-26,175.0,,,,,,,,,
1981-07-27,306.0,,,,,,,,,
1981-07-28,173.0,,,,,,,,,
1981-07-29,167.0,,,,,,,,,
1981-07-30,119.0,,,,,,,,,
1981-07-31,107.0,,,,,,,,,
1981-08-01,109.0,,,,,,,,,
1981-08-02,90.0,,,,,,,,,
1981-08-03,66.0,,,,,,,,,
1981-08-04,63.0,,,,,,,,,
1981-08-05,70.0,,,,,,,,,
1981-08-06,59.0,,,,,,,,,
1981-08-07,53.0,,,,,,,,,
1981-08-08,112.0,,,,,,,,,
1981-08-09,122.0,,,,,,,,,
1981-08-10,72.0,,,,,,,,,
1981-08-11,153.0,,,,,,,,,
1981-08-12,194.0,,,,,,,,,
1981-08-13,92.0,,,,,,,,,
1981-08-14,68.0,,,,,,,,,
1981-08-15,65.0,,,,,,,,,
1981-08-16,62.0,,,,,,,,,
1981-08-17,55.0,,,,,,,,,
1981-08-18,55.0,,,,,,,,,
1981-08-19,56.0,,,,,,,,,
1981-08-20,56.0,,,,,,,,,
1981-08-21,68.0,,,,,,,,,
1981-08-22,65.0,,,,,,,,,
1981-08-23,57.0,,,,,,,,,
1981-08-24,49.0,,,,,,,,,
1981-08-25,53.0,,,,,,,,,
1981-08-26,50.0,,,,,,,,,
1981-08-27,374.0,,,,,,,,,
1981-08-28,300.0,,,,,,,,,
1981-08-29,201.0,,,,,,,,,
1981-08-30,111.0,,,,,,,,,
1981-08-31,84.0,,,,,,,,,
1981-09-01,72.0,,,,,,,,,
1981-09-02,67.0,,,,,,,,,
1981-09-03,87.0,,,,,,,,,
1981-09-04,175.0,,,,,,,,,
1981-09-05,94.0,,,,,,,,,
1981-09-06,65.0,,,,,,,,,
1981-09-07,59.0,,,,,,,,,
1981-09-08,59.0,,,,,,,,,
1981-09-09,63.0,,,,,,,,,
1981-09-10,65.0,,,,,,,,,
1981-09-11,73.0,,,,,,,,,
1981-09-12,70.0,,,,,,,,,
1981-09-13,69.0,,,,,,,,,
1981-09-14,64.0,,,,,,,,,
1981-09-15,63.0,,,,,,,,,
1981-09-16,62.0,,,,,,,,,
1981-09-17,64.0,,,,,,,,,
1981-09-18,62.0,,,,,,,,,
1981-09-19,158.0,,,,,,,,,
1981-09-20,102.0,,,,,,,,,
1981-09-21,73.0,,,,,,,,,
1981-09-22,63.0,,,,,,,,,
1981-09-23,60.0,,,,,,,,,
1981-09-24,59.0,,,,,,,,,
1981-09-25,206.0,,,,,,,,,
1981-09-26,186.0,,,,,,,,,
1981-09-27,110.0,,,,,,,,,
1981-09-28,80.0,,,,,,,,,
1981-09-29,66.0,,,,,,,,,
1981-09-30,67.0,,,,,,,,,
1981-10-01,69.0,,,,,,,,,
1981-10-02,64.0,,,,,,,,,
1981-10-03,60.0,,,,,,,,,
1981-10-04,61.0,,,,,,,,,
1981-10-05,92.0,,,,,,,,,
1981-10-06,92.0,,,,,,,,,
1981-10-07,146.0,,,,,,,,,
1981-10-08,626.0,,,,,,,,,
1981-10-09,1194.0,,,,,,,,,
1981-10-10,402.0,,,,,,,,,
1981-10-11,229.0,,,,,,,,,
1981-10-12,178.0,,,,,,,,,
1981-10-13,171.0,,,,,,,,,
1981-10-14,167.0,,,,,,,,,
1981-10-15,129.0,,,,,,,,,
1981-10-16,119.0,,,,,,,,,
1981-10-17,111.0,,,,,,,,,
1981-10-18,105.0,,,,,,,,,
1981-10-19,97.0,,,,,,,,,
1981-10-20,93.0,,,,,,,,,
1981-10-21,84.0,,,,,,,,,
1981-10-22,83.0,,,,,,,,,
1981-10-23,78.0,,,,,,,,,
1981-10-24,74.0,,,,,,,,,
1981-10-25,71.0,,,,,,,,,
1981-10-26,67.0,,,,,,,,,
1981-10-27,64.0,,,,,,,,,
1981-10-28,65.0,,,,,,,,,
1981-10-29,76.0,,,,,,,,,
1981-10-30,67.0,,,,,,,,,
1981-10-31,64.0,,,,,,,,,
1981-11-01,58.0,,,,,,,,,
1981-11-02,227.0,,,,,,,,,
1981-11-03,190.0,,,,,,,,,
1981-11-04,99.0,,,,,,,,,
1981-11-05,89.0,,,,,,,,,
1981-11-06,97.0,,,,,,,,,
1981-11-07,98.0,,,,,,,,,
1981-11-08,78.0,,,,,,,,,
1981-11-09,71.0,,,,,,,,,
1981-11-10,66.0,,,,,,,,,
1981-11-11,65.0,,,,,,,,,
1981-11-12,66.0,,,,,,,,,
1981-11-13,62.0,,,,,,,,,
1981-11-14,63.0,,,,,,,,,
1981-11-15,62.0,,,,,,,,,
1981-11-16,61.0,,,,,,,,,
1981-11-17,57.0,,,,,,,,,
1981-11-18,60.0,,,,,,,,,
1981-11-19,52.0,,,,,,,,,
1981-11-20,52.0,,,,,,,,,
1981-11-21,56.0,,,,,,,,,
1981-11-22,51.0,,,,,,,,,
1981-11-23,53.0,,,,,,,,,
1981-11-24,60.0,,,,,,,,,
1981-11-25,58.0,,,,,,,,,
1981-11-26,111.0,,,,,,,,,
1981-11-27,84.0,,,,,,,,,
1981-11-28,68.0,,,,,,,,,
1981-11-29,64.0,,,,,,,,,
1981-11-30,60.0,,,,,,,,,
1981-12-01,60.0,,,,,,,,,
1981-12-02,61.0,,,,,,,,,
1981-12-03,58.0,,,,,,,,,
1981-12-04,59.0,,,,,,,,,
1981-12-05,59.0,,,,,,,,,
1981-12-06,63.0,,,,,,,,,
1981-12-07,57.0,,,,,,,,,
1981-12-08,55.0,,,,,,,,,
1981-12-09,56.0,,,,,,,,,
1981-12-10,55.0,,,,,,,,,
1981-12-11,54.0,,,,,,,,,
1981-12-12,55.0,,,,,,,,,
1981-12-13,55.0,,,,,,,,,
1981-12-14,55.0,,,,,,,,,
1981-12-15,52.0,,,,,,,,,
1981-12-16,50.0,,,,,,,,,
1981-12-17,49.0,,,,,,,,,
1981-12-18,47.0,,,,,,,,,
1981-12-19,54.0,,,,,,,,,
1981-12-20,55.0,,,,,,,,,
1981-12-21,50.0,,,,,,,,,
1981-12-22,48.0,,,,,,,,,
1981-12-23,48.0,,,,,,,,,
1981-12-24,48.0,,,,,,,,,
1981-12-25,47.0,,,,,,,,,
1981-12-26,48.0,,,,,,,,,
1981-12-27,48.0,,,,,,,,,
1981-12-28,49.0,,,,,,,,,
1981-12-29,49.0,,,,,,,,,
1981-12-30,47.0,,,,,,,,,
1981-12-31,45.0,,,,,,,,,
1982-01-01,44.0,,,,,,,,,
1982-01-02,44.0,,,,,,,,,
1982-01-03,43.0,,,,,,,,,
1982-01-04,49.0,,,,,,,,,
1982-01-05,59.0,,,,,,,,,
1982-01-06,49.0,,,,,,,,,
1982-01-07,48.0,,,,,,,,,
1982-01-08,49.0,,,,,,,,,
1982-01-09,51.0,,,,,,,,,
1982-01-10,52.0,,,,,,,,,
1982-01-11,54.0,,,,,,,,,
1982-01-12,54.0,,,,,,,,,
1982-01-13,51.0,,,,,,,,,
1982-01-14,47.0,,,,,,,,,
1982-01-15,46.0,,,,,,,,,
1982-01-16,46.0,,,,,,,,,
1982-01-17,46.0,,,,,,,,,
1982-01-18,47.0,,,,,,,,,
1982-01-19,52.0,,,,,,,,,
1982-01-20,52.0,,,,,,,,,
1982-01-21,54.0,,,,,,,,,
1982-01-22,56.0,,,,,,,,,
1982-01-23,59.0,,,,,,,,,
1982-01-24,60.0,,,,,,,,,
1982-01-25,58.0,,,,,,,,,
1982-01-26,58.0,,,,,,,,,
1982-01-27,59.0,,,,,,,,,
1982-01-28,65.0,,,,,,,,,
1982-01-29,61.0,,,,,,,,,
1982-01-30,53.0,,,,,,,,,
1982-01-31,53.0,,,,,,,,,
1982-02-01,52.0,,,,,,,,,
1982-02-02,53.0,,,,,,,,,
1982-02-03,52.0,,,,,,,,,
1982-02-04,61.0,,,,,,,,,
1982-02-05,80.0,,,,,,,,,
1982-02-06,65.0,,,,,,,,,
1982-02-07,56.0,,,,,,,,,
1982-02-08,62.0,,,,,,,,,
1982-02-09,58.0,,,,,,,,,
1982-02-10,55.0,,,,,,,,,
1982-02-11,55.0,,,,,,,,,
1982-02-12,54.0,,,,,,,,,
1982-02-13,52.0,,,,,,,,,
1982-02-14,51.0,,,,,,,,,
1982-02-15,47.0,,,,,,,,,
1982-02-16,55.0,,,,,,,,,
1982-02-17,71.0,,,,,,,,,
1982-02-18,63.0,,,,,,,,,
1982-02-19,69.0,,,,,,,,,
1982-02-20,68.0,,,,,,,,,
1982-02-21,67.0,,,,,,,,,
1982-02-22,66.0,,,,,,,,,
1982-02-23,59.0,,,,,,,,,
1982-02-24,69.0,,,,,,,,,
1982-02-25,75.0,,,,,,,,,
1982-02-26,58.0,,,,,,,,,
1982-02-27,54.0,,,,,,,,,
1982-02-28,57.0,,,,,,,,,
1982-03-01,107.0,,,,,,,,,
1982-03-02,122.0,,,,,,,,,
1982-03-03,94.0,,,,,,,,,
1982-03-04,78.0,,,,,,,,,
1982-03-05,274.0,,,,,,,,,
1982-03-06,243.0,,,,,,,,,
1982-03-07,181.0,,,,,,,,,
1982-03-08,144.0,,,,,,,,,
1982-03-09,132.0,,,,,,,,,
1982-03-10,116.0,,,,,,,,,
1982-03-11,107.0,,,,,,,,,
1982-03-12,102.0,,,,,,,,,
1982-03-13,121.0,,,,,,,,,
1982-03-14,100.0,,,,,,,,,
1982-03-15,112.0,,,,,,,,,
1982-03-16,106.0,,,,,,,,,
1982-03-17,103.0,,,,,,,,,
1982-03-18,98.0,,,,,,,,,
1982-03-19,93.0,,,,,,,,,
1982-03-20,169.0,,,,,,,,,
1982-03-21,158.0,,,,,,,,,
1982-03-22,144.0,,,,,,,,,
1982-03-23,119.0,,,,,,,,,
1982-03-24,146.0,,,,,,,,,
1982-03-25,122.0,,,,,,,,,
1982-03-26,108.0,,,,,,,,,
1982-03-27,99.0,,,,,,,,,
1982-03-28,92.0,,,,,,,,,
1982-03-29,83.0,,,,,,,,,
1982-03-30,77.0,,,,,,,,,
1982-03-31,80.0,,,,,,,,,
1982-04-01,72.0,,,,,,,,,
1982-04-02,68.0,,,,,,,,,
1982-04-03,135.0,,,,,,,,,
1982-04-04,132.0,,,,,,,,,
1982-04-05,104.0,,,,,,,,,
1982-04-06,112.0,,,,,,,,,
1982-04-07,166.0,,,,,,,,,
1982-04-08,176.0,,,,,,,,,
1982-04-09,141.0,,,,,,,,,
1982-04-10,133.0,,,,,,,,,
1982-04-11,121.0,,,,,,,,,
1982-04-12,112.0,,,,,,,,,
1982-04-13,103.0,,,,,,,,,
1982-04-14,115.0,,,,,,,,,
1982-04-15,126.0,,,,,,,,,
1982-04-16,111.0,,,,,,,,,
1982-04-17,106.0,,,,,,,,,
1982-04-18,96.0,,,,,,,,,
1982-04-19,88.0,,,,,,,,,
1982-04-20,84.0,,,,,,,,,
1982-04-21,101.0,,,,,,,,,
1982-04-22,99.0,,,,,,,,,
1982-04-23,89.0,,,,,,,,,
1982-04-24,85.0,,,,,,,,,
1982-04-25,79.0,,,,,,,,,
1982-04-26,78.0,,,,,,,,,
1982-04-27,77.0,,,,,,,,,
1982-04-28,75.0,,,,,,,,,
1982-04-29,72.0,,,,,,,,,
1982-04-30,67.0,,,,,,,,,
1982-05-01,67.0,,,,,,,,,
1982-05-02,81.0,,,,,,,,,
1982-05-03,69.0,,,,,,,,,
1982-05-04,65.0,,,,,,,,,
1982-05-05,64.0,,,,,,,,,
1982-05-06,63.0,,,,,,,,,
1982-05-07,66.0,,,,,,,,,
1982-05-08,63.0,,,,,,,,,
1982-05-09,63.0,,,,,,,,,
1982-05-10,61.0,,,,,,,,,
1982-05-11,62.0,,,,,,,,,
1982-05-12,60.0,,,,,,,,,
1982-05-13,58.0,,,,,,,,,
1982-05-14,70.0,,,,,,,,,
1982-05-15,67.0,,,,,,,,,
1982-05-16,61.0,,,,,,,,,
1982-05-17,58.0,,,,,,,,,
1982-05-18,57.0,,,,,,,,,
1982-05-19,54.0,,,,,,,,,
1982-05-20,54.0,,,,,,,,,
1982-05-21,53.0,,,,,,,,,
1982-05-22,53.0,,,,,,,,,
1982-05-23,53.0,,,,,,,,,
1982-05-24,54.0,,,,,,,,,
1982-05-25,55.0,,,,,,,,,
1982-05-26,55.0,,,,,,,,,
1982-05-27,54.0,,,,,,,,,
1982-05-28,50.0,,,,,,,,,
1982-05-29,48.0,,,,,,,,,
1982-05-30,58.0,,,,,,,,,
1982-05-31,90.0,,,,,,,,,
1982-06-01,127.0,,,,,,,,,
1982-06-02,79.0,,,,,,,,,
1982-06-03,118.0,,,,,,,,,
1982-06-04,102.0,,,,,,,,,
1982-06-05,72.0,,,,,,,,,
1982-06-06,67.0,,,,,,,,,
1982-06-07,63.0,,,,,,,,,
1982-06-08,60.0,,,,,,,,,
1982-06-09,56.0,,,,,,,,,
1982-06-10,52.0,,,,,,,,,
1982-06-11,41.0,,,,,,,,,
1982-06-12,36.0,,,,,,,,,
1982-06-13,38.0,,,,,,,,,
1982-06-14,49.0,,,,,,,,,
1982-06-15,51.0,,,,,,,,,
1982-06-16,36.0,,,,,,,,,
1982-06-17,24.0,,,,,,,,,
1982-06-18,41.0,,,,,,,,,
1982-06-19,31.0,,,,,,,,,
1982-06-20,26.0,,,,,,,,,
1982-06-21,33.0,,,,,,,,,
1982-06-22,44.0,,,,,,,,,
1982-06-23,47.0,,,,,,,,,
1982-06-24,48.0,,,,,,,,,
1982-06-25,45.0,,,,,,,,,
1982-06-26,34.0,,,,,,,,,
1982-06-27,30.0,,,,,,,,,
1982-06-28,26.0,,,,,,,,,
1982-06-29,24.0,,,,,,,,,
1982-06-30,24.0,,,,,,,,,
1982-07-01,22.0,,,,,,,,,
1982-07-02,20.0,,,,,,,,,
1982-07-03,21.0,,,,,,,,,
1982-07-04,20.0,,,,,,,,,
1982-07-05,20.0,,,,,,,,,
1982-07-06,27.0,,,,,,,,,
1982-07-07,43.0,,,,,,,,,
1982-07-08,80.0,,,,,,,,,
1982-07-09,89.0,,,,,,,,,
1982-07-10,56.0,,,,,,,,,
1982-07-11,671.0,,,,,,,,,
1982-07-12,698.0,,,,,,,,,
1982-07-13,1728.0,,,,,,,,,
1982-07-14,1276.0,,,,,,,,,
1982-07-15,931.0,,,,,,,,,
1982-07-16,1777.0,,,,,,,,,
1982-07-17,1548.0,,,,,,,,,
1982-07-18,560.0,,,,,,,,,
1982-07-19,976.0,,,,,,,,,
1982-07-20,692.0,,,,,,,,,
1982-07-21,948.0,,,,,,,,,
1982-07-22,397.0,,,,,,,,,
1982-07-23,405.0,,,,,,,,,
1982-07-24,3017.0,,,,,,,,,
1982-07-25,1647.0,,,,,,,,,
1982-07-26,834.0,,,,,,,,,
1982-07-27,395.0,,,,,,,,,
1982-07-28,275.0,,,,,,,,,
1982-07-29,297.0,,,,,,,,,
1982-07-30,285.0,,,,,,,,,
1982-07-31,215.0,,,,,,,,,
1982-08-01,178.0,,,,,,,,,
1982-08-02,157.0,,,,,,,,,
1982-08-03,147.0,,,,,,,,,
1982-08-04,129.0,,,,,,,,,
1982-08-05,107.0,,,,,,,,,
1982-08-06,110.0,,,,,,,,,
1982-08-07,111.0,,,,,,,,,
1982-08-08,167.0,,,,,,,,,
1982-08-09,146.0,,,,,,,,,
1982-08-10,265.0,,,,,,,,,
1982-08-11,152.0,,,,,,,,,
1982-08-12,149.0,,,,,,,,,
1982-08-13,132.0,,,,,,,,,
1982-08-14,123.0,,,,,,,,,
1982-08-15,112.0,,,,,,,,,
1982-08-16,114.0,,,,,,,,,
1982-08-17,318.0,,,,,,,,,
1982-08-18,172.0,,,,,,,,,
1982-08-19,122.0,,,,,,,,,
1982-08-20,128.0,,,,,,,,,
1982-08-21,119.0,,,,,,,,,
1982-08-22,121.0,,,,,,,,,
1982-08-23,210.0,,,,,,,,,
1982-08-24,147.0,,,,,,,,,
1982-08-25,107.0,,,,,,,,,
1982-08-26,104.0,,,,,,,,,
1982-08-27,1339.0,,,,,,,,,
1982-08-28,610.0,,,,,,,,,
1982-08-29,253.0,,,,,,,,,
1982-08-30,196.0,,,,,,,,,
1982-08-31,171.0,,,,,,,,,
1982-09-01,153.0,,,,,,,,,
1982-09-02,138.0,,,,,,,,,
1982-09-03,148.0,,,,,,,,,
1982-09-04,114.0,,,,,,,,,
1982-09-05,111.0,,,,,,,,,
1982-09-06,111.0,,,,,,,,,
1982-09-07,114.0,,,,,,,,,
1982-09-08,102.0,,,,,,,,,
1982-09-09,126.0,,,,,,,,,
1982-09-10,131.0,,,,,,,,,
1982-09-11,112.0,,,,,,,,,
1982-09-12,95.0,,,,,,,,,
1982-09-13,87.0,,,,,,,,,
1982-09-14,83.0,,,,,,,,,
1982-09-15,80.0,,,,,,,,,
1982-09-16,73.0,,,,,,,,,
1982-09-17,77.0,,,,,,,,,
1982-09-18,73.0,,,,,,,,,
1982-09-19,129.0,,,,,,,,,
1982-09-20,136.0,,,,,,,,,
1982-09-21,134.0,,,,,,,,,
1982-09-22,92.0,,,,,,,,,
1982-09-23,156.0,,,,,,,,,
1982-09-24,183.0,,,,,,,,,
1982-09-25,632.0,,,,,,,,,
1982-09-26,317.0,,,,,,,,,
1982-09-27,192.0,,,,,,,,,
1982-09-28,138.0,,,,,,,,,
1982-09-29,119.0,,,,,,,,,
1982-09-30,129.0,,,,,,,,,
1982-10-01,136.0,,,,,,,,,
1982-10-02,164.0,,,,,,,,,
1982-10-03,262.0,,,,,,,,,
1982-10-04,168.0,,,,,,,,,
1982-10-05,135.0,,,,,,,,,
1982-10-06,131.0,,,,,,,,,
1982-10-07,119.0,,,,,,,,,
1982-10-08,107.0,,,,,,,,,
1982-10-09,74.0,,,,,,,,,
1982-10-10,77.0,,,,,,,,,
1982-10-11,74.0,,,,,,,,,
1982-10-12,71.0,,,,,,,,,
1982-10-13,65.0,,,,,,,,,
1982-10-14,63.0,,,,,,,,,
1982-10-15,63.0,,,,,,,,,
1982-10-16,63.0,,,,,,,,,
1982-10-17,62.0,,,,,,,,,
1982-10-18,61.0,,,,,,,,,
1982-10-19,70.0,,,,,,,,,
1982-10-20,67.0,,,,,,,,,
1982-10-21,67.0,,,,,,,,,
1982-10-22,67.0,,,,,,,,,
1982-10-23,75.0,,,,,,,,,
1982-10-24,86.0,,,,,,,,,
1982-10-25,86.0,,,,,,,,,
1982-10-26,83.0,,,,,,,,,
1982-10-27,83.0,,,,,,,,,
1982-10-28,83.0,,,,,,,,,
1982-10-29,86.0,,,,,,,,,
1982-10-30,83.0,,,,,,,,,
1982-10-31,85.0,,,,,,,,,
1982-11-01,85.0,,,,,,,,,
1982-11-02,82.0,,,,,,,,,
1982-11-03,81.0,,,,,,,,,
1982-11-04,81.0,,,,,,,,,
1982-11-05,81.0,,,,,,,,,
1982-11-06,68.0,,,,,,,,,
1982-11-07,65.0,,,,,,,,,
1982-11-08,66.0,,,,,,,,,
1982-11-09,62.0,,,,,,,,,
1982-11-10,89.0,,,,,,,,,
1982-11-11,85.0,,,,,,,,,
1982-11-12,65.0,,,,,,,,,
1982-11-13,60.0,,,,,,,,,
1982-11-14,57.0,,,,,,,,,
1982-11-15,62.0,,,,,,,,,
1982-11-16,66.0,,,,,,,,,
1982-11-17,62.0,,,,,,,,,
1982-11-18,60.0,,,,,,,,,
1982-11-19,57.0,,,,,,,,,
1982-11-20,55.0,,,,,,,,,
1982-11-21,55.0,,,,,,,,,
1982-11-22,50.0,,,,,,,,,
1982-11-23,58.0,,,,,,,,,
1982-11-24,53.0,,,,,,,,,
1982-11-25,53.0,,,,,,,,,
1982-11-26,50.0,,,,,,,,,
1982-11-27,50.0,,,,,,,,,
1982-11-28,49.0,,,,,,,,,
1982-11-29,55.0,,,,,,,,,
1982-11-30,228.0,,,,,,,,,
1982-12-01,98.0,,,,,,,,,
1982-12-02,77.0,,,,,,,,,
1982-12-03,66.0,,,,,,,,,
1982-12-04,62.0,,,,,,,,,
1982-12-05,63.0,,,,,,,,,
1982-12-06,65.0,,,,,,,,,
1982-12-07,62.0,,,,,,,,,
1982-12-08,59.0,,,,,,,,,
1982-12-09,55.0,,,,,,,,,
1982-12-10,57.0,,,,,,,,,
1982-12-11,54.0,,,,,,,,,
1982-12-12,54.0,,,,,,,,,
1982-12-13,54.0,,,,,,,,,
1982-12-14,51.0,,,,,,,,,
1982-12-15,49.0,,,,,,,,,
1982-12-16,52.0,,,,,,,,,
1982-12-17,51.0,,,,,,,,,
1982-12-18,51.0,,,,,,,,,
1982-12-19,49.0,,,,,,,,,
1982-12-20,49.0,,,,,,,,,
1982-12-21,47.0,,,,,,,,,
1982-12-22,51.0,,,,,,,,,
1982-12-23,46.0,,,,,,,,,
1982-12-24,47.0,,,,,,,,,
1982-12-25,48.0,,,,,,,,,
1982-12-26,49.0,,,,,,,,,
1982-12-27,51.0,,,,,,,,,
1982-12-28,49.0,,,,,,,,,
1982-12-29,47.0,,,,,,,,,
1982-12-30,49.0,,,,,,,,,
1982-12-31,48.0,,,,,,,,,
1983-01-01,50.0,,,,,,,,,
1983-01-02,51.0,,,,,,,,,
1983-01-03,48.0,,,,,,,,,
1983-01-04,45.0,,,,,,,,,
1983-01-05,44.0,,,,,,,,,
1983-01-06,70.0,,,,,,,,,
1983-01-07,62.0,,,,,,,,,
1983-01-08,64.0,,,,,,,,,
1983-01-09,63.0,,,,,,,,,
1983-01-10,64.0,,,,,,,,,
1983-01-11,64.0,,,,,,,,,
1983-01-12,63.0,,,,,,,,,
1983-01-13,63.0,,,,,,,,,
1983-01-14,62.0,,,,,,,,,
1983-01-15,62.0,,,,,,,,,
1983-01-16,60.0,,,,,,,,,
1983-01-17,60.0,,,,,,,,,
1983-01-18,63.0,,,,,,,,,
1983-01-19,66.0,,,,,,,,,
1983-01-20,61.0,,,,,,,,,
1983-01-21,58.0,,,,,,,,,
1983-01-22,58.0,,,,,,,,,
1983-01-23,58.0,,,,,,,,,
1983-01-24,58.0,,,,,,,,,
1983-01-25,55.0,,,,,,,,,
1983-01-26,54.0,,,,,,,,,
1983-01-27,53.0,,,,,,,,,
1983-01-28,54.0,,,,,,,,,
1983-01-29,56.0,,,,,,,,,
1983-01-30,58.0,,,,,,,,,
1983-01-31,55.0,,,,,,,,,
1983-02-01,57.0,,,,,,,,,
1983-02-02,89.0,,,,,,,,,
1983-02-03,85.0,,,,,,,,,
1983-02-04,63.0,,,,,,,,,
1983-02-05,57.0,,,,,,,,,
1983-02-06,59.0,,,,,,,,,
1983-02-07,51.0,,,,,,,,,
1983-02-08,44.0,,,,,,,,,
1983-02-09,44.0,,,,,,,,,
1983-02-10,43.0,,,,,,,,,
1983-02-11,42.0,,,,,,,,,
1983-02-12,39.0,,,,,,,,,
1983-02-13,37.0,,,,,,,,,
1983-02-14,38.0,,,,,,,,,
1983-02-15,40.0,,,,,,,,,
1983-02-16,41.0,,,,,,,,,
1983-02-17,42.0,,,,,,,,,
1983-02-18,46.0,,,,,,,,,
1983-02-19,41.0,,,,,,,,,
1983-02-20,36.0,,,,,,,,,
1983-02-21,35.0,,,,,,,,,
1983-02-22,35.0,,,,,,,,,
1983-02-23,35.0,,,,,,,,,
1983-02-24,100.0,,,,,,,,,
1983-02-25,75.0,,,,,,,,,
1983-02-26,59.0,,,,,,,,,
1983-02-27,54.0,,,,,,,,,
1983-02-28,54.0,,,,,,,,,
1983-03-01,57.0,,,,,,,,,
1983-03-02,421.0,,,,,,,,,
1983-03-03,231.0,,,,,,,,,
1983-03-04,168.0,,,,,,,,,
1983-03-05,143.0,,,,,,,,,
1983-03-06,125.0,,,,,,,,,
1983-03-07,115.0,,,,,,,,,
1983-03-08,103.0,,,,,,,,,
1983-03-09,92.0,,,,,,,,,
1983-03-10,131.0,,,,,,,,,
1983-03-11,121.0,,,,,,,,,
1983-03-12,110.0,,,,,,,,,
1983-03-13,155.0,,,,,,,,,
1983-03-14,178.0,,,,,,,,,
1983-03-15,133.0,,,,,,,,,
1983-03-16,114.0,,,,,,,,,
1983-03-17,125.0,,,,,,,,,
1983-03-18,112.0,,,,,,,,,
1983-03-19,102.0,,,,,,,,,
1983-03-20,91.0,,,,,,,,,
1983-03-21,85.0,,,,,,,,,
1983-03-22,79.0,,,,,,,,,
1983-03-23,114.0,,,,,,,,,
1983-03-24,132.0,,,,,,,,,
1983-03-25,107.0,,,,,,,,,
1983-03-26,91.0,,,,,,,,,
1983-03-27,79.0,,,,,,,,,
1983-03-28,75.0,,,,,,,,,
1983-03-29,68.0,,,,,,,,,
1983-03-30,66.0,,,,,,,,,
1983-03-31,67.0,,,,,,,,,
1983-04-01,337.0,,,,,,,,,
1983-04-02,202.0,,,,,,,,,
1983-04-03,132.0,,,,,,,,,
1983-04-04,122.0,,,,,,,,,
1983-04-05,103.0,,,,,,,,,
1983-04-06,92.0,,,,,,,,,
1983-04-07,85.0,,,,,,,,,
1983-04-08,91.0,,,,,,,,,
1983-04-09,92.0,,,,,,,,,
1983-04-10,175.0,,,,,,,,,
1983-04-11,136.0,,,,,,,,,
1983-04-12,125.0,,,,,,,,,
1983-04-13,114.0,,,,,,,,,
1983-04-14,132.0,,,,,,,,,
1983-04-15,128.0,,,,,,,,,
1983-04-16,161.0,,,,,,,,,
1983-04-17,150.0,,,,,,,,,
1983-04-18,133.0,,,,,,,,,
1983-04-19,153.0,,,,,,,,,
1983-04-20,160.0,,,,,,,,,
1983-04-21,166.0,,,,,,,,,
1983-04-22,160.0,,,,,,,,,
1983-04-23,144.0,,,,,,,,,
1983-04-24,138.0,,,,,,,,,
1983-04-25,125.0,,,,,,,,,
1983-04-26,121.0,,,,,,,,,
1983-04-27,126.0,,,,,,,,,
1983-04-28,114.0,,,,,,,,,
1983-04-29,121.0,,,,,,,,,
1983-04-30,121.0,,,,,,,,,
1983-05-01,121.0,,,,,,,,,
1983-05-02,125.0,,,,,,,,,
1983-05-03,118.0,,,,,,,,,
1983-05-04,114.0,,,,,,,,,
1983-05-05,432.0,,,,,,,,,
1983-05-06,355.0,,,,,,,,,
1983-05-07,442.0,,,,,,,,,
1983-05-08,259.0,,,,,,,,,
1983-05-09,201.0,,,,,,,,,
1983-05-10,171.0,,,,,,,,,
1983-05-11,152.0,,,,,,,,,
1983-05-12,136.0,,,,,,,,,
1983-05-13,128.0,,,,,,,,,
1983-05-14,118.0,,,,,,,,,
1983-05-15,110.0,,,,,,,,,
1983-05-16,380.0,,,,,,,,,
1983-05-17,294.0,,,,,,,,,
1983-05-18,178.0,,,,,,,,,
1983-05-19,150.0,,,,,,,,,
1983-05-20,128.0,,,,,,,,,
1983-05-21,118.0,,,,,,,,,
1983-05-22,112.0,,,,,,,,,
1983-05-23,107.0,,,,,,,,,
1983-05-24,104.0,,,,,,,,,
1983-05-25,98.0,,,,,,,,,
1983-05-26,97.0,,,,,,,,,
1983-05-27,86.0,,,,,,,,,
1983-05-28,98.0,,,,,,,,,
1983-05-29,104.0,,,,,,,,,
1983-05-30,80.0,,,,,,,,,
1983-05-31,75.0,,,,,,,,,
1983-06-01,73.0,,,,,,,,,
1983-06-02,67.0,,,,,,,,,
1983-06-03,60.0,,,,,,,,,
1983-06-04,60.0,,,,,,,,,
1983-06-05,57.0,,,,,,,,,
1983-06-06,55.0,,,,,,,,,
1983-06-07,53.0,,,,,,,,,
1983-06-08,53.0,,,,,,,,,
1983-06-09,52.0,,,,,,,,,
1983-06-10,52.0,,,,,,,,,
1983-06-11,45.0,,,,,,,,,
1983-06-12,52.0,,,,,,,,,
1983-06-13,117.0,,,,,,,,,
1983-06-14,73.0,,,,,,,,,
1983-06-15,51.0,,,,,,,,,
1983-06-16,265.0,,,,,,,,,
1983-06-17,161.0,,,,,,,,,
1983-06-18,75.0,,,,,,,,,
1983-06-19,59.0,,,,,,,,,
1983-06-20,586.0,,,,,,,,,
1983-06-21,1131.0,,,,,,,,,
1983-06-22,336.0,,,,,,,,,
1983-06-23,186.0,,,,,,,,,
1983-06-24,160.0,,,,,,,,,
1983-06-25,108.0,,,,,,,,,
1983-06-26,102.0,,,,,,,,,
1983-06-27,187.0,,,,,,,,,
1983-06-28,114.0,,,,,,,,,
1983-06-29,131.0,,,,,,,,,
1983-06-30,172.0,,,,,,,,,
1983-07-01,121.0,,,,,,,,,
1983-07-02,126.0,,,,,,,,,
1983-07-03,153.0,,,,,,,,,
1983-07-04,96.0,,,,,,,,,
1983-07-05,1424.0,,,,,,,,,
1983-07-06,567.0,,,,,,,,,
1983-07-07,243.0,,,,,,,,,
1983-07-08,184.0,,,,,,,,,
1983-07-09,137.0,,,,,,,,,
1983-07-10,123.0,,,,,,,,,
1983-07-11,106.0,,,,,,,,,
1983-07-12,92.0,,,,,,,,,
1983-07-13,83.0,,,,,,,,,
1983-07-14,86.0,,,,,,,,,
1983-07-15,457.0,,,,,,,,,
1983-07-16,1598.0,,,,,,,,,
1983-07-17,1722.0,,,,,,,,,
1983-07-18,838.0,,,,,,,,,
1983-07-19,365.0,,,,,,,,,
1983-07-20,271.0,,,,,,,,,
1983-07-21,225.0,,,,,,,,,
1983-07-22,199.0,,,,,,,,,
1983-07-23,166.0,,,,,,,,,
1983-07-24,163.0,,,,,,,,,
1983-07-25,138.0,,,,,,,,,
1983-07-26,121.0,,,,,,,,,
1983-07-27,102.0,,,,,,,,,
1983-07-28,77.0,,,,,,,,,
1983-07-29,67.0,,,,,,,,,
1983-07-30,67.0,,,,,,,,,
1983-07-31,57.0,,,,,,,,,
1983-08-01,53.0,,,,,,,,,
1983-08-02,50.0,,,,,,,,,
1983-08-03,48.0,,,,,,,,,
1983-08-04,47.0,,,,,,,,,
1983-08-05,45.0,,,,,,,,,
1983-08-06,44.0,,,,,,,,,
1983-08-07,56.0,,,,,,,,,
1983-08-08,120.0,,,,,,,,,
1983-08-09,125.0,,,,,,,,,
1983-08-10,91.0,,,,,,,,,
1983-08-11,71.0,,,,,,,,,
1983-08-12,59.0,,,,,,,,,
1983-08-13,57.0,,,,,,,,,
1983-08-14,57.0,,,,,,,,,
1983-08-15,57.0,,,,,,,,,
1983-08-16,55.0,,,,,,,,,
1983-08-17,52.0,,,,,,,,,
1983-08-18,50.0,,,,,,,,,
1983-08-19,50.0,,,,,,,,,
1983-08-20,47.0,,,,,,,,,
1983-08-21,46.0,,,,,,,,,
1983-08-22,42.0,,,,,,,,,
1983-08-23,44.0,,,,,,,,,
1983-08-24,48.0,,,,,,,,,
1983-08-25,113.0,,,,,,,,,
1983-08-26,85.0,,,,,,,,,
1983-08-27,79.0,,,,,,,,,
1983-08-28,77.0,,,,,,,,,
1983-08-29,61.0,,,,,,,,,
1983-08-30,52.0,,,,,,,,,
1983-08-31,46.0,,,,,,,,,
1983-09-01,360.0,,,,,,,,,
1983-09-02,221.0,,,,,,,,,
1983-09-03,108.0,,,,,,,,,
1983-09-04,69.0,,,,,,,,,
1983-09-05,65.0,,,,,,,,,
1983-09-06,63.0,,,,,,,,,
1983-09-07,86.0,,,,,,,,,
1983-09-08,74.0,,,,,,,,,
1983-09-09,58.0,,,,,,,,,
1983-09-10,72.0,,,,,,,,,
1983-09-11,65.0,,,,,,,,,
1983-09-12,292.0,,,,,,,,,
1983-09-13,149.0,,,,,,,,,
1983-09-14,97.0,,,,,,,,,
1983-09-15,91.0,,,,,,,,,
1983-09-16,76.0,,,,,,,,,
1983-09-17,67.0,,,,,,,,,
1983-09-18,63.0,,,,,,,,,
1983-09-19,60.0,,,,,,,,,
1983-09-20,64.0,,,,,,,,,
1983-09-21,66.0,,,,,,,,,
1983-09-22,77.0,,,,,,,,,
1983-09-23,66.0,,,,,,,,,
1983-09-24,63.0,,,,,,,,,
1983-09-25,62.0,,,,,,,,,
1983-09-26,62.0,,,,,,,,,
1983-09-27,84.0,,,,,,,,,
1983-09-28,333.0,,,,,,,,,
1983-09-29,207.0,,,,,,,,,
1983-09-30,105.0,,,,,,,,,
1983-10-01,80.0,,,,,,,,,
1983-10-02,67.0,,,,,,,,,
1983-10-03,60.0,,,,,,,,,
1983-10-04,104.0,,,,,,,,,
1983-10-05,159.0,,,,,,,,,
1983-10-06,106.0,,,,,,,,,
1983-10-07,87.0,,,,,,,,,
1983-10-08,111.0,,,,,,,,,
1983-10-09,107.0,,,,,,,,,
1983-10-10,81.0,,,,,,,,,
1983-10-11,73.0,,,,,,,,,
1983-10-12,70.0,,,,,,,,,
1983-10-13,77.0,,,,,,,,,
1983-10-14,85.0,,,,,,,,,
1983-10-15,73.0,,,,,,,,,
1983-10-16,68.0,,,,,,,,,
1983-10-17,66.0,,,,,,,,,
1983-10-18,61.0,,,,,,,,,
1983-10-19,88.0,,,,,,,,,
1983-10-20,161.0,,,,,,,,,
1983-10-21,102.0,,,,,,,,,
1983-10-22,93.0,,,,,,,,,
1983-10-23,86.0,,,,,,,,,
1983-10-24,78.0,,,,,,,,,
1983-10-25,69.0,,,,,,,,,
1983-10-26,69.0,,,,,,,,,
1983-10-27,126.0,,,,,,,,,
1983-10-28,84.0,,,,,,,,,
1983-10-29,72.0,,,,,,,,,
1983-10-30,66.0,,,,,,,,,
1983-10-31,62.0,,,,,,,,,
1983-11-01,61.0,,,,,,,,,
1983-11-02,59.0,,,,,,,,,
1983-11-03,58.0,,,,,,,,,
1983-11-04,58.0,,,,,,,,,
1983-11-05,56.0,,,,,,,,,
1983-11-06,58.0,,,,,,,,,
1983-11-07,57.0,,,,,,,,,
1983-11-08,55.0,,,,,,,,,
1983-11-09,54.0,,,,,,,,,
1983-11-10,50.0,,,,,,,,,
1983-11-11,52.0,,,,,,,,,
1983-11-12,51.0,,,,,,,,,
1983-11-13,51.0,,,,,,,,,
1983-11-14,50.0,,,,,,,,,
1983-11-15,50.0,,,,,,,,,
1983-11-16,52.0,,,,,,,,,
1983-11-17,52.0,,,,,,,,,
1983-11-18,56.0,,,,,,,,,
1983-11-19,54.0,,,,,,,,,
1983-11-20,52.0,,,,,,,,,
1983-11-21,52.0,,,,,,,,,
1983-11-22,52.0,,,,,,,,,
1983-11-23,53.0,,,,,,,,,
1983-11-24,51.0,,,,,,,,,
1983-11-25,50.0,,,,,,,,,
1983-11-26,52.0,,,,,,,,,
1983-11-27,51.0,,,,,,,,,
1983-11-28,52.0,,,,,,,,,
1983-11-29,57.0,,,,,,,,,
1983-11-30,63.0,,,,,,,,,
1983-12-01,62.0,,,,,,,,,
1983-12-02,56.0,,,,,,,,,
1983-12-03,53.0,,,,,,,,,
1983-12-04,50.0,,,,,,,,,
1983-12-05,49.0,,,,,,,,,
1983-12-06,50.0,,,,,,,,,
1983-12-07,50.0,,,,,,,,,
1983-12-08,48.0,,,,,,,,,
1983-12-09,48.0,,,,,,,,,
1983-12-10,46.0,,,,,,,,,
1983-12-11,53.0,,,,,,,,,
1983-12-12,53.0,,,,,,,,,
1983-12-13,50.0,,,,,,,,,
1983-12-14,50.0,,,,,,,,,
1983-12-15,52.0,,,,,,,,,
1983-12-16,52.0,,,,,,,,,
1983-12-17,51.0,,,,,,,,,
1983-12-18,50.0,,,,,,,,,
1983-12-19,51.0,,,,,,,,,
1983-12-20,50.0,,,,,,,,,
1983-12-21,49.0,,,,,,,,,
1983-12-22,55.0,,,,,,,,,
1983-12-23,54.0,,,,,,,,,
1983-12-24,51.0,,,,,,,,,
1983-12-25,51.0,,,,,,,,,
1983-12-26,49.0,,,,,,,,,
1983-12-27,47.0,,,,,,,,,
1983-12-28,47.0,,,,,,,,,
1983-12-29,47.0,,,,,,,,,
1983-12-30,46.0,,,,,,,,,
1983-12-31,47.0,,,,,,,,,
1984-01-01,45.0,,,,,,,,,
1984-01-02,46.0,,,,,,,,,
1984-01-03,49.0,,,,,,,,,
1984-01-04,45.0,,,,,,,,,
1984-01-05,44.0,,,,,,,,,
1984-01-06,44.0,,,,,,,,,
1984-01-07,46.0,,,,,,,,,
1984-01-08,44.0,,,,,,,,,
1984-01-09,41.0,,,,,,,,,
1984-01-10,42.0,,,,,,,,,
1984-01-11,45.0,,,,,,,,,
1984-01-12,42.0,,,,,,,,,
1984-01-13,43.0,,,,,,,,,
1984-01-14,40.0,,,,,,,,,
1984-01-15,41.0,,,,,,,,,
1984-01-16,42.0,,,,,,,,,
1984-01-17,43.0,,,,,,,,,
1984-01-18,44.0,,,,,,,,,
1984-01-19,48.0,,,,,,,,,
1984-01-20,42.0,,,,,,,,,
1984-01-21,51.0,,,,,,,,,
1984-01-22,47.0,,,,,,,,,
1984-01-23,42.0,,,,,,,,,
1984-01-24,38.0,,,,,,,,,
1984-01-25,41.0,,,,,,,,,
1984-01-26,40.0,,,,,,,,,
1984-01-27,40.0,,,,,,,,,
1984-01-28,41.0,,,,,,,,,
1984-01-29,42.0,,,,,,,,,
1984-01-30,42.0,,,,,,,,,
1984-01-31,48.0,,,,,,,,,
1984-02-01,49.0,,,,,,,,,
1984-02-02,48.0,,,,,,,,,
1984-02-03,44.0,,,,,,,,,
1984-02-04,41.0,,,,,,,,,
1984-02-05,40.0,,,,,,,,,
1984-02-06,41.0,,,,,,,,,
1984-02-07,43.0,,,,,,,,,
1984-02-08,44.0,,,,,,,,,
1984-02-09,42.0,,,,,,,,,
1984-02-10,40.0,,,,,,,,,
1984-02-11,41.0,,,,,,,,,
1984-02-12,43.0,,,,,,,,,
1984-02-13,41.0,,,,,,,,,
1984-02-14,40.0,,,,,,,,,
1984-02-15,45.0,,,,,,,,,
1984-02-16,45.0,,,,,,,,,
1984-02-17,47.0,,,,,,,,,
1984-02-18,50.0,,,,,,,,,
1984-02-19,43.0,,,,,,,,,
1984-02-20,43.0,,,,,,,,,
1984-02-21,43.0,,,,,,,,,
1984-02-22,39.0,,,,,,,,,
1984-02-23,91.0,,,,,,,,,
1984-02-24,115.0,,,,,,,,,
1984-02-25,79.0,,,,,,,,,
1984-02-26,77.0,,,,,,,,,
1984-02-27,73.0,,,,,,,,,
1984-02-28,65.0,,,,,,,,,
1984-02-29,57.0,,,,,,,,,
1984-03-01,55.0,,,,,,,,,
1984-03-02,54.0,,,,,,,,,
1984-03-03,44.0,,,,,,,,,
1984-03-04,45.0,,,,,,,,,
1984-03-05,46.0,,,,,,,,,
1984-03-06,44.0,,,,,,,,,
1984-03-07,51.0,,,,,,,,,
1984-03-08,51.0,,,,,,,,,
1984-03-09,53.0,,,,,,,,,
1984-03-10,51.0,,,,,,,,,
1984-03-11,46.0,,,,,,,,,
1984-03-12,49.0,,,,,,,,,
1984-03-13,47.0,,,,,,,,,
1984-03-14,51.0,,,,,,,,,
1984-03-15,59.0,,,,,,,,,
1984-03-16,77.0,,,,,,,,,
1984-03-17,85.0,,,,,,,,,
1984-03-18,62.0,,,,,,,,,
1984-03-19,111.0,,,,,,,,,
1984-03-20,121.0,,,,,,,,,
1984-03-21,112.0,,,,,,,,,
1984-03-22,100.0,,,,,,,,,
1984-03-23,78.0,,,,,,,,,
1984-03-24,76.0,,,,,,,,,
1984-03-25,71.0,,,,,,,,,
1984-03-26,67.0,,,,,,,,,
1984-03-27,63.0,,,,,,,,,
1984-03-28,65.0,,,,,,,,,
1984-03-29,63.0,,,,,,,,,
1984-03-30,61.0,,,,,,,,,
1984-03-31,61.0,,,,,,,,,
1984-04-01,60.0,,,,,,,,,
1984-04-02,52.0,,,,,,,,,
1984-04-03,48.0,,,,,,,,,
1984-04-04,78.0,,,,,,,,,
1984-04-05,271.0,,,,,,,,,
1984-04-06,188.0,,,,,,,,,
1984-04-07,123.0,,,,,,,,,
1984-04-08,104.0,,,,,,,,,
1984-04-09,87.0,,,,,,,,,
1984-04-10,83.0,,,,,,,,,
1984-04-11,78.0,,,,,,,,,
1984-04-12,73.0,,,,,,,,,
1984-04-13,65.0,,,,,,,,,
1984-04-14,58.0,,,,,,,,,
1984-04-15,60.0,,,,,,,,,
1984-04-16,68.0,,,,,,,,,
1984-04-17,60.0,,,,,,,,,
1984-04-18,59.0,,,,,,,,,
1984-04-19,141.0,,,,,,,,,
1984-04-20,84.0,,,,,,,,,
1984-04-21,72.0,,,,,,,,,
1984-04-22,66.0,,,,,,,,,
1984-04-23,62.0,,,,,,,,,
1984-04-24,72.0,,,,,,,,,
1984-04-25,56.0,,,,,,,,,
1984-04-26,53.0,,,,,,,,,
1984-04-27,56.0,,,,,,,,,
1984-04-28,58.0,,,,,,,,,
1984-04-29,50.0,,,,,,,,,
1984-04-30,78.0,,,,,,,,,
1984-05-01,68.0,,,,,,,,,
1984-05-02,60.0,,,,,,,,,
1984-05-03,52.0,,,,,,,,,
1984-05-04,51.0,,,,,,,,,
1984-05-05,57.0,,,,,,,,,
1984-05-06,53.0,,,,,,,,,
1984-05-07,48.0,,,,,,,,,
1984-05-08,48.0,,,,,,,,,
1984-05-09,47.0,,,,,,,,,
1984-05-10,45.0,,,,,,,,,
1984-05-11,44.0,,,,,,,,,
1984-05-12,43.0,,,,,,,,,
1984-05-13,60.0,,,,,,,,,
1984-05-14,101.0,,,,,,,,,
1984-05-15,75.0,,,,,,,,,
1984-05-16,87.0,,,,,,,,,
1984-05-17,121.0,,,,,,,,,
1984-05-18,81.0,,,,,,,,,
1984-05-19,72.0,,,,,,,,,
1984-05-20,73.0,,,,,,,,,
1984-05-21,60.0,,,,,,,,,
1984-05-22,50.0,,,,,,,,,
1984-05-23,50.0,,,,,,,,,
1984-05-24,47.0,,,,,,,,,
1984-05-25,45.0,,,,,,,,,
1984-05-26,43.0,,,,,,,,,
1984-05-27,41.0,,,,,,,,,
1984-05-28,41.0,,,,,,,,,
1984-05-29,93.0,,,,,,,,,
1984-05-30,68.0,,,,,,,,,
1984-05-31,59.0,,,,,,,,,
1984-06-01,62.0,,,,,,,,,
1984-06-02,54.0,,,,,,,,,
1984-06-03,49.0,,,,,,,,,
1984-06-04,48.0,,,,,,,,,
1984-06-05,45.0,,,,,,,,,
1984-06-06,46.0,,,,,,,,,
1984-06-07,71.0,,,,,,,,,
1984-06-08,353.0,,,,,,,,,
1984-06-09,154.0,,,,,,,,,
1984-06-10,263.0,,,,,,,,,
1984-06-11,163.0,,,,,,,,,
1984-06-12,94.0,,,,,,,,,
1984-06-13,86.0,,,,,,,,,
1984-06-14,75.0,,,,,,,,,
1984-06-15,55.0,,,,,,,,,
1984-06-16,55.0,,,,,,,,,
1984-06-17,66.0,,,,,,,,,
1984-06-18,39.0,,,,,,,,,
1984-06-19,77.0,,,,,,,,,
1984-06-20,201.0,,,,,,,,,
1984-06-21,105.0,,,,,,,,,
1984-06-22,255.0,,,,,,,,,
1984-06-23,635.0,,,,,,,,,
1984-06-24,649.0,,,,,,,,,
1984-06-25,896.0,,,,,,,,,
1984-06-26,716.0,,,,,,,,,
1984-06-27,1055.0,,,,,,,,,
1984-06-28,472.0,,,,,,,,,
1984-06-29,502.0,,,,,,,,,
1984-06-30,267.0,,,,,,,,,
1984-07-01,295.0,,,,,,,,,
1984-07-02,245.0,,,,,,,,,
1984-07-03,176.0,,,,,,,,,
1984-07-04,149.0,,,,,,,,,
1984-07-05,132.0,,,,,,,,,
1984-07-06,116.0,,,,,,,,,
1984-07-07,123.0,,,,,,,,,
1984-07-08,112.0,,,,,,,,,
1984-07-09,88.0,,,,,,,,,
1984-07-10,103.0,,,,,,,,,
1984-07-11,201.0,,,,,,,,,
1984-07-12,159.0,,,,,,,,,
1984-07-13,145.0,,,,,,,,,
1984-07-14,122.0,,,,,,,,,
1984-07-15,89.0,,,,,,,,,
1984-07-16,67.0,,,,,,,,,
1984-07-17,60.0,,,,,,,,,
1984-07-18,58.0,,,,,,,,,
1984-07-19,56.0,,,,,,,,,
1984-07-20,73.0,,,,,,,,,
1984-07-21,117.0,,,,,,,,,
1984-07-22,194.0,,,,,,,,,
1984-07-23,320.0,,,,,,,,,
1984-07-24,168.0,,,,,,,,,
1984-07-25,107.0,,,,,,,,,
1984-07-26,91.0,,,,,,,,,
1984-07-27,89.0,,,,,,,,,
1984-07-28,86.0,,,,,,,,,
1984-07-29,70.0,,,,,,,,,
1984-07-30,52.0,,,,,,,,,
1984-07-31,49.0,,,,,,,,,
1984-08-01,44.0,,,,,,,,,
1984-08-02,41.0,,,,,,,,,
1984-08-03,36.0,,,,,,,,,
1984-08-04,37.0,,,,,,,,,
1984-08-05,44.0,,,,,,,,,
1984-08-06,46.0,,,,,,,,,
1984-08-07,63.0,,,,,,,,,
1984-08-08,52.0,,,,,,,,,
1984-08-09,50.0,,,,,,,,,
1984-08-10,46.0,,,,,,,,,
1984-08-11,40.0,,,,,,,,,
1984-08-12,41.0,,,,,,,,,
1984-08-13,43.0,,,,,,,,,
1984-08-14,61.0,,,,,,,,,
1984-08-15,58.0,,,,,,,,,
1984-08-16,53.0,,,,,,,,,
1984-08-17,47.0,,,,,,,,,
1984-08-18,39.0,,,,,,,,,
1984-08-19,36.0,,,,,,,,,
1984-08-20,44.0,,,,,,,,,
1984-08-21,235.0,,,,,,,,,
1984-08-22,522.0,,,,,,,,,
1984-08-23,138.0,,,,,,,,,
1984-08-24,76.0,,,,,,,,,
1984-08-25,81.0,,,,,,,,,
1984-08-26,589.0,,,,,,,,,
1984-08-27,226.0,,,,,,,,,
1984-08-28,117.0,,,,,,,,,
1984-08-29,99.0,,,,,,,,,
1984-08-30,86.0,,,,,,,,,
1984-08-31,77.0,,,,,,,,,
1984-09-01,73.0,,,,,,,,,
1984-09-02,93.0,,,,,,,,,
1984-09-03,157.0,,,,,,,,,
1984-09-04,319.0,,,,,,,,,
1984-09-05,277.0,,,,,,,,,
1984-09-06,176.0,,,,,,,,,
1984-09-07,130.0,,,,,,,,,
1984-09-08,163.0,,,,,,,,,
1984-09-09,167.0,,,,,,,,,
1984-09-10,146.0,,,,,,,,,
1984-09-11,133.0,,,,,,,,,
1984-09-12,118.0,,,,,,,,,
1984-09-13,101.0,,,,,,,,,
1984-09-14,95.0,,,,,,,,,
1984-09-15,87.0,,,,,,,,,
1984-09-16,74.0,,,,,,,,,
1984-09-17,67.0,,,,,,,,,
1984-09-18,85.0,,,,,,,,,
1984-09-19,79.0,,,,,,,,,
1984-09-20,73.0,,,,,,,,,
1984-09-21,60.0,,,,,,,,,
1984-09-22,53.0,,,,,,,,,
1984-09-23,50.0,,,,,,,,,
1984-09-24,50.0,,,,,,,,,
1984-09-25,53.0,,,,,,,,,
1984-09-26,53.0,,,,,,,,,
1984-09-27,48.0,,,,,,,,,
1984-09-28,47.0,,,,,,,,,
1984-09-29,51.0,,,,,,,,,
1984-09-30,66.0,,,,,,,,,
1984-10-01,60.0,,,,,,,,,
1984-10-02,56.0,,,,,,,,,
1984-10-03,99.0,,,,,,,,,
1984-10-04,79.0,,,,,,,,,
1984-10-05,64.0,,,,,,,,,
1984-10-06,60.0,,,,,,,,,
1984-10-07,63.0,,,,,,,,,
1984-10-08,55.0,,,,,,,,,
1984-10-09,55.0,,,,,,,,,
1984-10-10,52.0,,,,,,,,,
1984-10-11,53.0,,,,,,,,,
1984-10-12,51.0,,,,,,,,,
1984-10-13,49.0,,,,,,,,,
1984-10-14,48.0,,,,,,,,,
1984-10-15,46.0,,,,,,,,,
1984-10-16,46.0,,,,,,,,,
1984-10-17,46.0,,,,,,,,,
1984-10-18,46.0,,,,,,,,,
1984-10-19,46.0,,,,,,,,,
1984-10-20,44.0,,,,,,,,,
1984-10-21,43.0,,,,,,,,,
1984-10-22,43.0,,,,,,,,,
1984-10-23,43.0,,,,,,,,,
1984-10-24,43.0,,,,,,,,,
1984-10-25,43.0,,,,,,,,,
1984-10-26,45.0,,,,,,,,,
1984-10-27,44.0,,,,,,,,,
1984-10-28,44.0,,,,,,,,,
1984-10-29,43.0,,,,,,,,,
1984-10-30,43.0,,,,,,,,,
1984-10-31,42.0,,,,,,,,,
1984-11-01,42.0,,,,,,,,,
1984-11-02,41.0,,,,,,,,,
1984-11-03,41.0,,,,,,,,,
1984-11-04,41.0,,,,,,,,,
1984-11-05,41.0,,,,,,,,,
1984-11-06,40.0,,,,,,,,,
1984-11-07,41.0,,,,,,,,,
1984-11-08,42.0,,,,,,,,,
1984-11-09,40.0,,,,,,,,,
1984-11-10,39.0,,,,,,,,,
1984-11-11,60.0,,,,,,,,,
1984-11-12,48.0,,,,,,,,,
1984-11-13,40.0,,,,,,,,,
1984-11-14,39.0,,,,,,,,,
1984-11-15,70.0,,,,,,,,,
1984-11-16,69.0,,,,,,,,,
1984-11-17,47.0,,,,,,,,,
1984-11-18,42.0,,,,,,,,,
1984-11-19,43.0,,,,,,,,,
1984-11-20,43.0,,,,,,,,,
1984-11-21,41.0,,,,,,,,,
1984-11-22,41.0,,,,,,,,,
1984-11-23,40.0,,,,,,,,,
1984-11-24,41.0,,,,,,,,,
1984-11-25,39.0,,,,,,,,,
1984-11-26,39.0,,,,,,,,,
1984-11-27,39.0,,,,,,,,,
1984-11-28,39.0,,,,,,,,,
1984-11-29,40.0,,,,,,,,,
1984-11-30,40.0,,,,,,,,,
1984-12-01,42.0,,,,,,,,,
1984-12-02,41.0,,,,,,,,,
1984-12-03,40.0,,,,,,,,,
1984-12-04,40.0,,,,,,,,,
1984-12-05,43.0,,,,,,,,,
1984-12-06,43.0,,,,,,,,,
1984-12-07,44.0,,,,,,,,,
1984-12-08,47.0,,,,,,,,,
1984-12-09,47.0,,,,,,,,,
1984-12-10,46.0,,,,,,,,,
1984-12-11,59.0,,,,,,,,,
1984-12-12,50.0,,,,,,,,,
1984-12-13,40.0,,,,,,,,,
1984-12-14,44.0,,,,,,,,,
1984-12-15,50.0,,,,,,,,,
1984-12-16,58.0,,,,,,,,,
1984-12-17,68.0,,,,,,,,,
1984-12-18,54.0,,,,,,,,,
1984-12-19,51.0,,,,,,,,,
1984-12-20,46.0,,,,,,,,,
1984-12-21,43.0,,,,,,,,,
1984-12-22,44.0,,,,,,,,,
1984-12-23,46.0,,,,,,,,,
1984-12-24,47.0,,,,,,,,,
1984-12-25,48.0,,,,,,,,,
1984-12-26,46.0,,,,,,,,,
1984-12-27,45.0,,,,,,,,,
1984-12-28,45.0,,,,,,,,,
1984-12-29,44.0,,,,,,,,,
1984-12-30,44.0,,,,,,,,,
1984-12-31,44.0,,,,,,,,,
1985-01-01,44.0,,,,,,,,,
1985-01-02,44.0,,,,,,,,,
1985-01-03,56.0,,,,,,,,,
1985-01-04,49.0,,,,,,,,,
1985-01-05,46.0,,,,,,,,,
1985-01-06,44.0,,,,,,,,,
1985-01-07,43.0,,,,,,,,,
1985-01-08,41.0,,,,,,,,,
1985-01-09,40.0,,,,,,,,,
1985-01-10,42.0,,,,,,,,,
1985-01-11,43.0,,,,,,,,,
1985-01-12,43.0,,,,,,,,,
1985-01-13,43.0,,,,,,,,,
1985-01-14,44.0,,,,,,,,,
1985-01-15,42.0,,,,,,,,,
1985-01-16,42.0,,,,,,,,,
1985-01-17,41.0,,,,,,,,,
1985-01-18,41.0,,,,,,,,,
1985-01-19,42.0,,,,,,,,,
1985-01-20,45.0,,,,,,,,,
1985-01-21,44.0,,,,,,,,,
1985-01-22,43.0,,,,,,,,,
1985-01-23,43.0,,,,,,,,,
1985-01-24,41.0,,,,,,,,,
1985-01-25,45.0,,,,,,,,,
1985-01-26,48.0,,,,,,,,,
1985-01-27,50.0,,,,,,,,,
1985-01-28,50.0,,,,,,,,,
1985-01-29,47.0,,,,,,,,,
1985-01-30,44.0,,,,,,,,,
1985-01-31,43.0,,,,,,,,,
1985-02-01,42.0,,,,,,,,,
1985-02-02,41.0,,,,,,,,,
1985-02-03,41.0,,,,,,,,,
1985-02-04,42.0,,,,,,,,,
1985-02-05,43.0,,,,,,,,,
1985-02-06,43.0,,,,,,,,,
1985-02-07,42.0,,,,,,,,,
1985-02-08,42.0,,,,,,,,,
1985-02-09,62.0,,,,,,,,,
1985-02-10,70.0,,,,,,,,,
1985-02-11,59.0,,,,,,,,,
1985-02-12,50.0,,,,,,,,,
1985-02-13,45.0,,,,,,,,,
1985-02-14,44.0,,,,,,,,,
1985-02-15,44.0,,,,,,,,,
1985-02-16,47.0,,,,,,,,,
1985-02-17,45.0,,,,,,,,,
1985-02-18,46.0,,,,,,,,,
1985-02-19,226.0,,,,,,,,,
1985-02-20,143.0,,,,,,,,,
1985-02-21,84.0,,,,,,,,,
1985-02-22,75.0,,,,,,,,,
1985-02-23,71.0,,,,,,,,,
1985-02-24,67.0,,,,,,,,,
1985-02-25,63.0,,,,,,,,,
1985-02-26,62.0,,,,,,,,,
1985-02-27,59.0,,,,,,,,,
1985-02-28,86.0,,,,,,,,,
1985-03-01,80.0,,,,,,,,,
1985-03-02,79.0,,,,,,,,,
1985-03-03,94.0,,,,,,,,,
1985-03-04,84.0,,,,,,,,,
1985-03-05,79.0,,,,,,,,,
1985-03-06,74.0,,,,,,,,,
1985-03-07,70.0,,,,,,,,,
1985-03-08,87.0,,,,,,,,,
1985-03-09,247.0,,,,,,,,,
1985-03-10,174.0,,,,,,,,,
1985-03-11,159.0,,,,,,,,,
1985-03-12,179.0,,,,,,,,,
1985-03-13,131.0,,,,,,,,,
1985-03-14,141.0,,,,,,,,,
1985-03-15,125.0,,,,,,,,,
1985-03-16,111.0,,,,,,,,,
1985-03-17,142.0,,,,,,,,,
1985-03-18,135.0,,,,,,,,,
1985-03-19,138.0,,,,,,,,,
1985-03-20,126.0,,,,,,,,,
1985-03-21,144.0,,,,,,,,,
1985-03-22,122.0,,,,,,,,,
1985-03-23,112.0,,,,,,,,,
1985-03-24,103.0,,,,,,,,,
1985-03-25,93.0,,,,,,,,,
1985-03-26,133.0,,,,,,,,,
1985-03-27,140.0,,,,,,,,,
1985-03-28,141.0,,,,,,,,,
1985-03-29,126.0,,,,,,,,,
1985-03-30,119.0,,,,,,,,,
1985-03-31,109.0,,,,,,,,,
1985-04-01,97.0,,,,,,,,,
1985-04-02,85.0,,,,,,,,,
1985-04-03,89.0,,,,,,,,,
1985-04-04,98.0,,,,,,,,,
1985-04-05,83.0,,,,,,,,,
1985-04-06,78.0,,,,,,,,,
1985-04-07,95.0,,,,,,,,,
1985-04-08,122.0,,,,,,,,,
1985-04-09,92.0,,,,,,,,,
1985-04-10,83.0,,,,,,,,,
1985-04-11,125.0,,,,,,,,,
1985-04-12,190.0,,,,,,,,,
1985-04-13,208.0,,,,,,,,,
1985-04-14,148.0,,,,,,,,,
1985-04-15,138.0,,,,,,,,,
1985-04-16,134.0,,,,,,,,,
1985-04-17,125.0,,,,,,,,,
1985-04-18,120.0,,,,,,,,,
1985-04-19,107.0,,,,,,,,,
1985-04-20,121.0,,,,,,,,,
1985-04-21,108.0,,,,,,,,,
1985-04-22,103.0,,,,,,,,,
1985-04-23,105.0,,,,,,,,,
1985-04-24,95.0,,,,,,,,,
1985-04-25,85.0,,,,,,,,,
1985-04-26,85.0,,,,,,,,,
1985-04-27,85.0,,,,,,,,,
1985-04-28,79.0,,,,,,,,,
1985-04-29,69.0,,,,,,,,,
1985-04-30,63.0,,,,,,,,,
1985-05-01,65.0,,,,,,,,,
1985-05-02,56.0,,,,,,,,,
1985-05-03,53.0,,,,,,,,,
1985-05-04,50.0,,,,,,,,,
1985-05-05,51.0,,,,,,,,,
1985-05-06,61.0,,,,,,,,,
1985-05-07,94.0,,,,,,,,,
1985-05-08,69.0,,,,,,,,,
1985-05-09,58.0,,,,,,,,,
1985-05-10,69.0,,,,,,,,,
1985-05-11,75.0,,,,,,,,,
1985-05-12,64.0,,,,,,,,,
1985-05-13,70.0,,,,,,,,,
1985-05-14,143.0,,,,,,,,,
1985-05-15,120.0,,,,,,,,,
1985-05-16,82.0,,,,,,,,,
1985-05-17,73.0,,,,,,,,,
1985-05-18,66.0,,,,,,,,,
1985-05-19,80.0,,,,,,,,,
1985-05-20,403.0,,,,,,,,,
1985-05-21,280.0,,,,,,,,,
1985-05-22,163.0,,,,,,,,,
1985-05-23,125.0,,,,,,,,,
1985-05-24,105.0,,,,,,,,,
1985-05-25,109.0,,,,,,,,,
1985-05-26,86.0,,,,,,,,,
1985-05-27,75.0,,,,,,,,,
1985-05-28,85.0,,,,,,,,,
1985-05-29,173.0,,,,,,,,,
1985-05-30,108.0,,,,,,,,,
1985-05-31,85.0,,,,,,,,,
1985-06-01,137.0,,,,,,,,,
1985-06-02,124.0,,,,,,,,,
1985-06-03,95.0,,,,,,,,,
1985-06-04,83.0,,,,,,,,,
1985-06-05,71.0,,,,,,,,,
1985-06-06,65.0,,,,,,,,,
1985-06-07,87.0,,,,,,,,,
1985-06-08,254.0,,,,,,,,,
1985-06-09,130.0,,,,,,,,,
1985-06-10,85.0,,,,,,,,,
1985-06-11,74.0,,,,,,,,,
1985-06-12,71.0,,,,,,,,,
1985-06-13,67.0,,,,,,,,,
1985-06-14,63.0,,,,,,,,,
1985-06-15,49.0,,,,,,,,,
1985-06-16,41.0,,,,,,,,,
1985-06-17,38.0,,,,,,,,,
1985-06-18,29.0,,,,,,,,,
1985-06-19,33.0,,,,,,,,,
1985-06-20,31.0,,,,,,,,,
1985-06-21,117.0,,,,,,,,,
1985-06-22,267.0,,,,,,,,,
1985-06-23,265.0,,,,,,,,,
1985-06-24,165.0,,,,,,,,,
1985-06-25,1554.0,,,,,,,,,
1985-06-26,2111.0,,,,,,,,,
1985-06-27,2626.0,,,,,,,,,
1985-06-28,2895.0,,,,,,,,,
1985-06-29,1367.0,,,,,,,,,
1985-06-30,686.0,,,,,,,,,
1985-07-01,386.0,,,,,,,,,
1985-07-02,554.0,,,,,,,,,
1985-07-03,1220.0,,,,,,,,,
1985-07-04,1212.0,,,,,,,,,
1985-07-05,665.0,,,,,,,,,
1985-07-06,401.0,,,,,,,,,
1985-07-07,306.0,,,,,,,,,
1985-07-08,264.0,,,,,,,,,
1985-07-09,405.0,,,,,,,,,
1985-07-10,528.0,,,,,,,,,
1985-07-11,450.0,,,,,,,,,
1985-07-12,380.0,,,,,,,,,
1985-07-13,268.0,,,,,,,,,
1985-07-14,247.0,,,,,,,,,
1985-07-15,188.0,,,,,,,,,
1985-07-16,169.0,,,,,,,,,
1985-07-17,141.0,,,,,,,,,
1985-07-18,156.0,,,,,,,,,
1985-07-19,307.0,,,,,,,,,
1985-07-20,207.0,,,,,,,,,
1985-07-21,163.0,,,,,,,,,
1985-07-22,127.0,,,,,,,,,
1985-07-23,110.0,,,,,,,,,
1985-07-24,103.0,,,,,,,,,
1985-07-25,101.0,,,,,,,,,
1985-07-26,111.0,,,,,,,,,
1985-07-27,90.0,,,,,,,,,
1985-07-28,86.0,,,,,,,,,
1985-07-29,71.0,,,,,,,,,
1985-07-30,65.0,,,,,,,,,
1985-07-31,56.0,,,,,,,,,
1985-08-01,55.0,,,,,,,,,
1985-08-02,53.0,,,,,,,,,
1985-08-03,50.0,,,,,,,,,
1985-08-04,51.0,,,,,,,,,
1985-08-05,58.0,,,,,,,,,
1985-08-06,66.0,,,,,,,,,
1985-08-07,57.0,,,,,,,,,
1985-08-08,59.0,,,,,,,,,
1985-08-09,61.0,,,,,,,,,
1985-08-10,59.0,,,,,,,,,
1985-08-11,61.0,,,,,,,,,
1985-08-12,93.0,,,,,,,,,
1985-08-13,136.0,,,,,,,,,
1985-08-14,78.0,,,,,,,,,
1985-08-15,65.0,,,,,,,,,
1985-08-16,67.0,,,,,,,,,
1985-08-17,72.0,,,,,,,,,
1985-08-18,63.0,,,,,,,,,
1985-08-19,58.0,,,,,,,,,
1985-08-20,55.0,,,,,,,,,
1985-08-21,51.0,,,,,,,,,
1985-08-22,48.0,,,,,,,,,
1985-08-23,47.0,,,,,,,,,
1985-08-24,47.0,,,,,,,,,
1985-08-25,45.0,,,,,,,,,
1985-08-26,46.0,,,,,,,,,
1985-08-27,47.0,,,,,,,,,
1985-08-28,44.0,,,,,,,,,
1985-08-29,42.0,,,,,,,,,
1985-08-30,42.0,,,,,,,,,
1985-08-31,149.0,,,,,,,,,
1985-09-01,179.0,,,,,,,,,
1985-09-02,102.0,,,,,,,,,
1985-09-03,122.0,,,,,,,,,
1985-09-04,100.0,,,,,,,,,
1985-09-05,65.0,,,,,,,,,
1985-09-06,52.0,,,,,,,,,
1985-09-07,106.0,,,,,,,,,
1985-09-08,85.0,,,,,,,,,
1985-09-09,58.0,,,,,,,,,
1985-09-10,52.0,,,,,,,,,
1985-09-11,45.0,,,,,,,,,
1985-09-12,92.0,,,,,,,,,
1985-09-13,85.0,,,,,,,,,
1985-09-14,49.0,,,,,,,,,
1985-09-15,41.0,,,,,,,,,
1985-09-16,42.0,,,,,,,,,
1985-09-17,53.0,,,,,,,,,
1985-09-18,46.0,,,,,,,,,
1985-09-19,47.0,,,,,,,,,
1985-09-20,96.0,,,,,,,,,
1985-09-21,61.0,,,,,,,,,
1985-09-22,115.0,,,,,,,,,
1985-09-23,189.0,,,,,,,,,
1985-09-24,110.0,,,,,,,,,
1985-09-25,72.0,,,,,,,,,
1985-09-26,53.0,,,,,,,,,
1985-09-27,44.0,,,,,,,,,
1985-09-28,231.0,,,,,,,,,
1985-09-29,189.0,,,,,,,,,
1985-09-30,101.0,,,,,,,,,
1985-10-01,71.0,,,,,,,,,
1985-10-02,59.0,,,,,,,,,
1985-10-03,50.0,,,,,,,,,
1985-10-04,76.0,,,,,,,,,
1985-10-05,88.0,,,,,,,,,
1985-10-06,86.0,,,,,,,,,
1985-10-07,87.0,,,,,,,,,
1985-10-08,76.0,,,,,,,,,
1985-10-09,70.0,,,,,,,,,
1985-10-10,63.0,,,,,,,,,
1985-10-11,87.0,,,,,,,,,
1985-10-12,138.0,,,,,,,,,
1985-10-13,281.0,,,,,,,,,
1985-10-14,271.0,,,,,,,,,
1985-10-15,140.0,,,,,,,,,
1985-10-16,110.0,,,,,,,,,
1985-10-17,101.0,,,,,,,,,
1985-10-18,85.0,,,,,,,,,
1985-10-19,76.0,,,,,,,,,
1985-10-20,70.0,,,,,,,,,
1985-10-21,65.0,,,,,,,,,
1985-10-22,61.0,,,,,,,,,
1985-10-23,57.0,,,,,,,,,
1985-10-24,55.0,,,,,,,,,
1985-10-25,54.0,,,,,,,,,
1985-10-26,58.0,,,,,,,,,
1985-10-27,61.0,,,,,,,,,
1985-10-28,65.0,,,,,,,,,
1985-10-29,59.0,,,,,,,,,
1985-10-30,61.0,,,,,,,,,
1985-10-31,59.0,,,,,,,,,
1985-11-01,56.0,,,,,,,,,
1985-11-02,51.0,,,,,,,,,
1985-11-03,48.0,,,,,,,,,
1985-11-04,50.0,,,,,,,,,
1985-11-05,47.0,,,,,,,,,
1985-11-06,44.0,,,,,,,,,
1985-11-07,44.0,,,,,,,,,
1985-11-08,46.0,,,,,,,,,
1985-11-09,45.0,,,,,,,,,
1985-11-10,45.0,,,,,,,,,
1985-11-11,45.0,,,,,,,,,
1985-11-12,45.0,,,,,,,,,
1985-11-13,45.0,,,,,,,,,
1985-11-14,45.0,,,,,,,,,
1985-11-15,44.0,,,,,,,,,
1985-11-16,42.0,,,,,,,,,
1985-11-17,44.0,,,,,,,,,
1985-11-18,44.0,,,,,,,,,
1985-11-19,43.0,,,,,,,,,
1985-11-20,43.0,,,,,,,,,
1985-11-21,43.0,,,,,,,,,
1985-11-22,47.0,,,,,,,,,
1985-11-23,49.0,,,,,,,,,
1985-11-24,53.0,,,,,,,,,
1985-11-25,47.0,,,,,,,,,
1985-11-26,40.0,,,,,,,,,
1985-11-27,40.0,,,,,,,,,
1985-11-28,55.0,,,,,,,,,
1985-11-29,49.0,,,,,,,,,
1985-11-30,44.0,,,,,,,,,
1985-12-01,40.0,,,,,,,,,
1985-12-02,41.0,,,,,,,,,
1985-12-03,45.0,,,,,,,,,
1985-12-04,52.0,,,,,,,,,
1985-12-05,50.0,,,,,,,,,
1985-12-06,45.0,,,,,,,,,
1985-12-07,52.0,,,,,,,,,
1985-12-08,46.0,,,,,,,,,
1985-12-09,43.0,,,,,,,,,
1985-12-10,43.0,,,,,,,,,
1985-12-11,41.0,,,,,,,,,
1985-12-12,41.0,,,,,,,,,
1985-12-13,44.0,,,,,,,,,
1985-12-14,44.0,,,,,,,,,
1985-12-15,43.0,,,,,,,,,
1985-12-16,42.0,,,,,,,,,
1985-12-17,42.0,,,,,,,,,
1985-12-18,41.0,,,,,,,,,
1985-12-19,42.0,,,,,,,,,
1985-12-20,43.0,,,,,,,,,
1985-12-21,40.0,,,,,,,,,
1985-12-22,45.0,,,,,,,,,
1985-12-23,45.0,,,,,,,,,
1985-12-24,41.0,,,,,,,,,
1985-12-25,41.0,,,,,,,,,
1985-12-26,41.0,,,,,,,,,
1985-12-27,42.0,,,,,,,,,
1985-12-28,42.0,,,,,,,,,
1985-12-29,41.0,,,,,,,,,
1985-12-30,46.0,,,,,,,,,
1985-12-31,45.0,,,,,,,,,
1986-01-01,42.0,,,,,,36.0,,60.0,
1986-01-02,42.0,,,,,,30.0,,49.0,
1986-01-03,42.0,,,,,,32.0,,49.0,
1986-01-04,48.0,,,,,,46.0,,45.0,
1986-01-05,45.0,,,,,,41.0,,46.0,
1986-01-06,44.0,,,,,,33.0,,50.0,
1986-01-07,44.0,,,,,,37.0,,44.0,
1986-01-08,48.0,,,,,,52.0,,48.0,
1986-01-09,46.0,,,,,,49.0,,50.0,
1986-01-10,45.0,,,,,,37.0,,47.0,
1986-01-11,42.0,,,,,,37.0,,47.0,
1986-01-12,42.0,,,,,,27.0,,47.0,
1986-01-13,41.0,,,,,,25.0,,47.0,
1986-01-14,42.0,,,,,,29.0,,48.0,
1986-01-15,41.0,,,,,,27.0,,46.0,
1986-01-16,40.0,,,,,,29.0,,48.0,
1986-01-17,40.0,,,,,,27.0,,50.0,
1986-01-18,52.0,,,,,,33.0,,48.0,
1986-01-19,54.0,,,,,,33.0,,51.0,
1986-01-20,49.0,,,,,,37.0,,57.0,
1986-01-21,48.0,,,,,,35.0,,52.0,
1986-01-22,48.0,,,,,,28.0,,48.0,
1986-01-23,47.0,,,,,,32.0,,49.0,
1986-01-24,46.0,,,,,,21.0,,47.0,
1986-01-25,46.0,,,,,,25.0,,48.0,
1986-01-26,45.0,,,,,,26.0,,46.0,
1986-01-27,45.0,,,,,,22.0,,46.0,
1986-01-28,45.0,,,,,,26.0,,45.0,
1986-01-29,44.0,,,,,,21.0,,44.0,
1986-01-30,44.0,,,,,,23.0,,44.0,
1986-01-31,42.0,,,,,,21.0,,44.0,
1986-02-01,41.0,,,,,,24.0,,44.0,
1986-02-02,40.0,,,,,,19.0,,43.0,
1986-02-03,42.0,,,,,,19.0,,44.0,
1986-02-04,42.0,,,,,,19.0,,44.0,
1986-02-05,43.0,,,,,,17.0,,45.0,
1986-02-06,43.0,,,,,,18.0,,45.0,
1986-02-07,43.0,,,,,,18.0,,48.0,
1986-02-08,43.0,,,,,,18.0,,42.0,
1986-02-09,43.0,,,,,,14.0,,44.0,
1986-02-10,42.0,,,,,,17.0,,51.0,
1986-02-11,42.0,,,,,,16.0,,45.0,
1986-02-12,41.0,,,,,,19.0,,45.0,
1986-02-13,41.0,,,,,,18.0,,45.0,
1986-02-14,46.0,,,,,,29.0,,58.0,
1986-02-15,42.0,,,,,,21.0,,55.0,
1986-02-16,40.0,,,,,,20.0,,44.0,
1986-02-17,40.0,,,,,,19.0,,54.0,
1986-02-18,61.0,,,,,,42.0,,86.0,
1986-02-19,54.0,,,,,,78.0,,83.0,
1986-02-20,42.0,,,,,,28.0,,61.0,
1986-02-21,42.0,,,,,,36.0,,61.0,
1986-02-22,42.0,,,,,,30.0,,58.0,
1986-02-23,42.0,,,,,,24.0,,57.0,
1986-02-24,44.0,,,,,,27.0,,57.0,
1986-02-25,42.0,,,,,,25.0,,59.0,
1986-02-26,41.0,,,,,,24.0,,59.0,
1986-02-27,41.0,,,,,,25.0,,57.0,
1986-02-28,41.0,,,,,,18.0,,50.0,
1986-03-01,40.0,,,,,,19.0,,45.0,
1986-03-02,41.0,,,,,,23.0,,43.0,
1986-03-03,45.0,,,,,,25.0,,44.0,
1986-03-04,42.0,,,,,,26.0,,43.0,
1986-03-05,41.0,,,,,,24.0,,43.0,
1986-03-06,40.0,,,,,,24.0,,44.0,
1986-03-07,41.0,,,,,,23.0,,44.0,
1986-03-08,42.0,,,,,,24.0,,40.0,
1986-03-09,40.0,,,,,,24.0,,43.0,
1986-03-10,45.0,,,,,,31.0,,45.0,
1986-03-11,50.0,,,,,,36.0,,58.0,
1986-03-12,54.0,,,,,,34.0,,49.0,
1986-03-13,53.0,,,,,,31.0,,50.0,
1986-03-14,245.0,,,,,,228.0,,75.0,
1986-03-15,184.0,,,,,,221.0,,72.0,
1986-03-16,117.0,,,,,,138.0,,52.0,
1986-03-17,93.0,,,,,,101.0,,57.0,
1986-03-18,86.0,,,,,,84.0,,74.0,
1986-03-19,80.0,,,,,,76.0,,74.0,
1986-03-20,74.0,,,,,,62.0,,61.0,
1986-03-21,71.0,,,,,,56.0,,58.0,
1986-03-22,79.0,,,,,,67.0,,93.0,
1986-03-23,122.0,,,,,,89.0,,87.0,
1986-03-24,108.0,,,,,,76.0,,85.0,
1986-03-25,83.0,,,,,,65.0,,73.0,
1986-03-26,80.0,,,,,,55.0,,68.0,
1986-03-27,77.0,,,,,,60.0,,71.0,
1986-03-28,100.0,,,,,,68.0,,124.0,
1986-03-29,101.0,,,,,,57.0,,95.0,
1986-03-30,89.0,,,,,,59.0,,80.0,
1986-03-31,79.0,,,,,,54.0,,80.0,
1986-04-01,69.0,,,,,,53.0,,67.0,
1986-04-02,63.0,,,,,,56.0,,69.0,
1986-04-03,60.0,,,,,,44.0,,75.0,
1986-04-04,58.0,,,,,,47.0,,65.0,
1986-04-05,54.0,,,,,,42.0,,69.0,
1986-04-06,53.0,,,,,,34.0,,61.0,
1986-04-07,51.0,,,,,,36.0,,62.0,
1986-04-08,49.0,,,,,,42.0,,71.0,
1986-04-09,56.0,,,,,,46.0,,75.0,
1986-04-10,344.0,,,,,,258.0,,136.0,
1986-04-11,213.0,,,,,,211.0,,141.0,
1986-04-12,140.0,,,,,,160.0,,103.0,
1986-04-13,105.0,,,,,,113.0,,88.0,
1986-04-14,90.0,,,,,,109.0,,88.0,
1986-04-15,95.0,,,,,,129.0,,129.0,
1986-04-16,91.0,,,,,,120.0,,120.0,
1986-04-17,82.0,,,,,,100.0,,104.0,
1986-04-18,86.0,,,,,,114.0,,137.0,
1986-04-19,121.0,,,,,,96.0,,133.0,
1986-04-20,101.0,,,,,,87.0,,141.0,
1986-04-21,93.0,,,,,,77.0,,184.0,
1986-04-22,100.0,,,,,,87.0,,150.0,
1986-04-23,87.0,,,,,,83.0,,128.0,
1986-04-24,76.0,,,,,,57.0,,109.0,
1986-04-25,70.0,,,,,,67.0,,99.0,
1986-04-26,66.0,,,,,,67.0,,90.0,
1986-04-27,67.0,,,,,,67.0,,103.0,
1986-04-28,65.0,,,,,,67.0,,103.0,
1986-04-29,60.0,,,,,,67.0,,83.0,
1986-04-30,58.0,,,,,,67.0,,86.0,
1986-05-01,63.0,,,,,,67.0,,87.0,
1986-05-02,92.0,,,,,,67.0,,88.0,
1986-05-03,81.0,,,,,,67.0,,85.0,
1986-05-04,96.0,,,,,,67.0,,126.0,
1986-05-05,89.0,,,,,,67.0,,186.0,
1986-05-06,216.0,,,,,,94.0,,324.0,
1986-05-07,179.0,,,,,,63.0,,162.0,
1986-05-08,128.0,,,,,,88.0,,128.0,
1986-05-09,101.0,,,,,,58.0,,106.0,
1986-05-10,88.0,,,,,,72.0,,97.0,
1986-05-11,76.0,,,,,,55.0,,93.0,
1986-05-12,68.0,,,,,,47.0,,81.0,
1986-05-13,62.0,,,,,,46.0,,90.0,
1986-05-14,307.0,,,,,,42.0,,139.0,
1986-05-15,192.0,,,,,,73.0,,111.0,
1986-05-16,127.0,,,,,,70.0,,93.0,
1986-05-17,103.0,,,,,,46.0,,82.0,
1986-05-18,81.0,,,,,,46.0,,69.0,
1986-05-19,150.0,,,,,,100.0,,81.0,
1986-05-20,713.0,,,,,,363.0,,138.0,
1986-05-21,320.0,,,,,,239.0,,131.0,
1986-05-22,190.0,,,,,,167.0,,107.0,
1986-05-23,149.0,,,,,,127.0,,101.0,
1986-05-24,126.0,,,,,,109.0,,92.0,
1986-05-25,112.0,,,,,,88.0,,75.0,
1986-05-26,101.0,,,,,,83.0,,82.0,
1986-05-27,94.0,,,,,,82.0,,65.0,
1986-05-28,96.0,,,,,,72.0,,60.0,
1986-05-29,144.0,,,,,,106.0,,171.0,
1986-05-30,254.0,,,,,,90.0,,237.0,
1986-05-31,151.0,,,,,,69.0,,122.0,
1986-06-01,116.0,,,,,,68.0,,91.0,
1986-06-02,100.0,,,,,,62.0,,89.0,
1986-06-03,91.0,,,,,,53.0,,76.0,
1986-06-04,83.0,,,,,,50.0,,68.0,
1986-06-05,77.0,,,,,,42.0,,168.0,
1986-06-06,76.0,,,,,,75.0,,682.0,
1986-06-07,75.0,,,,,,52.0,,251.0,
1986-06-08,67.0,,,,,,43.0,,134.0,
1986-06-09,57.0,,,,,,36.0,,114.0,
1986-06-10,50.0,,,,,,38.0,,90.0,
1986-06-11,42.0,,,,,,33.0,,77.0,
1986-06-12,40.0,,,,,,34.0,,63.0,
1986-06-13,35.0,,,,,,32.0,,56.0,
1986-06-14,39.0,,,,,,33.0,,55.0,
1986-06-15,64.0,,,,,,44.0,,56.0,
1986-06-16,130.0,,,,,,47.0,,87.0,
1986-06-17,890.0,,,,,,133.0,,81.0,
1986-06-18,326.0,,,,,,143.0,,98.0,
1986-06-19,141.0,,,,,,93.0,,69.0,
1986-06-20,90.0,,,,,,77.0,,59.0,
1986-06-21,139.0,,,,,,371.0,,248.0,
1986-06-22,221.0,,,,,,319.0,,326.0,
1986-06-23,1428.0,,,,,,330.0,,341.0,
1986-06-24,425.0,,,,,,260.0,,214.0,
1986-06-25,471.0,,,,,,441.0,,221.0,
1986-06-26,339.0,,,,,,1488.0,,548.0,
1986-06-27,233.0,,,,,,607.0,,340.0,
1986-06-28,989.0,,,,,,569.0,,541.0,
1986-06-29,965.0,,,,,,619.0,,370.0,
1986-06-30,948.0,,,,,,1130.0,,762.0,
1986-07-01,373.0,,,,,,506.0,,446.0,
1986-07-02,250.0,,,,,,324.0,,315.0,
1986-07-03,183.0,,,,,,236.0,,236.0,
1986-07-04,165.0,,,,,,203.0,,200.0,
1986-07-05,628.0,,,,,,252.0,,306.0,
1986-07-06,588.0,,,,,,610.0,,300.0,
1986-07-07,396.0,,,,,,524.0,,266.0,
1986-07-08,1742.0,,,,,,793.0,,300.0,
1986-07-09,1122.0,,,,,,601.0,,400.0,
1986-07-10,1088.0,,,,,,397.0,,360.0,
1986-07-11,502.0,,,,,,400.0,,362.0,
1986-07-12,533.0,,,,,,557.0,,358.0,
1986-07-13,1207.0,,,,,,1216.0,,435.0,
1986-07-14,715.0,,,,,,616.0,,404.0,
1986-07-15,1697.0,,,,,,528.0,,385.0,
1986-07-16,773.0,,,,,,414.0,,243.0,
1986-07-17,397.0,,,,,,307.0,,225.0,
1986-07-18,307.0,,,,,,256.0,,147.0,
1986-07-19,233.0,,,,,,212.0,,138.0,
1986-07-20,220.0,,,,,,201.0,,124.0,
1986-07-21,214.0,,,,,,176.0,,116.0,
1986-07-22,191.0,,,,,,143.0,,108.0,
1986-07-23,154.0,,,,,,179.0,,104.0,
1986-07-24,211.0,,,,,,264.0,,105.0,
1986-07-25,182.0,,,,,,261.0,,125.0,
1986-07-26,134.0,,,,,,194.0,,103.0,
1986-07-27,113.0,,,,,,173.0,,88.0,
1986-07-28,102.0,,,,,,136.0,,92.0,
1986-07-29,83.0,,,,,,126.0,,82.0,
1986-07-30,77.0,,,,,,111.0,,74.0,
1986-07-31,62.0,,,,,,84.0,,74.0,
1986-08-01,74.0,,,,,,86.0,,89.0,
1986-08-02,60.0,,,,,,94.0,,81.0,
1986-08-03,51.0,,,,,,76.0,,140.0,
1986-08-04,48.0,,,,,,68.0,,161.0,
1986-08-05,48.0,,,,,,66.0,,115.0,
1986-08-06,52.0,,,,,,59.0,,87.0,
1986-08-07,49.0,,,,,,61.0,,81.0,
1986-08-08,53.0,,,,,,60.0,,85.0,
1986-08-09,53.0,,,,,,50.0,,77.0,
1986-08-10,54.0,,,,,,46.0,,75.0,
1986-08-11,55.0,,,,,,48.0,,61.0,
1986-08-12,59.0,,,,,,59.0,,98.0,
1986-08-13,57.0,,,,,,68.0,,103.0,
1986-08-14,54.0,,,,,,56.0,,88.0,
1986-08-15,55.0,,,,,,55.0,,64.0,
1986-08-16,59.0,,,,,,50.0,,79.0,
1986-08-17,51.0,,,,,,45.0,,71.0,
1986-08-18,52.0,,,,,,41.0,,72.0,
1986-08-19,57.0,,,,,,41.0,,69.0,
1986-08-20,55.0,,,,,,50.0,,73.0,
1986-08-21,93.0,,,,,,72.0,,80.0,
1986-08-22,129.0,,,,,,68.0,,76.0,
1986-08-23,80.0,,,,,,52.0,,76.0,
1986-08-24,72.0,,,,,,51.0,,112.0,
1986-08-25,64.0,,,,,,41.0,,87.0,
1986-08-26,61.0,,,,,,79.0,,313.0,
1986-08-27,62.0,,,,,,106.0,,896.0,
1986-08-28,71.0,,,,,,110.0,,652.0,
1986-08-29,101.0,,,,,,146.0,,594.0,
1986-08-30,65.0,,,,,,89.0,,292.0,
1986-08-31,59.0,,,,,,69.0,,183.0,
1986-09-01,53.0,,,,,,60.0,,148.0,
1986-09-02,52.0,,,,,,53.0,,123.0,
1986-09-03,50.0,,,,,,39.0,,116.0,
1986-09-04,49.0,,,,,,43.0,,114.0,
1986-09-05,47.0,,,,,,42.0,,100.0,
1986-09-06,43.0,,,,,,47.0,,157.0,
1986-09-07,45.0,,,,,,48.0,,188.0,
1986-09-08,51.0,,,,,,45.0,,115.0,
1986-09-09,211.0,,,,,,55.0,,95.0,
1986-09-10,245.0,,,,,,83.0,,83.0,
1986-09-11,209.0,,,,,,106.0,,69.0,
1986-09-12,137.0,,,,,,61.0,,73.0,
1986-09-13,144.0,,,,,,66.0,,74.0,
1986-09-14,103.0,,,,,,71.0,,64.0,
1986-09-15,96.0,,,,,,85.0,,91.0,
1986-09-16,89.0,,,,,,103.0,,112.0,
1986-09-17,104.0,,,,,,86.0,,132.0,
1986-09-18,117.0,,,,,,140.0,,274.0,
1986-09-19,205.0,,,,,,171.0,,245.0,
1986-09-20,386.0,,,,,,383.0,,390.0,
1986-09-21,305.0,,,,,,854.0,,702.0,
1986-09-22,214.0,,,,,,405.0,,374.0,
1986-09-23,152.0,,,,,,258.0,,205.0,
1986-09-24,112.0,,,,,,191.0,,168.0,
1986-09-25,88.0,,,,,,168.0,,133.0,
1986-09-26,83.0,,,,,,140.0,,120.0,
1986-09-27,76.0,,,,,,130.0,,113.0,
1986-09-28,69.0,,,,,,109.0,,95.0,
1986-09-29,63.0,,,,,,108.0,,98.0,
1986-09-30,51.0,,,,,,94.0,,92.0,
1986-10-01,54.0,,,,,,82.0,,82.0,
1986-10-02,58.0,,,,,,64.0,,79.0,
1986-10-03,54.0,,,,,,69.0,,82.0,
1986-10-04,63.0,,,,,,71.0,,83.0,
1986-10-05,65.0,,,,,,70.0,,83.0,
1986-10-06,67.0,,,,,,71.0,,76.0,
1986-10-07,66.0,,,,,,69.0,,79.0,
1986-10-08,63.0,,,,,,67.0,,72.0,
1986-10-09,61.0,,,,,,63.0,,68.0,
1986-10-10,66.0,,,,,,64.0,,74.0,
1986-10-11,72.0,,,,,,69.0,,79.0,
1986-10-12,72.0,,,,,,60.0,,64.0,
1986-10-13,60.0,,,,,,53.0,,57.0,
1986-10-14,54.0,,,,,,49.0,,67.0,
1986-10-15,51.0,,,,,,42.0,,70.0,
1986-10-16,49.0,,,,,,44.0,,63.0,
1986-10-17,48.0,,,,,,44.0,,62.0,
1986-10-18,47.0,,,,,,39.0,,63.0,
1986-10-19,45.0,,,,,,44.0,,54.0,
1986-10-20,44.0,,,,,,38.0,,54.0,
1986-10-21,47.0,,,,,,34.0,,55.0,
1986-10-22,56.0,,,,,,36.0,,60.0,
1986-10-23,48.0,,,,,,38.0,,47.0,
1986-10-24,47.0,,,,,,39.0,,57.0,
1986-10-25,48.0,,,,,,39.0,,54.0,
1986-10-26,49.0,,,,,,35.0,,50.0,
1986-10-27,55.0,,,,,,55.0,,95.0,
1986-10-28,51.0,,,,,,46.0,,65.0,
1986-10-29,48.0,,,,,,34.0,,44.0,
1986-10-30,46.0,,,,,,35.0,,47.0,
1986-10-31,45.0,,,,,,35.0,,53.0,
1986-11-01,44.0,,,,,,29.0,,56.0,
1986-11-02,44.0,,,,,,40.0,,63.0,
1986-11-03,45.0,,,,,,14.0,,64.0,
1986-11-04,46.0,,,,,,29.0,,65.0,
1986-11-05,46.0,,,,,,28.0,,56.0,
1986-11-06,43.0,,,,,,29.0,,49.0,
1986-11-07,44.0,,,,,,30.0,,51.0,
1986-11-08,43.0,,,,,,34.0,,41.0,
1986-11-09,44.0,,,,,,41.0,,42.0,
1986-11-10,45.0,,,,,,28.0,,42.0,
1986-11-11,45.0,,,,,,30.0,,41.0,
1986-11-12,45.0,,,,,,29.0,,44.0,
1986-11-13,45.0,,,,,,33.0,,48.0,
1986-11-14,45.0,,,,,,28.0,,52.0,
1986-11-15,45.0,,,,,,28.0,,51.0,
1986-11-16,44.0,,,,,,31.0,,44.0,
1986-11-17,43.0,,,,,,29.0,,51.0,
1986-11-18,43.0,,,,,,27.0,,44.0,
1986-11-19,43.0,,,,,,43.0,,52.0,
1986-11-20,42.0,,,,,,24.0,,43.0,
1986-11-21,40.0,,,,,,21.0,,41.0,
1986-11-22,42.0,,,,,,23.0,,41.0,
1986-11-23,45.0,,,,,,29.0,,42.0,
1986-11-24,50.0,,,,,,33.0,,53.0,
1986-11-25,45.0,,,,,,29.0,,55.0,
1986-11-26,42.0,,,,,,28.0,,51.0,
1986-11-27,43.0,,,,,,29.0,,48.0,
1986-11-28,41.0,,,,,,27.0,,44.0,
1986-11-29,43.0,,,,,,22.0,,52.0,
1986-11-30,42.0,,,,,,22.0,,46.0,
1986-12-01,42.0,,,,,,23.0,,60.0,
1986-12-02,42.0,,,,,,26.0,,61.0,
1986-12-03,41.0,,,,,,22.0,,60.0,
1986-12-04,42.0,,,,,,32.0,,54.0,
1986-12-05,41.0,,,,,,26.0,,49.0,
1986-12-06,41.0,,,,,,22.0,,43.0,
1986-12-07,42.0,,,,,,22.0,,34.0,
1986-12-08,42.0,,,,,,21.0,,36.0,
1986-12-09,41.0,,,,,,20.0,,42.0,
1986-12-10,40.0,,,,,,19.0,,42.0,
1986-12-11,42.0,,,,,,19.0,,40.0,
1986-12-12,41.0,,,,,,19.0,,42.0,
1986-12-13,44.0,,,,,,21.0,,43.0,
1986-12-14,44.0,,,,,,39.0,,62.0,
1986-12-15,60.0,,,,,,46.0,,74.0,
1986-12-16,45.0,,,,,,28.0,,55.0,
1986-12-17,42.0,,,,,,18.0,,55.0,
1986-12-18,46.0,,,,,,28.0,,74.0,
1986-12-19,52.0,,,,,,93.0,,64.0,
1986-12-20,53.0,,,,,,68.0,,53.0,
1986-12-21,47.0,,,,,,50.0,,51.0,
1986-12-22,45.0,,,,,,39.0,,49.0,
1986-12-23,46.0,,,,,,29.0,,46.0,
1986-12-24,46.0,,,,,,28.0,,47.0,
1986-12-25,44.0,,,,,,24.0,,52.0,
1986-12-26,43.0,,,,,,25.0,,55.0,
1986-12-27,44.0,,,,,,26.0,,51.0,
1986-12-28,48.0,,,,,,27.0,,46.0,
1986-12-29,47.0,,,,,,22.0,,52.0,
1986-12-30,46.0,,,,,,22.0,,52.0,
1986-12-31,56.0,,,,,,30.0,,55.0,
1987-01-01,44.0,,,,,,,,,
1987-01-02,50.0,,,,,,,,,
1987-01-03,61.0,,,,,,,,,
1987-01-04,53.0,,,,,,,,,
1987-01-05,51.0,,,,,,,,,
1987-01-06,53.0,,,,,,,,,
1987-01-07,58.0,,,,,,,,,
1987-01-08,62.0,,,,,,,,,
1987-01-09,56.0,,,,,,,,,
1987-01-10,54.0,,,,,,,,,
1987-01-11,52.0,,,,,,,,,
1987-01-12,49.0,,,,,,,,,
1987-01-13,55.0,,,,,,,,,
1987-01-14,54.0,,,,,,,,,
1987-01-15,52.0,,,,,,,,,
1987-01-16,58.0,,,,,,,,,
1987-01-17,85.0,,,,,,,,,
1987-01-18,64.0,,,,,,,,,
1987-01-19,59.0,,,,,,,,,
1987-01-20,53.0,,,,,,,,,
1987-01-21,50.0,,,,,,,,,
1987-01-22,50.0,,,,,,,,,
1987-01-23,61.0,,,,,,,,,
1987-01-24,97.0,,,,,,,,,
1987-01-25,75.0,,,,,,,,,
1987-01-26,65.0,,,,,,,,,
1987-01-27,63.0,,,,,,,,,
1987-01-28,59.0,,,,,,,,,
1987-01-29,56.0,,,,,,,,,
1987-01-30,56.0,,,,,,,,,
1987-01-31,59.0,,,,,,,,,
1987-02-01,55.0,,,,,,,,,
1987-02-02,56.0,,,,,,,,,
1987-02-03,57.0,,,,,,,,,
1987-02-04,66.0,,,,,,,,,
1987-02-05,67.0,,,,,,,,,
1987-02-06,60.0,,,,,,,,,
1987-02-07,61.0,,,,,,,,,
1987-02-08,67.0,,,,,,,,,
1987-02-09,64.0,,,,,,,,,
1987-02-10,64.0,,,,,,,,,
1987-02-11,71.0,,,,,,,,,
1987-02-12,91.0,,,,,,,,,
1987-02-13,76.0,,,,,,,,,
1987-02-14,65.0,,,,,,,,,
1987-02-15,62.0,,,,,,,,,
1987-02-16,60.0,,,,,,,,,
1987-02-17,68.0,,,,,,,,,
1987-02-18,87.0,,,,,,,,,
1987-02-19,80.0,,,,,,,,,
1987-02-20,70.0,,,,,,,,,
1987-02-21,63.0,,,,,,,,,
1987-02-22,60.0,,,,,,,,,
1987-02-23,58.0,,,,,,,,,
1987-02-24,55.0,,,,,,,,,
1987-02-25,55.0,,,,,,,,,
1987-02-26,54.0,,,,,,,,,
1987-02-27,51.0,,,,,,,,,
1987-02-28,53.0,,,,,,,,,
1987-03-01,53.0,,,,,,,,,
1987-03-02,56.0,,,,,,,,,
1987-03-03,53.0,,,,,,,,,
1987-03-04,63.0,,,,,,,,,
1987-03-05,65.0,,,,,,,,,
1987-03-06,62.0,,,,,,,,,
1987-03-07,104.0,,,,,,,,,
1987-03-08,119.0,,,,,,,,,
1987-03-09,113.0,,,,,,,,,
1987-03-10,97.0,,,,,,,,,
1987-03-11,168.0,,,,,,,,,
1987-03-12,144.0,,,,,,,,,
1987-03-13,134.0,,,,,,,,,
1987-03-14,150.0,,,,,,,,,
1987-03-15,142.0,,,,,,,,,
1987-03-16,127.0,,,,,,,,,
1987-03-17,163.0,,,,,,,,,
1987-03-18,172.0,,,,,,,,,
1987-03-19,166.0,,,,,,,,,
1987-03-20,227.0,,,,,,,,,
1987-03-21,177.0,,,,,,,,,
1987-03-22,139.0,,,,,,,,,
1987-03-23,127.0,,,,,,,,,
1987-03-24,176.0,,,,,,,,,
1987-03-25,152.0,,,,,,,,,
1987-03-26,125.0,,,,,,,,,
1987-03-27,101.0,,,,,,,,,
1987-03-28,94.0,,,,,,,,,
1987-03-29,111.0,,,,,,,,,
1987-03-30,107.0,,,,,,,,,
1987-03-31,103.0,,,,,,,,,
1987-04-01,99.0,,,,,,,,,
1987-04-02,114.0,,,,,,,,,
1987-04-03,111.0,,,,,,,,,
1987-04-04,104.0,,,,,,,,,
1987-04-05,101.0,,,,,,,,,
1987-04-06,98.0,,,,,,,,,
1987-04-07,99.0,,,,,,,,,
1987-04-08,104.0,,,,,,,,,
1987-04-09,128.0,,,,,,,,,
1987-04-10,138.0,,,,,,,,,
1987-04-11,129.0,,,,,,,,,
1987-04-12,123.0,,,,,,,,,
1987-04-13,109.0,,,,,,,,,
1987-04-14,100.0,,,,,,,,,
1987-04-15,92.0,,,,,,,,,
1987-04-16,86.0,,,,,,,,,
1987-04-17,82.0,,,,,,,,,
1987-04-18,81.0,,,,,,,,,
1987-04-19,79.0,,,,,,,,,
1987-04-20,76.0,,,,,,,,,
1987-04-21,103.0,,,,,,,,,
1987-04-22,126.0,,,,,,,,,
1987-04-23,81.0,,,,,,,,,
1987-04-24,77.0,,,,,,,,,
1987-04-25,70.0,,,,,,,,,
1987-04-26,92.0,,,,,,,,,
1987-04-27,85.0,,,,,,,,,
1987-04-28,71.0,,,,,,,,,
1987-04-29,64.0,,,,,,,,,
1987-04-30,65.0,,,,,,,,,
1987-05-01,108.0,,,,,,,,,
1987-05-02,104.0,,,,,,,,,
1987-05-03,115.0,,,,,,,,,
1987-05-04,108.0,,,,,,,,,
1987-05-05,97.0,,,,,,,,,
1987-05-06,86.0,,,,,,,,,
1987-05-07,81.0,,,,,,,,,
1987-05-08,74.0,,,,,,,,,
1987-05-09,71.0,,,,,,,,,
1987-05-10,69.0,,,,,,,,,
1987-05-11,66.0,,,,,,,,,
1987-05-12,68.0,,,,,,,,,
1987-05-13,123.0,,,,,,,,,
1987-05-14,358.0,,,,,,,,,
1987-05-15,186.0,,,,,,,,,
1987-05-16,136.0,,,,,,,,,
1987-05-17,127.0,,,,,,,,,
1987-05-18,108.0,,,,,,,,,
1987-05-19,92.0,,,,,,,,,
1987-05-20,80.0,,,,,,,,,
1987-05-21,72.0,,,,,,,,,
1987-05-22,91.0,,,,,,,,,
1987-05-23,287.0,,,,,,,,,
1987-05-24,178.0,,,,,,,,,
1987-05-25,130.0,,,,,,,,,
1987-05-26,135.0,,,,,,,,,
1987-05-27,231.0,,,,,,,,,
1987-05-28,177.0,,,,,,,,,
1987-05-29,144.0,,,,,,,,,
1987-05-30,121.0,,,,,,,,,
1987-05-31,106.0,,,,,,,,,
1987-06-01,97.0,,,,,,,,,
1987-06-02,112.0,,,,,,,,,
1987-06-03,377.0,,,,,,,,,
1987-06-04,213.0,,,,,,,,,
1987-06-05,146.0,,,,,,,,,
1987-06-06,125.0,,,,,,,,,
1987-06-07,92.0,,,,,,,,,
1987-06-08,242.0,,,,,,,,,
1987-06-09,777.0,,,,,,,,,
1987-06-10,336.0,,,,,,,,,
1987-06-11,193.0,,,,,,,,,
1987-06-12,139.0,,,,,,,,,
1987-06-13,123.0,,,,,,,,,
1987-06-14,152.0,,,,,,,,,
1987-06-15,288.0,,,,,,,,,
1987-06-16,232.0,,,,,,,,,
1987-06-17,132.0,,,,,,,,,
1987-06-18,92.0,,,,,,,,,
1987-06-19,144.0,,,,,,,,,
1987-06-20,342.0,,,,,,,,,
1987-06-21,187.0,,,,,,,,,
1987-06-22,133.0,,,,,,,,,
1987-06-23,110.0,,,,,,,,,
1987-06-24,111.0,,,,,,,,,
1987-06-25,124.0,,,,,,,,,
1987-06-26,91.0,,,,,,,,,
1987-06-27,78.0,,,,,,,,,
1987-06-28,75.0,,,,,,,,,
1987-06-29,80.0,,,,,,,,,
1987-06-30,103.0,,,,,,,,,
1987-07-01,86.0,,,,,,,,,
1987-07-02,190.0,,,,,,,,,
1987-07-03,655.0,,,,,,,,,
1987-07-04,511.0,,,,,,,,,
1987-07-05,700.0,,,,,,,,,
1987-07-06,355.0,,,,,,,,,
1987-07-07,293.0,,,,,,,,,
1987-07-08,264.0,,,,,,,,,
1987-07-09,176.0,,,,,,,,,
1987-07-10,141.0,,,,,,,,,
1987-07-11,126.0,,,,,,,,,
1987-07-12,114.0,,,,,,,,,
1987-07-13,102.0,,,,,,,,,
1987-07-14,127.0,,,,,,,,,
1987-07-15,191.0,,,,,,,,,
1987-07-16,307.0,,,,,,,,,
1987-07-17,610.0,,,,,,,,,
1987-07-18,1588.0,,,,,,,,,
1987-07-19,2005.0,,,,,,,,,
1987-07-20,2303.0,,,,,,,,,
1987-07-21,779.0,,,,,,,,,
1987-07-22,433.0,,,,,,,,,
1987-07-23,317.0,,,,,,,,,
1987-07-24,276.0,,,,,,,,,
1987-07-25,259.0,,,,,,,,,
1987-07-26,172.0,,,,,,,,,
1987-07-27,139.0,,,,,,,,,
1987-07-28,127.0,,,,,,,,,
1987-07-29,96.0,,,,,,,,,
1987-07-30,88.0,,,,,,,,,
1987-07-31,81.0,,,,,,,,,
1987-08-01,123.0,,,,,,,,,
1987-08-02,197.0,,,,,,,,,
1987-08-03,169.0,,,,,,,,,
1987-08-04,118.0,,,,,,,,,
1987-08-05,120.0,,,,,,,,,
1987-08-06,114.0,,,,,,,,,
1987-08-07,106.0,,,,,,,,,
1987-08-08,155.0,,,,,,,,,
1987-08-09,896.0,,,,,,,,,
1987-08-10,542.0,,,,,,,,,
1987-08-11,361.0,,,,,,,,,
1987-08-12,214.0,,,,,,,,,
1987-08-13,212.0,,,,,,,,,
1987-08-14,216.0,,,,,,,,,
1987-08-15,180.0,,,,,,,,,
1987-08-16,137.0,,,,,,,,,
1987-08-17,148.0,,,,,,,,,
1987-08-18,310.0,,,,,,,,,
1987-08-19,226.0,,,,,,,,,
1987-08-20,141.0,,,,,,,,,
1987-08-21,111.0,,,,,,,,,
1987-08-22,384.0,,,,,,,,,
1987-08-23,422.0,,,,,,,,,
1987-08-24,1103.0,,,,,,,,,
1987-08-25,1240.0,,,,,,,,,
1987-08-26,1121.0,,,,,,,,,
1987-08-27,438.0,,,,,,,,,
1987-08-28,310.0,,,,,,,,,
1987-08-29,202.0,,,,,,,,,
1987-08-30,192.0,,,,,,,,,
1987-08-31,302.0,,,,,,,,,
1987-09-01,191.0,,,,,,,,,
1987-09-02,169.0,,,,,,,,,
1987-09-03,145.0,,,,,,,,,
1987-09-04,128.0,,,,,,,,,
1987-09-05,133.0,,,,,,,,,
1987-09-06,140.0,,,,,,,,,
1987-09-07,138.0,,,,,,,,,
1987-09-08,116.0,,,,,,,,,
1987-09-09,107.0,,,,,,,,,
1987-09-10,101.0,,,,,,,,,
1987-09-11,120.0,,,,,,,,,
1987-09-12,590.0,,,,,,,,,
1987-09-13,597.0,,,,,,,,,
1987-09-14,280.0,,,,,,,,,
1987-09-15,216.0,,,,,,,,,
1987-09-16,192.0,,,,,,,,,
1987-09-17,167.0,,,,,,,,,
1987-09-18,140.0,,,,,,,,,
1987-09-19,125.0,,,,,,,,,
1987-09-20,111.0,,,,,,,,,
1987-09-21,98.0,,,,,,,,,
1987-09-22,96.0,,,,,,,,,
1987-09-23,91.0,,,,,,,,,
1987-09-24,140.0,,,,,,,,,
1987-09-25,136.0,,,,,,,,,
1987-09-26,106.0,,,,,,,,,
1987-09-27,92.0,,,,,,,,,
1987-09-28,95.0,,,,,,,,,
1987-09-29,91.0,,,,,,,,,
1987-09-30,82.0,,,,,,,,,
1987-10-01,83.0,,,,,,,,,
1987-10-02,76.0,,,,,,,,,
1987-10-03,74.0,,,,,,,,,
1987-10-04,78.0,,,,,,,,,
1987-10-05,88.0,,,,,,,,,
1987-10-06,115.0,,,,,,,,,
1987-10-07,141.0,,,,,,,,,
1987-10-08,79.0,,,,,,,,,
1987-10-09,87.0,,,,,,,,,
1987-10-10,81.0,,,,,,,,,
1987-10-11,84.0,,,,,,,,,
1987-10-12,91.0,,,,,,,,,
1987-10-13,78.0,,,,,,,,,
1987-10-14,73.0,,,,,,,,,
1987-10-15,65.0,,,,,,,,,
1987-10-16,77.0,,,,,,,,,
1987-10-17,314.0,,,,,,,,,
1987-10-18,146.0,,,,,,,,,
1987-10-19,113.0,,,,,,,,,
1987-10-20,93.0,,,,,,,,,
1987-10-21,84.0,,,,,,,,,
1987-10-22,81.0,,,,,,,,,
1987-10-23,68.0,,,,,,,,,
1987-10-24,101.0,,,,,,,,,
1987-10-25,130.0,,,,,,,,,
1987-10-26,109.0,,,,,,,,,
1987-10-27,130.0,,,,,,,,,
1987-10-28,117.0,,,,,,,,,
1987-10-29,108.0,,,,,,,,,
1987-10-30,84.0,,,,,,,,,
1987-10-31,139.0,,,,,,,,,
1987-11-01,102.0,,,,,,,,,
1987-11-02,150.0,,,,,,,,,
1987-11-03,130.0,,,,,,,,,
1987-11-04,119.0,,,,,,,,,
1987-11-05,100.0,,,,,,,,,
1987-11-06,95.0,,,,,,,,,
1987-11-07,98.0,,,,,,,,,
1987-11-08,94.0,,,,,,,,,
1987-11-09,91.0,,,,,,,,,
1987-11-10,88.0,,,,,,,,,
1987-11-11,79.0,,,,,,,,,
1987-11-12,70.0,,,,,,,,,
1987-11-13,72.0,,,,,,,,,
1987-11-14,74.0,,,,,,,,,
1987-11-15,72.0,,,,,,,,,
1987-11-16,70.0,,,,,,,,,
1987-11-17,72.0,,,,,,,,,
1987-11-18,71.0,,,,,,,,,
1987-11-19,69.0,,,,,,,,,
1987-11-20,66.0,,,,,,,,,
1987-11-21,65.0,,,,,,,,,
1987-11-22,63.0,,,,,,,,,
1987-11-23,60.0,,,,,,,,,
1987-11-24,60.0,,,,,,,,,
1987-11-25,59.0,,,,,,,,,
1987-11-26,57.0,,,,,,,,,
1987-11-27,67.0,,,,,,,,,
1987-11-28,76.0,,,,,,,,,
1987-11-29,66.0,,,,,,,,,
1987-11-30,62.0,,,,,,,,,
1987-12-01,60.0,,,,,,,,,
1987-12-02,60.0,,,,,,,,,
1987-12-03,59.0,,,,,,,,,
1987-12-04,58.0,,,,,,,,,
1987-12-05,59.0,,,,,,,,,
1987-12-06,61.0,,,,,,,,,
1987-12-07,64.0,,,,,,,,,
1987-12-08,60.0,,,,,,,,,
1987-12-09,65.0,,,,,,,,,
1987-12-10,71.0,,,,,,,,,
1987-12-11,66.0,,,,,,,,,
1987-12-12,63.0,,,,,,,,,
1987-12-13,61.0,,,,,,,,,
1987-12-14,59.0,,,,,,,,,
1987-12-15,57.0,,,,,,,,,
1987-12-16,58.0,,,,,,,,,
1987-12-17,58.0,,,,,,,,,
1987-12-18,57.0,,,,,,,,,
1987-12-19,56.0,,,,,,,,,
1987-12-20,56.0,,,,,,,,,
1987-12-21,54.0,,,,,,,,,
1987-12-22,55.0,,,,,,,,,
1987-12-23,57.0,,,,,,,,,
1987-12-24,57.0,,,,,,,,,
1987-12-25,57.0,,,,,,,,,
1987-12-26,57.0,,,,,,,,,
1987-12-27,56.0,,,,,,,,,
1987-12-28,56.0,,,,,,,,,
1987-12-29,56.0,,,,,,,,,
1987-12-30,55.0,,,,,,,,,
1987-12-31,55.0,,,,,,,,,
1988-01-01,55.0,,,,,,,,,
1988-01-02,55.0,,,,,,,,,
1988-01-03,55.0,,,,,,,,,
1988-01-04,55.0,,,,,,,,,
1988-01-05,58.0,,,,,,,,,
1988-01-06,61.0,,,,,,,,,
1988-01-07,57.0,,,,,,,,,
1988-01-08,60.0,,,,,,,,,
1988-01-09,58.0,,,,,,,,,
1988-01-10,57.0,,,,,,,,,
1988-01-11,64.0,,,,,,,,,
1988-01-12,57.0,,,,,,,,,
1988-01-13,56.0,,,,,,,,,
1988-01-14,57.0,,,,,,,,,
1988-01-15,59.0,,,,,,,,,
1988-01-16,60.0,,,,,,,,,
1988-01-17,56.0,,,,,,,,,
1988-01-18,55.0,,,,,,,,,
1988-01-19,54.0,,,,,,,,,
1988-01-20,54.0,,,,,,,,,
1988-01-21,63.0,,,,,,,,,
1988-01-22,68.0,,,,,,,,,
1988-01-23,63.0,,,,,,,,,
1988-01-24,57.0,,,,,,,,,
1988-01-25,53.0,,,,,,,,,
1988-01-26,46.0,,,,,,,,,
1988-01-27,46.0,,,,,,,,,
1988-01-28,47.0,,,,,,,,,
1988-01-29,49.0,,,,,,,,,
1988-01-30,45.0,,,,,,,,,
1988-01-31,45.0,,,,,,,,,
1988-02-01,45.0,,,,,,,,,
1988-02-02,46.0,,,,,,,,,
1988-02-03,47.0,,,,,,,,,
1988-02-04,47.0,,,,,,,,,
1988-02-05,47.0,,,,,,,,,
1988-02-06,46.0,,,,,,,,,
1988-02-07,45.0,,,,,,,,,
1988-02-08,43.0,,,,,,,,,
1988-02-09,44.0,,,,,,,,,
1988-02-10,44.0,,,,,,,,,
1988-02-11,44.0,,,,,,,,,
1988-02-12,44.0,,,,,,,,,
1988-02-13,43.0,,,,,,,,,
1988-02-14,43.0,,,,,,,,,
1988-02-15,43.0,,,,,,,,,
1988-02-16,43.0,,,,,,,,,
1988-02-17,42.0,,,,,,,,,
1988-02-18,41.0,,,,,,,,,
1988-02-19,41.0,,,,,,,,,
1988-02-20,41.0,,,,,,,,,
1988-02-21,41.0,,,,,,,,,
1988-02-22,41.0,,,,,,,,,
1988-02-23,48.0,,,,,,,,,
1988-02-24,43.0,,,,,,,,,
1988-02-25,40.0,,,,,,,,,
1988-02-26,47.0,,,,,,,,,
1988-02-27,58.0,,,,,,,,,
1988-02-28,52.0,,,,,,,,,
1988-02-29,49.0,,,,,,,,,
1988-03-01,58.0,,,,,,,,,
1988-03-02,68.0,,,,,,,,,
1988-03-03,69.0,,,,,,,,,
1988-03-04,70.0,,,,,,,,,
1988-03-05,62.0,,,,,,,,,
1988-03-06,58.0,,,,,,,,,
1988-03-07,58.0,,,,,,,,,
1988-03-08,56.0,,,,,,,,,
1988-03-09,56.0,,,,,,,,,
1988-03-10,55.0,,,,,,,,,
1988-03-11,69.0,,,,,,,,,
1988-03-12,137.0,,,,,,,,,
1988-03-13,96.0,,,,,,,,,
1988-03-14,91.0,,,,,,,,,
1988-03-15,161.0,,,,,,,,,
1988-03-16,133.0,,,,,,,,,
1988-03-17,135.0,,,,,,,,,
1988-03-18,124.0,,,,,,,,,
1988-03-19,109.0,,,,,,,,,
1988-03-20,100.0,,,,,,,,,
1988-03-21,132.0,,,,,,,,,
1988-03-22,242.0,,,,,,,,,
1988-03-23,175.0,,,,,,,,,
1988-03-24,136.0,,,,,,,,,
1988-03-25,181.0,,,,,,,,,
1988-03-26,189.0,,,,,,,,,
1988-03-27,153.0,,,,,,,,,
1988-03-28,133.0,,,,,,,,,
1988-03-29,159.0,,,,,,,,,
1988-03-30,129.0,,,,,,,,,
1988-03-31,108.0,,,,,,,,,
1988-04-01,97.0,,,,,,,,,
1988-04-02,101.0,,,,,,,,,
1988-04-03,104.0,,,,,,,,,
1988-04-04,90.0,,,,,,,,,
1988-04-05,85.0,,,,,,,,,
1988-04-06,71.0,,,,,,,,,
1988-04-07,80.0,,,,,,,,,
1988-04-08,91.0,,,,,,,,,
1988-04-09,79.0,,,,,,,,,
1988-04-10,71.0,,,,,,,,,
1988-04-11,66.0,,,,,,,,,
1988-04-12,94.0,,,,,,,,,
1988-04-13,199.0,,,,,,,,,
1988-04-14,117.0,,,,,,,,,
1988-04-15,107.0,,,,,,,,,
1988-04-16,96.0,,,,,,,,,
1988-04-17,88.0,,,,,,,,,
1988-04-18,130.0,,,,,,,,,
1988-04-19,124.0,,,,,,,,,
1988-04-20,97.0,,,,,,,,,
1988-04-21,97.0,,,,,,,,,
1988-04-22,92.0,,,,,,,,,
1988-04-23,75.0,,,,,,,,,
1988-04-24,70.0,,,,,,,,,
1988-04-25,71.0,,,,,,,,,
1988-04-26,66.0,,,,,,,,,
1988-04-27,69.0,,,,,,,,,
1988-04-28,66.0,,,,,,,,,
1988-04-29,93.0,,,,,,,,,
1988-04-30,83.0,,,,,,,,,
1988-05-01,77.0,,,,,,,,,
1988-05-02,85.0,,,,,,,,,
1988-05-03,112.0,,,,,,,,,
1988-05-04,240.0,,,,,,,,,
1988-05-05,293.0,,,,,,,,,
1988-05-06,169.0,,,,,,,,,
1988-05-07,352.0,,,,,,,,,
1988-05-08,405.0,,,,,,,,,
1988-05-09,216.0,,,,,,,,,
1988-05-10,168.0,,,,,,,,,
1988-05-11,147.0,,,,,,,,,
1988-05-12,136.0,,,,,,,,,
1988-05-13,121.0,,,,,,,,,
1988-05-14,103.0,,,,,,,,,
1988-05-15,98.0,,,,,,,,,
1988-05-16,95.0,,,,,,,,,
1988-05-17,91.0,,,,,,,,,
1988-05-18,82.0,,,,,,,,,
1988-05-19,80.0,,,,,,,,,
1988-05-20,95.0,,,,,,,,,
1988-05-21,93.0,,,,,,,,,
1988-05-22,100.0,,,,,,,,,
1988-05-23,101.0,,,,,,,,,
1988-05-24,82.0,,,,,,,,,
1988-05-25,78.0,,,,,,,,,
1988-05-26,75.0,,,,,,,,,
1988-05-27,72.0,,,,,,,,,
1988-05-28,68.0,,,,,,,,,
1988-05-29,63.0,,,,,,,,,
1988-05-30,65.0,,,,,,,,,
1988-05-31,61.0,,,,,,,,,
1988-06-01,72.0,,,,,,,,,
1988-06-02,904.0,,,,,,,,,
1988-06-03,938.0,,,,,,,,,
1988-06-04,317.0,,,,,,,,,
1988-06-05,175.0,,,,,,,,,
1988-06-06,132.0,,,,,,,,,
1988-06-07,104.0,,,,,,,,,
1988-06-08,268.0,,,,,,,,,
1988-06-09,420.0,,,,,,,,,
1988-06-10,343.0,,,,,,,,,
1988-06-11,218.0,,,,,,,,,
1988-06-12,978.0,,,,,,,,,
1988-06-13,439.0,,,,,,,,,
1988-06-14,239.0,,,,,,,,,
1988-06-15,159.0,,,,,,,,,
1988-06-16,126.0,,,,,,,,,
1988-06-17,94.0,,,,,,,,,
1988-06-18,69.0,,,,,,,,,
1988-06-19,56.0,,,,,,,,,
1988-06-20,46.0,,,,,,,,,
1988-06-21,41.0,,,,,,,,,
1988-06-22,44.0,,,,,,,,,
1988-06-23,427.0,,,,,,,,,
1988-06-24,2205.0,,,,,,,,,
1988-06-25,508.0,,,,,,,,,
1988-06-26,243.0,,,,,,,,,
1988-06-27,167.0,,,,,,,,,
1988-06-28,134.0,,,,,,,,,
1988-06-29,128.0,,,,,,,,,
1988-06-30,152.0,,,,,,,,,
1988-07-01,131.0,,,,,,,,,
1988-07-02,103.0,,,,,,,,,
1988-07-03,101.0,,,,,,,,,
1988-07-04,95.0,,,,,,,,,
1988-07-05,85.0,,,,,,,,,
1988-07-06,75.0,,,,,,,,,
1988-07-07,65.0,,,,,,,,,
1988-07-08,60.0,,,,,,,,,
1988-07-09,59.0,,,,,,,,,
1988-07-10,60.0,,,,,,,,,
1988-07-11,88.0,,,,,,,,,
1988-07-12,121.0,,,,,,,,,
1988-07-13,87.0,,,,,,,,,
1988-07-14,89.0,,,,,,,,,
1988-07-15,408.0,,,,,,,,,
1988-07-16,675.0,,,,,,,,,
1988-07-17,269.0,,,,,,,,,
1988-07-18,277.0,,,,,,,,,
1988-07-19,169.0,,,,,,,,,
1988-07-20,181.0,,,,,,,,,
1988-07-21,374.0,,,,,,,,,
1988-07-22,337.0,,,,,,,,,
1988-07-23,781.0,,,,,,,,,
1988-07-24,396.0,,,,,,,,,
1988-07-25,288.0,,,,,,,,,
1988-07-26,245.0,,,,,,,,,
1988-07-27,322.0,,,,,,,,,
1988-07-28,281.0,,,,,,,,,
1988-07-29,204.0,,,,,,,,,
1988-07-30,164.0,,,,,,,,,
1988-07-31,132.0,,,,,,,,,
1988-08-01,98.0,,,,,,,,,
1988-08-02,77.0,,,,,,,,,
1988-08-03,62.0,,,,,,,,,
1988-08-04,56.0,,,,,,,,,
1988-08-05,71.0,,,,,,,,,
1988-08-06,60.0,,,,,,,,,
1988-08-07,55.0,,,,,,,,,
1988-08-08,51.0,,,,,,,,,
1988-08-09,48.0,,,,,,,,,
1988-08-10,51.0,,,,,,,,,
1988-08-11,93.0,,,,,,,,,
1988-08-12,106.0,,,,,,,,,
1988-08-13,145.0,,,,,,,,,
1988-08-14,144.0,,,,,,,,,
1988-08-15,158.0,,,,,,,,,
1988-08-16,147.0,,,,,,,,,
1988-08-17,100.0,,,,,,,,,
1988-08-18,100.0,,,,,,,,,
1988-08-19,94.0,,,,,,,,,
1988-08-20,81.0,,,,,,,,,
1988-08-21,83.0,,,,,,,,,
1988-08-22,171.0,,,,,,,,,
1988-08-23,386.0,,,,,,,,,
1988-08-24,266.0,,,,,,,,,
1988-08-25,120.0,,,,,,,,,
1988-08-26,108.0,,,,,,,,,
1988-08-27,100.0,,,,,,,,,
1988-08-28,87.0,,,,,,,,,
1988-08-29,74.0,,,,,,,,,
1988-08-30,68.0,,,,,,,,,
1988-08-31,64.0,,,,,,,,,
1988-09-01,60.0,,,,,,,,,
1988-09-02,56.0,,,,,,,,,
1988-09-03,56.0,,,,,,,,,
1988-09-04,86.0,,,,,,,,,
1988-09-05,203.0,,,,,,,,,
1988-09-06,187.0,,,,,,,,,
1988-09-07,124.0,,,,,,,,,
1988-09-08,88.0,,,,,,,,,
1988-09-09,79.0,,,,,,,,,
1988-09-10,106.0,,,,,,,,,
1988-09-11,206.0,,,,,,,,,
1988-09-12,164.0,,,,,,,,,
1988-09-13,101.0,,,,,,,,,
1988-09-14,86.0,,,,,,,,,
1988-09-15,79.0,,,,,,,,,
1988-09-16,65.0,,,,,,,,,
1988-09-17,69.0,,,,,,,,,
1988-09-18,52.0,,,,,,,,,
1988-09-19,62.0,,,,,,,,,
1988-09-20,88.0,,,,,,,,,
1988-09-21,69.0,,,,,,,,,
1988-09-22,90.0,,,,,,,,,
1988-09-23,84.0,,,,,,,,,
1988-09-24,156.0,,,,,,,,,
1988-09-25,263.0,,,,,,,,,
1988-09-26,144.0,,,,,,,,,
1988-09-27,106.0,,,,,,,,,
1988-09-28,86.0,,,,,,,,,
1988-09-29,73.0,,,,,,,,,
1988-09-30,67.0,,,,,,,,,
1988-10-01,70.0,,,,,,,,,
1988-10-02,69.0,,,,,,,,,
1988-10-03,62.0,,,,,,,,,
1988-10-04,59.0,,,,,,,,,
1988-10-05,100.0,,,,,,,,,
1988-10-06,151.0,,,,,,,,,
1988-10-07,97.0,,,,,,,,,
1988-10-08,78.0,,,,,,,,,
1988-10-09,68.0,,,,,,,,,
1988-10-10,62.0,,,,,,,,,
1988-10-11,60.0,,,,,,,,,
1988-10-12,59.0,,,,,,,,,
1988-10-13,58.0,,,,,,,,,
1988-10-14,56.0,,,,,,,,,
1988-10-15,57.0,,,,,,,,,
1988-10-16,52.0,,,,,,,,,
1988-10-17,51.0,,,,,,,,,
1988-10-18,50.0,,,,,,,,,
1988-10-19,48.0,,,,,,,,,
1988-10-20,46.0,,,,,,,,,
1988-10-21,46.0,,,,,,,,,
1988-10-22,45.0,,,,,,,,,
1988-10-23,44.0,,,,,,,,,
1988-10-24,44.0,,,,,,,,,
1988-10-25,48.0,,,,,,,,,
1988-10-26,47.0,,,,,,,,,
1988-10-27,45.0,,,,,,,,,
1988-10-28,43.0,,,,,,,,,
1988-10-29,43.0,,,,,,,,,
1988-10-30,44.0,,,,,,,,,
1988-10-31,44.0,,,,,,,,,
1988-11-01,43.0,,,,,,,,,
1988-11-02,43.0,,,,,,,,,
1988-11-03,46.0,,,,,,,,,
1988-11-04,48.0,,,,,,,,,
1988-11-05,47.0,,,,,,,,,
1988-11-06,46.0,,,,,,,,,
1988-11-07,45.0,,,,,,,,,
1988-11-08,45.0,,,,,,,,,
1988-11-09,45.0,,,,,,,,,
1988-11-10,44.0,,,,,,,,,
1988-11-11,44.0,,,,,,,,,
1988-11-12,44.0,,,,,,,,,
1988-11-13,43.0,,,,,,,,,
1988-11-14,43.0,,,,,,,,,
1988-11-15,42.0,,,,,,,,,
1988-11-16,42.0,,,,,,,,,
1988-11-17,43.0,,,,,,,,,
1988-11-18,45.0,,,,,,,,,
1988-11-19,45.0,,,,,,,,,
1988-11-20,43.0,,,,,,,,,
1988-11-21,42.0,,,,,,,,,
1988-11-22,42.0,,,,,,,,,
1988-11-23,45.0,,,,,,,,,
1988-11-24,45.0,,,,,,,,,
1988-11-25,44.0,,,,,,,,,
1988-11-26,43.0,,,,,,,,,
1988-11-27,44.0,,,,,,,,,
1988-11-28,46.0,,,,,,,,,
1988-11-29,72.0,,,,,,,,,
1988-11-30,55.0,,,,,,,,,
1988-12-01,49.0,,,,,,,,,
1988-12-02,46.0,,,,,,,,,
1988-12-03,46.0,,,,,,,,,
1988-12-04,42.0,,,,,,,,,
1988-12-05,44.0,,,,,,,,,
1988-12-06,47.0,,,,,,,,,
1988-12-07,43.0,,,,,,,,,
1988-12-08,43.0,,,,,,,,,
1988-12-09,43.0,,,,,,,,,
1988-12-10,45.0,,,,,,,,,
1988-12-11,42.0,,,,,,,,,
1988-12-12,41.0,,,,,,,,,
1988-12-13,41.0,,,,,,,,,
1988-12-14,43.0,,,,,,,,,
1988-12-15,43.0,,,,,,,,,
1988-12-16,42.0,,,,,,,,,
1988-12-17,42.0,,,,,,,,,
1988-12-18,41.0,,,,,,,,,
1988-12-19,41.0,,,,,,,,,
1988-12-20,42.0,,,,,,,,,
1988-12-21,41.0,,,,,,,,,
1988-12-22,41.0,,,,,,,,,
1988-12-23,41.0,,,,,,,,,
1988-12-24,40.0,,,,,,,,,
1988-12-25,40.0,,,,,,,,,
1988-12-26,41.0,,,,,,,,,
1988-12-27,40.0,,,,,,,,,
1988-12-28,40.0,,,,,,,,,
1988-12-29,40.0,,,,,,,,,
1988-12-30,41.0,,,,,,,,,
1988-12-31,41.0,,,,,,,,,
1989-01-01,,,,,,,,,,
1989-01-02,,,,,,,,,,
1989-01-03,,,,,,,,,,
1989-01-04,,,,,,,,,,
1989-01-05,,,,,,,,,,
1989-01-06,,,,,,,,,,
1989-01-07,,,,,,,,,,
1989-01-08,,,,,,,,,,
1989-01-09,,,,,,,,,,
1989-01-10,,,,,,,,,,
1989-01-11,,,,,,,,,,
1989-01-12,,,,,,,,,,
1989-01-13,,,,,,,,,,
1989-01-14,,,,,,,,,,
1989-01-15,,,,,,,,,,
1989-01-16,,,,,,,,,,
1989-01-17,,,,,,,,,,
1989-01-18,,,,,,,,,,
1989-01-19,,,,,,,,,,
1989-01-20,,,,,,,,,,
1989-01-21,,,,,,,,,,
1989-01-22,,,,,,,,,,
1989-01-23,,,,,,,,,,
1989-01-24,,,,,,,,,,
1989-01-25,,,,,,,,,,
1989-01-26,,,,,,,,,,
1989-01-27,,,,,,,,,,
1989-01-28,,,,,,,,,,
1989-01-29,,,,,,,,,,
1989-01-30,,,,,,,,,,
1989-01-31,,,,,,,,,,
1989-02-01,,,,,,,,,,
1989-02-02,,,,,,,,,,
1989-02-03,,,,,,,,,,
1989-02-04,,,,,,,,,,
1989-02-05,,,,,,,,,,
1989-02-06,,,,,,,,,,
1989-02-07,,,,,,,,,,
1989-02-08,,,,,,,,,,
1989-02-09,,,,,,,,,,
1989-02-10,,,,,,,,,,
1989-02-11,,,,,,,,,,
1989-02-12,,,,,,,,,,
1989-02-13,,,,,,,,,,
1989-02-14,,,,,,,,,,
1989-02-15,,,,,,,,,,
1989-02-16,,,,,,,,,,
1989-02-17,,,,,,,,,,
1989-02-18,,,,,,,,,,
1989-02-19,,,,,,,,,,
1989-02-20,,,,,,,,,,
1989-02-21,,,,,,,,,,
1989-02-22,,,,,,,,,,
1989-02-23,,,,,,,,,,
1989-02-24,,,,,,,,,,
1989-02-25,,,,,,,,,,
1989-02-26,,,,,,,,,,
1989-02-27,,,,,,,,,,
1989-02-28,,,,,,,,,,
1989-03-01,,,,,,,,,,
1989-03-02,,,,,,,,,,
1989-03-03,,,,,,,,,,
1989-03-04,,,,,,,,,,
1989-03-05,,,,,,,,,,
1989-03-06,,,,,,,,,,
1989-03-07,,,,,,,,,,
1989-03-08,,,,,,,,,,
1989-03-09,,,,,,,,,,
1989-03-10,,,,,,,,,,
1989-03-11,,,,,,,,,,
1989-03-12,,,,,,,,,,
1989-03-13,,,,,,,,,,
1989-03-14,,,,,,,,,,
1989-03-15,,,,,,,,,,
1989-03-16,,,,,,,,,,
1989-03-17,,,,,,,,,,
1989-03-18,,,,,,,,,,
1989-03-19,,,,,,,,,,
1989-03-20,,,,,,,,,,
1989-03-21,,,,,,,,,,
1989-03-22,,,,,,,,,,
1989-03-23,,,,,,,,,,
1989-03-24,,,,,,,,,,
1989-03-25,,,,,,,,,,
1989-03-26,,,,,,,,,,
1989-03-27,,,,,,,,,,
1989-03-28,,,,,,,,,,
1989-03-29,,,,,,,,,,
1989-03-30,,,,,,,,,,
1989-03-31,,,,,,,,,,
1989-04-01,,,,,,,,,,
1989-04-02,,,,,,,,,,
1989-04-03,,,,,,,,,,
1989-04-04,,,,,,,,,,
1989-04-05,,,,,,,,,,
1989-04-06,,,,,,,,,,
1989-04-07,,,,,,,,,,
1989-04-08,,,,,,,,,,
1989-04-09,,,,,,,,,,
1989-04-10,,,,,,,,,,
1989-04-11,,,,,,,,,,
1989-04-12,,,,,,,,,,
1989-04-13,,,,,,,,,,
1989-04-14,,,,,,,,,,
1989-04-15,,,,,,,,,,
1989-04-16,,,,,,,,,,
1989-04-17,,,,,,,,,,
1989-04-18,,,,,,,,,,
1989-04-19,,,,,,,,,,
1989-04-20,,,,,,,,,,
1989-04-21,,,,,,,,,,
1989-04-22,,,,,,,,,,
1989-04-23,,,,,,,,,,
1989-04-24,,,,,,,,,,
1989-04-25,,,,,,,,,,
1989-04-26,,,,,,,,,,
1989-04-27,,,,,,,,,,
1989-04-28,,,,,,,,,,
1989-04-29,,,,,,,,,,
1989-04-30,,,,,,,,,,
1989-05-01,,,,,,,,,,
1989-05-02,,,,,,,,,,
1989-05-03,,,,,,,,,,
1989-05-04,,,,,,,,,,
1989-05-05,,,,,,,,,,
1989-05-06,,,,,,,,,,
1989-05-07,,,,,,,,,,
1989-05-08,,,,,,,,,,
1989-05-09,,,,,,,,,,
1989-05-10,,,,,,,,,,
1989-05-11,,,,,,,,,,
1989-05-12,,,,,,,,,,
1989-05-13,,,,,,,,,,
1989-05-14,,,,,,,,,,
1989-05-15,,,,,,,,,,
1989-05-16,,,,,,,,,,
1989-05-17,,,,,,,,,,
1989-05-18,,,,,,,,,,
1989-05-19,,,,,,,,,,
1989-05-20,,,,,,,,,,
1989-05-21,,,,,,,,,,
1989-05-22,,,,,,,,,,
1989-05-23,,,,,,,,,,
1989-05-24,,,,,,,,,,
1989-05-25,,,,,,,,,,
1989-05-26,,,,,,,,,,
1989-05-27,,,,,,,,,,
1989-05-28,,,,,,,,,,
1989-05-29,,,,,,,,,,
1989-05-30,,,,,,,,,,
1989-05-31,,,,,,,,,,
1989-06-01,,,,,,,,,,
1989-06-02,,,,,,,,,,
1989-06-03,,,,,,,,,,
1989-06-04,,,,,,,,,,
1989-06-05,,,,,,,,,,
1989-06-06,,,,,,,,,,
1989-06-07,,,,,,,,,,
1989-06-08,,,,,,,,,,
1989-06-09,,,,,,,,,,
1989-06-10,,,,,,,,,,
1989-06-11,,,,,,,,,,
1989-06-12,,,,,,,,,,
1989-06-13,,,,,,,,,,
1989-06-14,,,,,,,,,,
1989-06-15,,,,,,,,,,
1989-06-16,,,,,,,,,,
1989-06-17,,,,,,,,,,
1989-06-18,,,,,,,,,,
1989-06-19,,,,,,,,,,
1989-06-20,,,,,,,,,,
1989-06-21,,,,,,,,,,
1989-06-22,,,,,,,,,,
1989-06-23,,,,,,,,,,
1989-06-24,,,,,,,,,,
1989-06-25,,,,,,,,,,
1989-06-26,,,,,,,,,,
1989-06-27,,,,,,,,,,
1989-06-28,,,,,,,,,,
1989-06-29,,,,,,,,,,
1989-06-30,,,,,,,,,,
1989-07-01,,,,,,,,,,
1989-07-02,,,,,,,,,,
1989-07-03,,,,,,,,,,
1989-07-04,,,,,,,,,,
1989-07-05,,,,,,,,,,
1989-07-06,,,,,,,,,,
1989-07-07,,,,,,,,,,
1989-07-08,,,,,,,,,,
1989-07-09,,,,,,,,,,
1989-07-10,,,,,,,,,,
1989-07-11,,,,,,,,,,
1989-07-12,,,,,,,,,,
1989-07-13,,,,,,,,,,
1989-07-14,,,,,,,,,,
1989-07-15,,,,,,,,,,
1989-07-16,,,,,,,,,,
1989-07-17,,,,,,,,,,
1989-07-18,,,,,,,,,,
1989-07-19,,,,,,,,,,
1989-07-20,,,,,,,,,,
1989-07-21,,,,,,,,,,
1989-07-22,,,,,,,,,,
1989-07-23,,,,,,,,,,
1989-07-24,,,,,,,,,,
1989-07-25,,,,,,,,,,
1989-07-26,,,,,,,,,,
1989-07-27,,,,,,,,,,
1989-07-28,,,,,,,,,,
1989-07-29,,,,,,,,,,
1989-07-30,,,,,,,,,,
1989-07-31,,,,,,,,,,
1989-08-01,,,,,,,,,,
1989-08-02,,,,,,,,,,
1989-08-03,,,,,,,,,,
1989-08-04,,,,,,,,,,
1989-08-05,,,,,,,,,,
1989-08-06,,,,,,,,,,
1989-08-07,,,,,,,,,,
1989-08-08,,,,,,,,,,
1989-08-09,,,,,,,,,,
1989-08-10,,,,,,,,,,
1989-08-11,,,,,,,,,,
1989-08-12,,,,,,,,,,
1989-08-13,,,,,,,,,,
1989-08-14,,,,,,,,,,
1989-08-15,,,,,,,,,,
1989-08-16,,,,,,,,,,
1989-08-17,,,,,,,,,,
1989-08-18,,,,,,,,,,
1989-08-19,,,,,,,,,,
1989-08-20,,,,,,,,,,
1989-08-21,,,,,,,,,,
1989-08-22,,,,,,,,,,
1989-08-23,,,,,,,,,,
1989-08-24,,,,,,,,,,
1989-08-25,,,,,,,,,,
1989-08-26,,,,,,,,,,
1989-08-27,,,,,,,,,,
1989-08-28,,,,,,,,,,
1989-08-29,,,,,,,,,,
1989-08-30,,,,,,,,,,
1989-08-31,,,,,,,,,,
1989-09-01,,,,,,,,,,
1989-09-02,,,,,,,,,,
1989-09-03,,,,,,,,,,
1989-09-04,,,,,,,,,,
1989-09-05,,,,,,,,,,
1989-09-06,,,,,,,,,,
1989-09-07,,,,,,,,,,
1989-09-08,,,,,,,,,,
1989-09-09,,,,,,,,,,
1989-09-10,,,,,,,,,,
1989-09-11,,,,,,,,,,
1989-09-12,,,,,,,,,,
1989-09-13,,,,,,,,,,
1989-09-14,,,,,,,,,,
1989-09-15,,,,,,,,,,
1989-09-16,,,,,,,,,,
1989-09-17,,,,,,,,,,
1989-09-18,,,,,,,,,,
1989-09-19,,,,,,,,,,
1989-09-20,,,,,,,,,,
1989-09-21,,,,,,,,,,
1989-09-22,,,,,,,,,,
1989-09-23,,,,,,,,,,
1989-09-24,,,,,,,,,,
1989-09-25,,,,,,,,,,
1989-09-26,,,,,,,,,,
1989-09-27,,,,,,,,,,
1989-09-28,,,,,,,,,,
1989-09-29,,,,,,,,,,
1989-09-30,,,,,,,,,,
1989-10-01,,,,,,,,,,
1989-10-02,,,,,,,,,,
1989-10-03,,,,,,,,,,
1989-10-04,,,,,,,,,,
1989-10-05,,,,,,,,,,
1989-10-06,,,,,,,,,,
1989-10-07,,,,,,,,,,
1989-10-08,,,,,,,,,,
1989-10-09,,,,,,,,,,
1989-10-10,,,,,,,,,,
1989-10-11,,,,,,,,,,
1989-10-12,,,,,,,,,,
1989-10-13,,,,,,,,,,
1989-10-14,,,,,,,,,,
1989-10-15,,,,,,,,,,
1989-10-16,,,,,,,,,,
1989-10-17,,,,,,,,,,
1989-10-18,,,,,,,,,,
1989-10-19,,,,,,,,,,
1989-10-20,,,,,,,,,,
1989-10-21,,,,,,,,,,
1989-10-22,,,,,,,,,,
1989-10-23,,,,,,,,,,
1989-10-24,,,,,,,,,,
1989-10-25,,,,,,,,,,
1989-10-26,,,,,,,,,,
1989-10-27,,,,,,,,,,
1989-10-28,,,,,,,,,,
1989-10-29,,,,,,,,,,
1989-10-30,,,,,,,,,,
1989-10-31,,,,,,,,,,
1989-11-01,,,,,,,,,,
1989-11-02,,,,,,,,,,
1989-11-03,,,,,,,,,,
1989-11-04,,,,,,,,,,
1989-11-05,,,,,,,,,,
1989-11-06,,,,,,,,,,
1989-11-07,,,,,,,,,,
1989-11-08,,,,,,,,,,
1989-11-09,,,,,,,,,,
1989-11-10,,,,,,,,,,
1989-11-11,,,,,,,,,,
1989-11-12,,,,,,,,,,
1989-11-13,,,,,,,,,,
1989-11-14,,,,,,,,,,
1989-11-15,,,,,,,,,,
1989-11-16,,,,,,,,,,
1989-11-17,,,,,,,,,,
1989-11-18,,,,,,,,,,
1989-11-19,,,,,,,,,,
1989-11-20,,,,,,,,,,
1989-11-21,,,,,,,,,,
1989-11-22,,,,,,,,,,
1989-11-23,,,,,,,,,,
1989-11-24,,,,,,,,,,
1989-11-25,,,,,,,,,,
1989-11-26,,,,,,,,,,
1989-11-27,,,,,,,,,,
1989-11-28,,,,,,,,,,
1989-11-29,,,,,,,,,,
1989-11-30,,,,,,,,,,
1989-12-01,,,,,,,,,,
1989-12-02,,,,,,,,,,
1989-12-03,,,,,,,,,,
1989-12-04,,,,,,,,,,
1989-12-05,,,,,,,,,,
1989-12-06,,,,,,,,,,
1989-12-07,,,,,,,,,,
1989-12-08,,,,,,,,,,
1989-12-09,,,,,,,,,,
1989-12-10,,,,,,,,,,
1989-12-11,,,,,,,,,,
1989-12-12,,,,,,,,,,
1989-12-13,,,,,,,,,,
1989-12-14,,,,,,,,,,
1989-12-15,,,,,,,,,,
1989-12-16,,,,,,,,,,
1989-12-17,,,,,,,,,,
1989-12-18,,,,,,,,,,
1989-12-19,,,,,,,,,,
1989-12-20,,,,,,,,,,
1989-12-21,,,,,,,,,,
1989-12-22,,,,,,,,,,
1989-12-23,,,,,,,,,,
1989-12-24,,,,,,,,,,
1989-12-25,,,,,,,,,,
1989-12-26,,,,,,,,,,
1989-12-27,,,,,,,,,,
1989-12-28,,,,,,,,,,
1989-12-29,,,,,,,,,,
1989-12-30,,,,,,,,,,
1989-12-31,,,,,,,,,,
1990-01-01,,,,,,,,,,
1990-01-02,,,,,,,,,,
1990-01-03,,,,,,,,,,
1990-01-04,,,,,,,,,,
1990-01-05,,,,,,,,,,
1990-01-06,,,,,,,,,,
1990-01-07,,,,,,,,,,
1990-01-08,,,,,,,,,,
1990-01-09,,,,,,,,,,
1990-01-10,,,,,,,,,,
1990-01-11,,,,,,,,,,
1990-01-12,,,,,,,,,,
1990-01-13,,,,,,,,,,
1990-01-14,,,,,,,,,,
1990-01-15,,,,,,,,,,
1990-01-16,,,,,,,,,,
1990-01-17,,,,,,,,,,
1990-01-18,,,,,,,,,,
1990-01-19,,,,,,,,,,
1990-01-20,,,,,,,,,,
1990-01-21,,,,,,,,,,
1990-01-22,,,,,,,,,,
1990-01-23,,,,,,,,,,
1990-01-24,,,,,,,,,,
1990-01-25,,,,,,,,,,
1990-01-26,,,,,,,,,,
1990-01-27,,,,,,,,,,
1990-01-28,,,,,,,,,,
1990-01-29,,,,,,,,,,
1990-01-30,,,,,,,,,,
1990-01-31,,,,,,,,,,
1990-02-01,,,,,,,,,,
1990-02-02,,,,,,,,,,
1990-02-03,,,,,,,,,,
1990-02-04,,,,,,,,,,
1990-02-05,,,,,,,,,,
1990-02-06,,,,,,,,,,
1990-02-07,,,,,,,,,,
1990-02-08,,,,,,,,,,
1990-02-09,,,,,,,,,,
1990-02-10,,,,,,,,,,
1990-02-11,,,,,,,,,,
1990-02-12,,,,,,,,,,
1990-02-13,,,,,,,,,,
1990-02-14,,,,,,,,,,
1990-02-15,,,,,,,,,,
1990-02-16,,,,,,,,,,
1990-02-17,,,,,,,,,,
1990-02-18,,,,,,,,,,
1990-02-19,,,,,,,,,,
1990-02-20,,,,,,,,,,
1990-02-21,,,,,,,,,,
1990-02-22,,,,,,,,,,
1990-02-23,,,,,,,,,,
1990-02-24,,,,,,,,,,
1990-02-25,,,,,,,,,,
1990-02-26,,,,,,,,,,
1990-02-27,,,,,,,,,,
1990-02-28,,,,,,,,,,
1990-03-01,,,,,,,,,,
1990-03-02,,,,,,,,,,
1990-03-03,,,,,,,,,,
1990-03-04,,,,,,,,,,
1990-03-05,,,,,,,,,,
1990-03-06,,,,,,,,,,
1990-03-07,,,,,,,,,,
1990-03-08,,,,,,,,,,
1990-03-09,,,,,,,,,,
1990-03-10,,,,,,,,,,
1990-03-11,,,,,,,,,,
1990-03-12,,,,,,,,,,
1990-03-13,,,,,,,,,,
1990-03-14,,,,,,,,,,
1990-03-15,,,,,,,,,,
1990-03-16,,,,,,,,,,
1990-03-17,,,,,,,,,,
1990-03-18,,,,,,,,,,
1990-03-19,,,,,,,,,,
1990-03-20,,,,,,,,,,
1990-03-21,,,,,,,,,,
1990-03-22,,,,,,,,,,
1990-03-23,,,,,,,,,,
1990-03-24,,,,,,,,,,
1990-03-25,,,,,,,,,,
1990-03-26,,,,,,,,,,
1990-03-27,,,,,,,,,,
1990-03-28,,,,,,,,,,
1990-03-29,,,,,,,,,,
1990-03-30,,,,,,,,,,
1990-03-31,,,,,,,,,,
1990-04-01,,,,,,,,,,
1990-04-02,,,,,,,,,,
1990-04-03,,,,,,,,,,
1990-04-04,,,,,,,,,,
1990-04-05,,,,,,,,,,
1990-04-06,,,,,,,,,,
1990-04-07,,,,,,,,,,
1990-04-08,,,,,,,,,,
1990-04-09,,,,,,,,,,
1990-04-10,,,,,,,,,,
1990-04-11,,,,,,,,,,
1990-04-12,,,,,,,,,,
1990-04-13,,,,,,,,,,
1990-04-14,,,,,,,,,,
1990-04-15,,,,,,,,,,
1990-04-16,,,,,,,,,,
1990-04-17,,,,,,,,,,
1990-04-18,,,,,,,,,,
1990-04-19,,,,,,,,,,
1990-04-20,,,,,,,,,,
1990-04-21,,,,,,,,,,
1990-04-22,,,,,,,,,,
1990-04-23,,,,,,,,,,
1990-04-24,,,,,,,,,,
1990-04-25,,,,,,,,,,
1990-04-26,,,,,,,,,,
1990-04-27,,,,,,,,,,
1990-04-28,,,,,,,,,,
1990-04-29,,,,,,,,,,
1990-04-30,,,,,,,,,,
1990-05-01,,,,,,,,,,
1990-05-02,,,,,,,,,,
1990-05-03,,,,,,,,,,
1990-05-04,,,,,,,,,,
1990-05-05,,,,,,,,,,
1990-05-06,,,,,,,,,,
1990-05-07,,,,,,,,,,
1990-05-08,,,,,,,,,,
1990-05-09,,,,,,,,,,
1990-05-10,,,,,,,,,,
1990-05-11,,,,,,,,,,
1990-05-12,,,,,,,,,,
1990-05-13,,,,,,,,,,
1990-05-14,,,,,,,,,,
1990-05-15,,,,,,,,,,
1990-05-16,,,,,,,,,,
1990-05-17,,,,,,,,,,
1990-05-18,,,,,,,,,,
1990-05-19,,,,,,,,,,
1990-05-20,,,,,,,,,,
1990-05-21,,,,,,,,,,
1990-05-22,,,,,,,,,,
1990-05-23,,,,,,,,,,
1990-05-24,,,,,,,,,,
1990-05-25,,,,,,,,,,
1990-05-26,,,,,,,,,,
1990-05-27,,,,,,,,,,
1990-05-28,,,,,,,,,,
1990-05-29,,,,,,,,,,
1990-05-30,,,,,,,,,,
1990-05-31,,,,,,,,,,
1990-06-01,,,,,,,,,,
1990-06-02,,,,,,,,,,
1990-06-03,,,,,,,,,,
1990-06-04,,,,,,,,,,
1990-06-05,,,,,,,,,,
1990-06-06,,,,,,,,,,
1990-06-07,,,,,,,,,,
1990-06-08,,,,,,,,,,
1990-06-09,,,,,,,,,,
1990-06-10,,,,,,,,,,
1990-06-11,,,,,,,,,,
1990-06-12,,,,,,,,,,
1990-06-13,,,,,,,,,,
1990-06-14,,,,,,,,,,
1990-06-15,,,,,,,,,,
1990-06-16,,,,,,,,,,
1990-06-17,,,,,,,,,,
1990-06-18,,,,,,,,,,
1990-06-19,,,,,,,,,,
1990-06-20,,,,,,,,,,
1990-06-21,,,,,,,,,,
1990-06-22,,,,,,,,,,
1990-06-23,,,,,,,,,,
1990-06-24,,,,,,,,,,
1990-06-25,,,,,,,,,,
1990-06-26,,,,,,,,,,
1990-06-27,,,,,,,,,,
1990-06-28,,,,,,,,,,
1990-06-29,,,,,,,,,,
1990-06-30,,,,,,,,,,
1990-07-01,,,,,,,,,,
1990-07-02,,,,,,,,,,
1990-07-03,,,,,,,,,,
1990-07-04,,,,,,,,,,
1990-07-05,,,,,,,,,,
1990-07-06,,,,,,,,,,
1990-07-07,,,,,,,,,,
1990-07-08,,,,,,,,,,
1990-07-09,,,,,,,,,,
1990-07-10,,,,,,,,,,
1990-07-11,,,,,,,,,,
1990-07-12,,,,,,,,,,
1990-07-13,,,,,,,,,,
1990-07-14,,,,,,,,,,
1990-07-15,,,,,,,,,,
1990-07-16,,,,,,,,,,
1990-07-17,,,,,,,,,,
1990-07-18,,,,,,,,,,
1990-07-19,,,,,,,,,,
1990-07-20,,,,,,,,,,
1990-07-21,,,,,,,,,,
1990-07-22,,,,,,,,,,
1990-07-23,,,,,,,,,,
1990-07-24,,,,,,,,,,
1990-07-25,,,,,,,,,,
1990-07-26,,,,,,,,,,
1990-07-27,,,,,,,,,,
1990-07-28,,,,,,,,,,
1990-07-29,,,,,,,,,,
1990-07-30,,,,,,,,,,
1990-07-31,,,,,,,,,,
1990-08-01,,,,,,,,,,
1990-08-02,,,,,,,,,,
1990-08-03,,,,,,,,,,
1990-08-04,,,,,,,,,,
1990-08-05,,,,,,,,,,
1990-08-06,,,,,,,,,,
1990-08-07,,,,,,,,,,
1990-08-08,,,,,,,,,,
1990-08-09,,,,,,,,,,
1990-08-10,,,,,,,,,,
1990-08-11,,,,,,,,,,
1990-08-12,,,,,,,,,,
1990-08-13,,,,,,,,,,
1990-08-14,,,,,,,,,,
1990-08-15,,,,,,,,,,
1990-08-16,,,,,,,,,,
1990-08-17,,,,,,,,,,
1990-08-18,,,,,,,,,,
1990-08-19,,,,,,,,,,
1990-08-20,,,,,,,,,,
1990-08-21,,,,,,,,,,
1990-08-22,,,,,,,,,,
1990-08-23,,,,,,,,,,
1990-08-24,,,,,,,,,,
1990-08-25,,,,,,,,,,
1990-08-26,,,,,,,,,,
1990-08-27,,,,,,,,,,
1990-08-28,,,,,,,,,,
1990-08-29,,,,,,,,,,
1990-08-30,,,,,,,,,,
1990-08-31,,,,,,,,,,
1990-09-01,,,,,,,,,,
1990-09-02,,,,,,,,,,
1990-09-03,,,,,,,,,,
1990-09-04,,,,,,,,,,
1990-09-05,,,,,,,,,,
1990-09-06,,,,,,,,,,
1990-09-07,,,,,,,,,,
1990-09-08,,,,,,,,,,
1990-09-09,,,,,,,,,,
1990-09-10,,,,,,,,,,
1990-09-11,,,,,,,,,,
1990-09-12,,,,,,,,,,
1990-09-13,,,,,,,,,,
1990-09-14,,,,,,,,,,
1990-09-15,,,,,,,,,,
1990-09-16,,,,,,,,,,
1990-09-17,,,,,,,,,,
1990-09-18,,,,,,,,,,
1990-09-19,,,,,,,,,,
1990-09-20,,,,,,,,,,
1990-09-21,,,,,,,,,,
1990-09-22,,,,,,,,,,
1990-09-23,,,,,,,,,,
1990-09-24,,,,,,,,,,
1990-09-25,,,,,,,,,,
1990-09-26,,,,,,,,,,
1990-09-27,,,,,,,,,,
1990-09-28,,,,,,,,,,
1990-09-29,,,,,,,,,,
1990-09-30,,,,,,,,,,
1990-10-01,,,,,,,,,,
1990-10-02,,,,,,,,,,
1990-10-03,,,,,,,,,,
1990-10-04,,,,,,,,,,
1990-10-05,,,,,,,,,,
1990-10-06,,,,,,,,,,
1990-10-07,,,,,,,,,,
1990-10-08,,,,,,,,,,
1990-10-09,,,,,,,,,,
1990-10-10,,,,,,,,,,
1990-10-11,,,,,,,,,,
1990-10-12,,,,,,,,,,
1990-10-13,,,,,,,,,,
1990-10-14,,,,,,,,,,
1990-10-15,,,,,,,,,,
1990-10-16,,,,,,,,,,
1990-10-17,,,,,,,,,,
1990-10-18,,,,,,,,,,
1990-10-19,,,,,,,,,,
1990-10-20,,,,,,,,,,
1990-10-21,,,,,,,,,,
1990-10-22,,,,,,,,,,
1990-10-23,,,,,,,,,,
1990-10-24,,,,,,,,,,
1990-10-25,,,,,,,,,,
1990-10-26,,,,,,,,,,
1990-10-27,,,,,,,,,,
1990-10-28,,,,,,,,,,
1990-10-29,,,,,,,,,,
1990-10-30,,,,,,,,,,
1990-10-31,,,,,,,,,,
1990-11-01,,,,,,,,,,
1990-11-02,,,,,,,,,,
1990-11-03,,,,,,,,,,
1990-11-04,,,,,,,,,,
1990-11-05,,,,,,,,,,
1990-11-06,,,,,,,,,,
1990-11-07,,,,,,,,,,
1990-11-08,,,,,,,,,,
1990-11-09,,,,,,,,,,
1990-11-10,,,,,,,,,,
1990-11-11,,,,,,,,,,
1990-11-12,,,,,,,,,,
1990-11-13,,,,,,,,,,
1990-11-14,,,,,,,,,,
1990-11-15,,,,,,,,,,
1990-11-16,,,,,,,,,,
1990-11-17,,,,,,,,,,
1990-11-18,,,,,,,,,,
1990-11-19,,,,,,,,,,
1990-11-20,,,,,,,,,,
1990-11-21,,,,,,,,,,
1990-11-22,,,,,,,,,,
1990-11-23,,,,,,,,,,
1990-11-24,,,,,,,,,,
1990-11-25,,,,,,,,,,
1990-11-26,,,,,,,,,,
1990-11-27,,,,,,,,,,
1990-11-28,,,,,,,,,,
1990-11-29,,,,,,,,,,
1990-11-30,,,,,,,,,,
1990-12-01,,,,,,,,,,
1990-12-02,,,,,,,,,,
1990-12-03,,,,,,,,,,
1990-12-04,,,,,,,,,,
1990-12-05,,,,,,,,,,
1990-12-06,,,,,,,,,,
1990-12-07,,,,,,,,,,
1990-12-08,,,,,,,,,,
1990-12-09,,,,,,,,,,
1990-12-10,,,,,,,,,,
1990-12-11,,,,,,,,,,
1990-12-12,,,,,,,,,,
1990-12-13,,,,,,,,,,
1990-12-14,,,,,,,,,,
1990-12-15,,,,,,,,,,
1990-12-16,,,,,,,,,,
1990-12-17,,,,,,,,,,
1990-12-18,,,,,,,,,,
1990-12-19,,,,,,,,,,
1990-12-20,,,,,,,,,,
1990-12-21,,,,,,,,,,
1990-12-22,,,,,,,,,,
1990-12-23,,,,,,,,,,
1990-12-24,,,,,,,,,,
1990-12-25,,,,,,,,,,
1990-12-26,,,,,,,,,,
1990-12-27,,,,,,,,,,
1990-12-28,,,,,,,,,,
1990-12-29,,,,,,,,,,
1990-12-30,,,,,,,,,,
1990-12-31,,,,,,,,,,
1991-01-01,,,,,,,,,,
1991-01-02,,,,,,,,,,
1991-01-03,,,,,,,,,,
1991-01-04,,,,,,,,,,
1991-01-05,,,,,,,,,,
1991-01-06,,,,,,,,,,
1991-01-07,,,,,,,,,,
1991-01-08,,,,,,,,,,
1991-01-09,,,,,,,,,,
1991-01-10,,,,,,,,,,
1991-01-11,,,,,,,,,,
1991-01-12,,,,,,,,,,
1991-01-13,,,,,,,,,,
1991-01-14,,,,,,,,,,
1991-01-15,,,,,,,,,,
1991-01-16,,,,,,,,,,
1991-01-17,,,,,,,,,,
1991-01-18,,,,,,,,,,
1991-01-19,,,,,,,,,,
1991-01-20,,,,,,,,,,
1991-01-21,,,,,,,,,,
1991-01-22,,,,,,,,,,
1991-01-23,,,,,,,,,,
1991-01-24,,,,,,,,,,
1991-01-25,,,,,,,,,,
1991-01-26,,,,,,,,,,
1991-01-27,,,,,,,,,,
1991-01-28,,,,,,,,,,
1991-01-29,,,,,,,,,,
1991-01-30,,,,,,,,,,
1991-01-31,,,,,,,,,,
1991-02-01,,,,,,,,,,
1991-02-02,,,,,,,,,,
1991-02-03,,,,,,,,,,
1991-02-04,,,,,,,,,,
1991-02-05,,,,,,,,,,
1991-02-06,,,,,,,,,,
1991-02-07,,,,,,,,,,
1991-02-08,,,,,,,,,,
1991-02-09,,,,,,,,,,
1991-02-10,,,,,,,,,,
1991-02-11,,,,,,,,,,
1991-02-12,,,,,,,,,,
1991-02-13,,,,,,,,,,
1991-02-14,,,,,,,,,,
1991-02-15,,,,,,,,,,
1991-02-16,,,,,,,,,,
1991-02-17,,,,,,,,,,
1991-02-18,,,,,,,,,,
1991-02-19,,,,,,,,,,
1991-02-20,,,,,,,,,,
1991-02-21,,,,,,,,,,
1991-02-22,,,,,,,,,,
1991-02-23,,,,,,,,,,
1991-02-24,,,,,,,,,,
1991-02-25,,,,,,,,,,
1991-02-26,,,,,,,,,,
1991-02-27,,,,,,,,,,
1991-02-28,,,,,,,,,,
1991-03-01,,,,,,,,,,
1991-03-02,,,,,,,,,,
1991-03-03,,,,,,,,,,
1991-03-04,,,,,,,,,,
1991-03-05,,,,,,,,,,
1991-03-06,,,,,,,,,,
1991-03-07,,,,,,,,,,
1991-03-08,,,,,,,,,,
1991-03-09,,,,,,,,,,
1991-03-10,,,,,,,,,,
1991-03-11,,,,,,,,,,
1991-03-12,,,,,,,,,,
1991-03-13,,,,,,,,,,
1991-03-14,,,,,,,,,,
1991-03-15,,,,,,,,,,
1991-03-16,,,,,,,,,,
1991-03-17,,,,,,,,,,
1991-03-18,,,,,,,,,,
1991-03-19,,,,,,,,,,
1991-03-20,,,,,,,,,,
1991-03-21,,,,,,,,,,
1991-03-22,,,,,,,,,,
1991-03-23,,,,,,,,,,
1991-03-24,,,,,,,,,,
1991-03-25,,,,,,,,,,
1991-03-26,,,,,,,,,,
1991-03-27,,,,,,,,,,
1991-03-28,,,,,,,,,,
1991-03-29,,,,,,,,,,
1991-03-30,,,,,,,,,,
1991-03-31,,,,,,,,,,
1991-04-01,,,,,,,,,,
1991-04-02,,,,,,,,,,
1991-04-03,,,,,,,,,,
1991-04-04,,,,,,,,,,
1991-04-05,,,,,,,,,,
1991-04-06,,,,,,,,,,
1991-04-07,,,,,,,,,,
1991-04-08,,,,,,,,,,
1991-04-09,,,,,,,,,,
1991-04-10,,,,,,,,,,
1991-04-11,,,,,,,,,,
1991-04-12,,,,,,,,,,
1991-04-13,,,,,,,,,,
1991-04-14,,,,,,,,,,
1991-04-15,,,,,,,,,,
1991-04-16,,,,,,,,,,
1991-04-17,,,,,,,,,,
1991-04-18,,,,,,,,,,
1991-04-19,,,,,,,,,,
1991-04-20,,,,,,,,,,
1991-04-21,,,,,,,,,,
1991-04-22,,,,,,,,,,
1991-04-23,,,,,,,,,,
1991-04-24,,,,,,,,,,
1991-04-25,,,,,,,,,,
1991-04-26,,,,,,,,,,
1991-04-27,,,,,,,,,,
1991-04-28,,,,,,,,,,
1991-04-29,,,,,,,,,,
1991-04-30,,,,,,,,,,
1991-05-01,,,,,,,,,,
1991-05-02,,,,,,,,,,
1991-05-03,,,,,,,,,,
1991-05-04,,,,,,,,,,
1991-05-05,,,,,,,,,,
1991-05-06,,,,,,,,,,
1991-05-07,,,,,,,,,,
1991-05-08,,,,,,,,,,
1991-05-09,,,,,,,,,,
1991-05-10,,,,,,,,,,
1991-05-11,,,,,,,,,,
1991-05-12,,,,,,,,,,
1991-05-13,,,,,,,,,,
1991-05-14,,,,,,,,,,
1991-05-15,,,,,,,,,,
1991-05-16,,,,,,,,,,
1991-05-17,,,,,,,,,,
1991-05-18,,,,,,,,,,
1991-05-19,,,,,,,,,,
1991-05-20,,,,,,,,,,
1991-05-21,,,,,,,,,,
1991-05-22,,,,,,,,,,
1991-05-23,,,,,,,,,,
1991-05-24,,,,,,,,,,
1991-05-25,,,,,,,,,,
1991-05-26,,,,,,,,,,
1991-05-27,,,,,,,,,,
1991-05-28,,,,,,,,,,
1991-05-29,,,,,,,,,,
1991-05-30,,,,,,,,,,
1991-05-31,,,,,,,,,,
1991-06-01,,,,,,,,,,
1991-06-02,,,,,,,,,,
1991-06-03,,,,,,,,,,
1991-06-04,,,,,,,,,,
1991-06-05,,,,,,,,,,
1991-06-06,,,,,,,,,,
1991-06-07,,,,,,,,,,
1991-06-08,,,,,,,,,,
1991-06-09,,,,,,,,,,
1991-06-10,,,,,,,,,,
1991-06-11,,,,,,,,,,
1991-06-12,,,,,,,,,,
1991-06-13,,,,,,,,,,
1991-06-14,,,,,,,,,,
1991-06-15,,,,,,,,,,
1991-06-16,,,,,,,,,,
1991-06-17,,,,,,,,,,
1991-06-18,,,,,,,,,,
1991-06-19,,,,,,,,,,
1991-06-20,,,,,,,,,,
1991-06-21,,,,,,,,,,
1991-06-22,,,,,,,,,,
1991-06-23,,,,,,,,,,
1991-06-24,,,,,,,,,,
1991-06-25,,,,,,,,,,
1991-06-26,,,,,,,,,,
1991-06-27,,,,,,,,,,
1991-06-28,,,,,,,,,,
1991-06-29,,,,,,,,,,
1991-06-30,,,,,,,,,,
1991-07-01,,,,,,,,,,
1991-07-02,,,,,,,,,,
1991-07-03,,,,,,,,,,
1991-07-04,,,,,,,,,,
1991-07-05,,,,,,,,,,
1991-07-06,,,,,,,,,,
1991-07-07,,,,,,,,,,
1991-07-08,,,,,,,,,,
1991-07-09,,,,,,,,,,
1991-07-10,,,,,,,,,,
1991-07-11,,,,,,,,,,
1991-07-12,,,,,,,,,,
1991-07-13,,,,,,,,,,
1991-07-14,,,,,,,,,,
1991-07-15,,,,,,,,,,
1991-07-16,,,,,,,,,,
1991-07-17,,,,,,,,,,
1991-07-18,,,,,,,,,,
1991-07-19,,,,,,,,,,
1991-07-20,,,,,,,,,,
1991-07-21,,,,,,,,,,
1991-07-22,,,,,,,,,,
1991-07-23,,,,,,,,,,
1991-07-24,,,,,,,,,,
1991-07-25,,,,,,,,,,
1991-07-26,,,,,,,,,,
1991-07-27,,,,,,,,,,
1991-07-28,,,,,,,,,,
1991-07-29,,,,,,,,,,
1991-07-30,,,,,,,,,,
1991-07-31,,,,,,,,,,
1991-08-01,,,,,,,,,,
1991-08-02,,,,,,,,,,
1991-08-03,,,,,,,,,,
1991-08-04,,,,,,,,,,
1991-08-05,,,,,,,,,,
1991-08-06,,,,,,,,,,
1991-08-07,,,,,,,,,,
1991-08-08,,,,,,,,,,
1991-08-09,,,,,,,,,,
1991-08-10,,,,,,,,,,
1991-08-11,,,,,,,,,,
1991-08-12,,,,,,,,,,
1991-08-13,,,,,,,,,,
1991-08-14,,,,,,,,,,
1991-08-15,,,,,,,,,,
1991-08-16,,,,,,,,,,
1991-08-17,,,,,,,,,,
1991-08-18,,,,,,,,,,
1991-08-19,,,,,,,,,,
1991-08-20,,,,,,,,,,
1991-08-21,,,,,,,,,,
1991-08-22,,,,,,,,,,
1991-08-23,,,,,,,,,,
1991-08-24,,,,,,,,,,
1991-08-25,,,,,,,,,,
1991-08-26,,,,,,,,,,
1991-08-27,,,,,,,,,,
1991-08-28,,,,,,,,,,
1991-08-29,,,,,,,,,,
1991-08-30,,,,,,,,,,
1991-08-31,,,,,,,,,,
1991-09-01,,,,,,,,,,
1991-09-02,,,,,,,,,,
1991-09-03,,,,,,,,,,
1991-09-04,,,,,,,,,,
1991-09-05,,,,,,,,,,
1991-09-06,,,,,,,,,,
1991-09-07,,,,,,,,,,
1991-09-08,,,,,,,,,,
1991-09-09,,,,,,,,,,
1991-09-10,,,,,,,,,,
1991-09-11,,,,,,,,,,
1991-09-12,,,,,,,,,,
1991-09-13,,,,,,,,,,
1991-09-14,,,,,,,,,,
1991-09-15,,,,,,,,,,
1991-09-16,,,,,,,,,,
1991-09-17,,,,,,,,,,
1991-09-18,,,,,,,,,,
1991-09-19,,,,,,,,,,
1991-09-20,,,,,,,,,,
1991-09-21,,,,,,,,,,
1991-09-22,,,,,,,,,,
1991-09-23,,,,,,,,,,
1991-09-24,,,,,,,,,,
1991-09-25,,,,,,,,,,
1991-09-26,,,,,,,,,,
1991-09-27,,,,,,,,,,
1991-09-28,,,,,,,,,,
1991-09-29,,,,,,,,,,
1991-09-30,,,,,,,,,,
1991-10-01,,,,,,,,,,
1991-10-02,,,,,,,,,,
1991-10-03,,,,,,,,,,
1991-10-04,,,,,,,,,,
1991-10-05,,,,,,,,,,
1991-10-06,,,,,,,,,,
1991-10-07,,,,,,,,,,
1991-10-08,,,,,,,,,,
1991-10-09,,,,,,,,,,
1991-10-10,,,,,,,,,,
1991-10-11,,,,,,,,,,
1991-10-12,,,,,,,,,,
1991-10-13,,,,,,,,,,
1991-10-14,,,,,,,,,,
1991-10-15,,,,,,,,,,
1991-10-16,,,,,,,,,,
1991-10-17,,,,,,,,,,
1991-10-18,,,,,,,,,,
1991-10-19,,,,,,,,,,
1991-10-20,,,,,,,,,,
1991-10-21,,,,,,,,,,
1991-10-22,,,,,,,,,,
1991-10-23,,,,,,,,,,
1991-10-24,,,,,,,,,,
1991-10-25,,,,,,,,,,
1991-10-26,,,,,,,,,,
1991-10-27,,,,,,,,,,
1991-10-28,,,,,,,,,,
1991-10-29,,,,,,,,,,
1991-10-30,,,,,,,,,,
1991-10-31,,,,,,,,,,
1991-11-01,,,,,,,,,,
1991-11-02,,,,,,,,,,
1991-11-03,,,,,,,,,,
1991-11-04,,,,,,,,,,
1991-11-05,,,,,,,,,,
1991-11-06,,,,,,,,,,
1991-11-07,,,,,,,,,,
1991-11-08,,,,,,,,,,
1991-11-09,,,,,,,,,,
1991-11-10,,,,,,,,,,
1991-11-11,,,,,,,,,,
1991-11-12,,,,,,,,,,
1991-11-13,,,,,,,,,,
1991-11-14,,,,,,,,,,
1991-11-15,,,,,,,,,,
1991-11-16,,,,,,,,,,
1991-11-17,,,,,,,,,,
1991-11-18,,,,,,,,,,
1991-11-19,,,,,,,,,,
1991-11-20,,,,,,,,,,
1991-11-21,,,,,,,,,,
1991-11-22,,,,,,,,,,
1991-11-23,,,,,,,,,,
1991-11-24,,,,,,,,,,
1991-11-25,,,,,,,,,,
1991-11-26,,,,,,,,,,
1991-11-27,,,,,,,,,,
1991-11-28,,,,,,,,,,
1991-11-29,,,,,,,,,,
1991-11-30,,,,,,,,,,
1991-12-01,,,,,,,,,,
1991-12-02,,,,,,,,,,
1991-12-03,,,,,,,,,,
1991-12-04,,,,,,,,,,
1991-12-05,,,,,,,,,,
1991-12-06,,,,,,,,,,
1991-12-07,,,,,,,,,,
1991-12-08,,,,,,,,,,
1991-12-09,,,,,,,,,,
1991-12-10,,,,,,,,,,
1991-12-11,,,,,,,,,,
1991-12-12,,,,,,,,,,
1991-12-13,,,,,,,,,,
1991-12-14,,,,,,,,,,
1991-12-15,,,,,,,,,,
1991-12-16,,,,,,,,,,
1991-12-17,,,,,,,,,,
1991-12-18,,,,,,,,,,
1991-12-19,,,,,,,,,,
1991-12-20,,,,,,,,,,
1991-12-21,,,,,,,,,,
1991-12-22,,,,,,,,,,
1991-12-23,,,,,,,,,,
1991-12-24,,,,,,,,,,
1991-12-25,,,,,,,,,,
1991-12-26,,,,,,,,,,
1991-12-27,,,,,,,,,,
1991-12-28,,,,,,,,,,
1991-12-29,,,,,,,,,,
1991-12-30,,,,,,,,,,
1991-12-31,,,,,,,,,,
1992-01-01,,,,,,,,,,
1992-01-02,,,,,,,,,,
1992-01-03,,,,,,,,,,
1992-01-04,,,,,,,,,,
1992-01-05,,,,,,,,,,
1992-01-06,,,,,,,,,,
1992-01-07,,,,,,,,,,
1992-01-08,,,,,,,,,,
1992-01-09,,,,,,,,,,
1992-01-10,,,,,,,,,,
1992-01-11,,,,,,,,,,
1992-01-12,,,,,,,,,,
1992-01-13,,,,,,,,,,
1992-01-14,,,,,,,,,,
1992-01-15,,,,,,,,,,
1992-01-16,,,,,,,,,,
1992-01-17,,,,,,,,,,
1992-01-18,,,,,,,,,,
1992-01-19,,,,,,,,,,
1992-01-20,,,,,,,,,,
1992-01-21,,,,,,,,,,
1992-01-22,,,,,,,,,,
1992-01-23,,,,,,,,,,
1992-01-24,,,,,,,,,,
1992-01-25,,,,,,,,,,
1992-01-26,,,,,,,,,,
1992-01-27,,,,,,,,,,
1992-01-28,,,,,,,,,,
1992-01-29,,,,,,,,,,
1992-01-30,,,,,,,,,,
1992-01-31,,,,,,,,,,
1992-02-01,,,,,,,,,,
1992-02-02,,,,,,,,,,
1992-02-03,,,,,,,,,,
1992-02-04,,,,,,,,,,
1992-02-05,,,,,,,,,,
1992-02-06,,,,,,,,,,
1992-02-07,,,,,,,,,,
1992-02-08,,,,,,,,,,
1992-02-09,,,,,,,,,,
1992-02-10,,,,,,,,,,
1992-02-11,,,,,,,,,,
1992-02-12,,,,,,,,,,
1992-02-13,,,,,,,,,,
1992-02-14,,,,,,,,,,
1992-02-15,,,,,,,,,,
1992-02-16,,,,,,,,,,
1992-02-17,,,,,,,,,,
1992-02-18,,,,,,,,,,
1992-02-19,,,,,,,,,,
1992-02-20,,,,,,,,,,
1992-02-21,,,,,,,,,,
1992-02-22,,,,,,,,,,
1992-02-23,,,,,,,,,,
1992-02-24,,,,,,,,,,
1992-02-25,,,,,,,,,,
1992-02-26,,,,,,,,,,
1992-02-27,,,,,,,,,,
1992-02-28,,,,,,,,,,
1992-02-29,,,,,,,,,,
1992-03-01,,,,,,,,,,
1992-03-02,,,,,,,,,,
1992-03-03,,,,,,,,,,
1992-03-04,,,,,,,,,,
1992-03-05,,,,,,,,,,
1992-03-06,,,,,,,,,,
1992-03-07,,,,,,,,,,
1992-03-08,,,,,,,,,,
1992-03-09,,,,,,,,,,
1992-03-10,,,,,,,,,,
1992-03-11,,,,,,,,,,
1992-03-12,,,,,,,,,,
1992-03-13,,,,,,,,,,
1992-03-14,,,,,,,,,,
1992-03-15,,,,,,,,,,
1992-03-16,,,,,,,,,,
1992-03-17,,,,,,,,,,
1992-03-18,,,,,,,,,,
1992-03-19,,,,,,,,,,
1992-03-20,,,,,,,,,,
1992-03-21,,,,,,,,,,
1992-03-22,,,,,,,,,,
1992-03-23,,,,,,,,,,
1992-03-24,,,,,,,,,,
1992-03-25,,,,,,,,,,
1992-03-26,,,,,,,,,,
1992-03-27,,,,,,,,,,
1992-03-28,,,,,,,,,,
1992-03-29,,,,,,,,,,
1992-03-30,,,,,,,,,,
1992-03-31,,,,,,,,,,
1992-04-01,,,,,,,,,,
1992-04-02,,,,,,,,,,
1992-04-03,,,,,,,,,,
1992-04-04,,,,,,,,,,
1992-04-05,,,,,,,,,,
1992-04-06,,,,,,,,,,
1992-04-07,,,,,,,,,,
1992-04-08,,,,,,,,,,
1992-04-09,,,,,,,,,,
1992-04-10,,,,,,,,,,
1992-04-11,,,,,,,,,,
1992-04-12,,,,,,,,,,
1992-04-13,,,,,,,,,,
1992-04-14,,,,,,,,,,
1992-04-15,,,,,,,,,,
1992-04-16,,,,,,,,,,
1992-04-17,,,,,,,,,,
1992-04-18,,,,,,,,,,
1992-04-19,,,,,,,,,,
1992-04-20,,,,,,,,,,
1992-04-21,,,,,,,,,,
1992-04-22,,,,,,,,,,
1992-04-23,,,,,,,,,,
1992-04-24,,,,,,,,,,
1992-04-25,,,,,,,,,,
1992-04-26,,,,,,,,,,
1992-04-27,,,,,,,,,,
1992-04-28,,,,,,,,,,
1992-04-29,,,,,,,,,,
1992-04-30,,,,,,,,,,
1992-05-01,,,,,,,,,,
1992-05-02,,,,,,,,,,
1992-05-03,,,,,,,,,,
1992-05-04,,,,,,,,,,
1992-05-05,,,,,,,,,,
1992-05-06,,,,,,,,,,
1992-05-07,,,,,,,,,,
1992-05-08,,,,,,,,,,
1992-05-09,,,,,,,,,,
1992-05-10,,,,,,,,,,
1992-05-11,,,,,,,,,,
1992-05-12,,,,,,,,,,
1992-05-13,,,,,,,,,,
1992-05-14,,,,,,,,,,
1992-05-15,,,,,,,,,,
1992-05-16,,,,,,,,,,
1992-05-17,,,,,,,,,,
1992-05-18,,,,,,,,,,
1992-05-19,,,,,,,,,,
1992-05-20,,,,,,,,,,
1992-05-21,,,,,,,,,,
1992-05-22,,,,,,,,,,
1992-05-23,,,,,,,,,,
1992-05-24,,,,,,,,,,
1992-05-25,,,,,,,,,,
1992-05-26,,,,,,,,,,
1992-05-27,,,,,,,,,,
1992-05-28,,,,,,,,,,
1992-05-29,,,,,,,,,,
1992-05-30,,,,,,,,,,
1992-05-31,,,,,,,,,,
1992-06-01,,,,,,,,,,
1992-06-02,,,,,,,,,,
1992-06-03,,,,,,,,,,
1992-06-04,,,,,,,,,,
1992-06-05,,,,,,,,,,
1992-06-06,,,,,,,,,,
1992-06-07,,,,,,,,,,
1992-06-08,,,,,,,,,,
1992-06-09,,,,,,,,,,
1992-06-10,,,,,,,,,,
1992-06-11,,,,,,,,,,
1992-06-12,,,,,,,,,,
1992-06-13,,,,,,,,,,
1992-06-14,,,,,,,,,,
1992-06-15,,,,,,,,,,
1992-06-16,,,,,,,,,,
1992-06-17,,,,,,,,,,
1992-06-18,,,,,,,,,,
1992-06-19,,,,,,,,,,
1992-06-20,,,,,,,,,,
1992-06-21,,,,,,,,,,
1992-06-22,,,,,,,,,,
1992-06-23,,,,,,,,,,
1992-06-24,,,,,,,,,,
1992-06-25,,,,,,,,,,
1992-06-26,,,,,,,,,,
1992-06-27,,,,,,,,,,
1992-06-28,,,,,,,,,,
1992-06-29,,,,,,,,,,
1992-06-30,,,,,,,,,,
1992-07-01,,,,,,,,,,
1992-07-02,,,,,,,,,,
1992-07-03,,,,,,,,,,
1992-07-04,,,,,,,,,,
1992-07-05,,,,,,,,,,
1992-07-06,,,,,,,,,,
1992-07-07,,,,,,,,,,
1992-07-08,,,,,,,,,,
1992-07-09,,,,,,,,,,
1992-07-10,,,,,,,,,,
1992-07-11,,,,,,,,,,
1992-07-12,,,,,,,,,,
1992-07-13,,,,,,,,,,
1992-07-14,,,,,,,,,,
1992-07-15,,,,,,,,,,
1992-07-16,,,,,,,,,,
1992-07-17,,,,,,,,,,
1992-07-18,,,,,,,,,,
1992-07-19,,,,,,,,,,
1992-07-20,,,,,,,,,,
1992-07-21,,,,,,,,,,
1992-07-22,,,,,,,,,,
1992-07-23,,,,,,,,,,
1992-07-24,,,,,,,,,,
1992-07-25,,,,,,,,,,
1992-07-26,,,,,,,,,,
1992-07-27,,,,,,,,,,
1992-07-28,,,,,,,,,,
1992-07-29,,,,,,,,,,
1992-07-30,,,,,,,,,,
1992-07-31,,,,,,,,,,
1992-08-01,,,,,,,,,,
1992-08-02,,,,,,,,,,
1992-08-03,,,,,,,,,,
1992-08-04,,,,,,,,,,
1992-08-05,,,,,,,,,,
1992-08-06,,,,,,,,,,
1992-08-07,,,,,,,,,,
1992-08-08,,,,,,,,,,
1992-08-09,,,,,,,,,,
1992-08-10,,,,,,,,,,
1992-08-11,,,,,,,,,,
1992-08-12,,,,,,,,,,
1992-08-13,,,,,,,,,,
1992-08-14,,,,,,,,,,
1992-08-15,,,,,,,,,,
1992-08-16,,,,,,,,,,
1992-08-17,,,,,,,,,,
1992-08-18,,,,,,,,,,
1992-08-19,,,,,,,,,,
1992-08-20,,,,,,,,,,
1992-08-21,,,,,,,,,,
1992-08-22,,,,,,,,,,
1992-08-23,,,,,,,,,,
1992-08-24,,,,,,,,,,
1992-08-25,,,,,,,,,,
1992-08-26,,,,,,,,,,
1992-08-27,,,,,,,,,,
1992-08-28,,,,,,,,,,
1992-08-29,,,,,,,,,,
1992-08-30,,,,,,,,,,
1992-08-31,,,,,,,,,,
1992-09-01,,,,,,,,,,
1992-09-02,,,,,,,,,,
1992-09-03,,,,,,,,,,
1992-09-04,,,,,,,,,,
1992-09-05,,,,,,,,,,
1992-09-06,,,,,,,,,,
1992-09-07,,,,,,,,,,
1992-09-08,,,,,,,,,,
1992-09-09,,,,,,,,,,
1992-09-10,,,,,,,,,,
1992-09-11,,,,,,,,,,
1992-09-12,,,,,,,,,,
1992-09-13,,,,,,,,,,
1992-09-14,,,,,,,,,,
1992-09-15,,,,,,,,,,
1992-09-16,,,,,,,,,,
1992-09-17,,,,,,,,,,
1992-09-18,,,,,,,,,,
1992-09-19,,,,,,,,,,
1992-09-20,,,,,,,,,,
1992-09-21,,,,,,,,,,
1992-09-22,,,,,,,,,,
1992-09-23,,,,,,,,,,
1992-09-24,,,,,,,,,,
1992-09-25,,,,,,,,,,
1992-09-26,,,,,,,,,,
1992-09-27,,,,,,,,,,
1992-09-28,,,,,,,,,,
1992-09-29,,,,,,,,,,
1992-09-30,,,,,,,,,,
1992-10-01,,,,,,,,,,
1992-10-02,,,,,,,,,,
1992-10-03,,,,,,,,,,
1992-10-04,,,,,,,,,,
1992-10-05,,,,,,,,,,
1992-10-06,,,,,,,,,,
1992-10-07,,,,,,,,,,
1992-10-08,,,,,,,,,,
1992-10-09,,,,,,,,,,
1992-10-10,,,,,,,,,,
1992-10-11,,,,,,,,,,
1992-10-12,,,,,,,,,,
1992-10-13,,,,,,,,,,
1992-10-14,,,,,,,,,,
1992-10-15,,,,,,,,,,
1992-10-16,,,,,,,,,,
1992-10-17,,,,,,,,,,
1992-10-18,,,,,,,,,,
1992-10-19,,,,,,,,,,
1992-10-20,,,,,,,,,,
1992-10-21,,,,,,,,,,
1992-10-22,,,,,,,,,,
1992-10-23,,,,,,,,,,
1992-10-24,,,,,,,,,,
1992-10-25,,,,,,,,,,
1992-10-26,,,,,,,,,,
1992-10-27,,,,,,,,,,
1992-10-28,,,,,,,,,,
1992-10-29,,,,,,,,,,
1992-10-30,,,,,,,,,,
1992-10-31,,,,,,,,,,
1992-11-01,,,,,,,,,,
1992-11-02,,,,,,,,,,
1992-11-03,,,,,,,,,,
1992-11-04,,,,,,,,,,
1992-11-05,,,,,,,,,,
1992-11-06,,,,,,,,,,
1992-11-07,,,,,,,,,,
1992-11-08,,,,,,,,,,
1992-11-09,,,,,,,,,,
1992-11-10,,,,,,,,,,
1992-11-11,,,,,,,,,,
1992-11-12,,,,,,,,,,
1992-11-13,,,,,,,,,,
1992-11-14,,,,,,,,,,
1992-11-15,,,,,,,,,,
1992-11-16,,,,,,,,,,
1992-11-17,,,,,,,,,,
1992-11-18,,,,,,,,,,
1992-11-19,,,,,,,,,,
1992-11-20,,,,,,,,,,
1992-11-21,,,,,,,,,,
1992-11-22,,,,,,,,,,
1992-11-23,,,,,,,,,,
1992-11-24,,,,,,,,,,
1992-11-25,,,,,,,,,,
1992-11-26,,,,,,,,,,
1992-11-27,,,,,,,,,,
1992-11-28,,,,,,,,,,
1992-11-29,,,,,,,,,,
1992-11-30,,,,,,,,,,
1992-12-01,,,,,,,,,,
1992-12-02,,,,,,,,,,
1992-12-03,,,,,,,,,,
1992-12-04,,,,,,,,,,
1992-12-05,,,,,,,,,,
1992-12-06,,,,,,,,,,
1992-12-07,,,,,,,,,,
1992-12-08,,,,,,,,,,
1992-12-09,,,,,,,,,,
1992-12-10,,,,,,,,,,
1992-12-11,,,,,,,,,,
1992-12-12,,,,,,,,,,
1992-12-13,,,,,,,,,,
1992-12-14,,,,,,,,,,
1992-12-15,,,,,,,,,,
1992-12-16,,,,,,,,,,
1992-12-17,,,,,,,,,,
1992-12-18,,,,,,,,,,
1992-12-19,,,,,,,,,,
1992-12-20,,,,,,,,,,
1992-12-21,,,,,,,,,,
1992-12-22,,,,,,,,,,
1992-12-23,,,,,,,,,,
1992-12-24,,,,,,,,,,
1992-12-25,,,,,,,,,,
1992-12-26,,,,,,,,,,
1992-12-27,,,,,,,,,,
1992-12-28,,,,,,,,,,
1992-12-29,,,,,,,,,,
1992-12-30,,,,,,,,,,
1992-12-31,,,,,,,,,,
1993-01-01,42.21,33.89,8.21,3.59,12.54,25.27,26.58,16.22,38.55,20.14
1993-01-02,41.65,32.59,8.15,3.51,12.4,25.09,19.74,15.44,39.99,20.01
1993-01-03,40.74,31.41,8.15,3.26,12.18,24.6,21.45,14.61,38.12,20.01
1993-01-04,40.25,31.99,8.15,3.2,11.7,29.67,24.67,13.92,40.72,20.01
1993-01-05,41.24,32.8,7.93,3.2,11.92,34.32,21.21,13.58,42.03,19.83
1993-01-06,43.34,32.92,7.79,3.2,11.69,28.96,20.69,12.98,47.61,20.8
1993-01-07,44.36,31.52,13.76,4.33,12.32,25.22,23.0,14.24,50.66,25.69
1993-01-08,44.54,31.86,17.74,5.26,13.64,26.29,24.06,14.56,45.74,20.62
1993-01-09,40.58,33.88,11.0,4.1,12.62,30.04,24.13,13.64,58.27,20.29
1993-01-10,47.82,32.81,17.45,5.3,15.38,26.59,31.67,15.92,59.24,21.17
1993-01-11,51.14,39.49,18.68,6.84,17.0,26.52,24.13,16.62,55.35,20.01
1993-01-12,46.36,32.52,14.39,5.26,14.47,24.54,26.18,14.94,47.27,19.7
1993-01-13,42.08,31.87,11.83,4.4,13.45,24.85,20.96,14.18,36.8,19.42
1993-01-14,53.39,39.35,24.67,6.08,35.41,75.51,87.28,47.12,146.74,89.31
1993-01-15,53.35,38.83,18.23,6.54,22.98,42.49,58.95,39.18,110.0,33.47
1993-01-16,45.48,33.56,16.11,5.62,17.9,35.96,50.48,32.27,52.74,26.22
1993-01-17,53.8,32.94,51.44,5.24,16.36,33.54,40.74,29.43,44.71,23.67
1993-01-18,48.84,32.83,29.77,5.08,15.37,31.13,37.83,26.74,55.01,22.53
1993-01-19,45.38,31.87,21.5,5.27,14.72,30.24,30.94,24.59,36.15,21.79
1993-01-20,41.76,29.37,17.08,5.08,14.37,27.67,27.99,22.28,31.0,21.21
1993-01-21,41.02,33.68,14.27,4.44,13.47,26.98,30.6,20.51,30.74,20.62
1993-01-22,44.63,33.19,13.02,4.15,13.38,25.55,29.71,19.18,42.83,20.47
1993-01-23,42.55,31.62,12.11,3.84,13.06,26.85,24.92,18.12,69.97,19.96
1993-01-24,41.07,32.63,11.5,3.76,12.76,26.31,21.63,17.13,50.82,20.21
1993-01-25,41.64,33.53,11.09,3.72,16.93,26.2,26.41,17.32,48.56,19.91
1993-01-26,41.53,34.3,10.31,3.46,12.96,24.67,24.82,16.54,44.27,19.58
1993-01-27,42.09,33.31,10.7,3.46,12.49,25.93,23.0,15.56,45.96,19.4
1993-01-28,41.24,32.78,10.44,3.57,12.52,37.75,23.6,16.33,39.86,19.25
1993-01-29,40.82,32.02,9.56,3.2,12.1,26.4,24.1,14.74,49.2,18.91
1993-01-30,41.35,32.81,9.26,3.2,12.24,25.46,22.62,14.65,35.59,18.83
1993-01-31,41.07,31.41,8.87,3.2,12.21,24.94,28.54,14.47,35.53,18.62
1993-02-01,41.15,32.89,9.05,3.2,12.04,24.37,23.51,14.53,35.15,18.52
1993-02-02,40.66,32.7,8.61,3.2,11.81,24.4,22.32,13.55,37.28,18.28
1993-02-03,41.83,34.38,8.15,2.96,11.38,24.35,21.51,12.6,34.59,18.28
1993-02-04,42.01,31.27,8.67,2.85,11.16,23.65,21.94,11.02,36.53,18.21
1993-02-05,41.83,31.83,8.26,2.62,10.97,23.72,21.51,12.77,41.05,17.97
1993-02-06,41.39,32.4,7.82,2.66,11.05,24.07,19.93,12.9,48.55,17.71
1993-02-07,42.26,32.83,8.04,2.62,13.88,25.86,20.45,14.02,54.25,21.86
1993-02-08,40.29,35.34,7.98,2.51,12.96,26.97,18.39,15.48,51.11,18.64
1993-02-09,41.62,35.29,7.87,2.52,11.33,25.86,19.8,13.31,51.54,18.3
1993-02-10,41.91,33.86,7.68,2.35,11.53,25.16,18.79,12.44,42.86,17.83
1993-02-11,41.25,32.58,7.48,2.35,10.88,25.5,19.63,11.86,42.4,17.68
1993-02-12,40.89,32.54,7.45,2.33,10.77,24.81,18.84,11.6,38.63,17.66
1993-02-13,41.04,32.9,6.93,2.1,10.5,25.04,28.19,11.37,33.3,17.21
1993-02-14,40.84,32.83,6.85,2.1,10.66,24.71,16.84,10.74,35.28,17.09
1993-02-15,40.99,32.98,6.85,2.1,10.66,23.6,18.19,10.74,38.92,17.11
1993-02-16,45.95,33.05,6.7,3.51,11.45,24.38,19.43,12.18,37.48,20.18
1993-02-17,58.96,33.45,15.65,9.69,22.6,40.21,30.66,22.77,44.06,26.42
1993-02-18,40.65,33.39,10.46,4.8,14.6,29.15,26.7,19.6,38.8,18.88
1993-02-19,40.29,34.56,7.51,3.68,12.56,27.4,26.54,16.33,30.49,18.21
1993-02-20,40.78,36.83,7.48,2.91,11.64,25.83,21.45,16.5,43.98,17.66
1993-02-21,57.51,34.54,9.86,5.16,19.95,47.35,40.45,27.96,55.87,39.99
1993-02-22,44.52,33.49,13.63,5.76,22.6,48.08,70.29,35.94,73.13,24.96
1993-02-23,43.58,36.27,10.26,4.82,15.94,37.66,39.42,29.48,47.18,20.8
1993-02-24,43.25,36.23,8.72,3.77,14.24,35.73,33.13,26.24,41.41,19.65
1993-02-25,42.59,35.97,8.15,3.44,13.45,30.4,33.78,24.07,33.81,18.81
1993-02-26,42.07,36.19,7.9,3.09,12.62,27.47,27.32,21.35,32.83,18.54
1993-02-27,45.29,38.6,8.74,3.55,13.33,28.39,24.51,21.62,31.7,21.27
1993-02-28,65.32,47.9,22.39,8.27,26.84,42.31,49.69,34.2,52.1,30.34
1993-03-01,54.44,42.98,11.9,5.53,17.91,34.53,44.63,30.4,41.22,20.6
1993-03-02,48.08,39.88,10.25,4.42,15.42,31.95,38.46,27.37,38.71,19.43
1993-03-03,48.58,43.0,9.23,3.94,14.94,28.1,34.93,24.84,43.56,18.81
1993-03-04,49.53,41.66,8.78,3.69,14.42,29.41,27.91,22.78,37.06,18.5
1993-03-05,46.32,39.14,8.15,3.25,13.47,30.09,33.61,21.72,36.84,18.18
1993-03-06,45.16,38.08,7.73,3.08,12.82,30.21,25.96,20.81,38.26,17.87
1993-03-07,51.65,40.46,13.41,5.0,20.12,39.57,31.06,23.33,40.76,21.6
1993-03-08,47.87,41.53,9.36,4.26,13.52,38.3,28.19,21.27,41.92,18.14
1993-03-09,46.46,39.52,8.21,3.37,12.84,29.79,26.05,20.1,39.77,17.68
1993-03-10,44.96,38.14,8.01,3.14,11.84,29.69,27.87,19.72,51.01,17.45
1993-03-11,43.82,37.71,7.48,2.9,10.99,28.91,21.41,19.58,43.0,17.3
1993-03-12,43.75,36.12,7.73,2.9,11.73,28.24,18.99,19.31,35.82,17.16
1993-03-13,41.64,35.55,7.84,2.9,11.02,28.36,28.16,18.11,34.05,51.16
1993-03-14,41.14,36.08,7.19,2.9,10.85,28.2,25.84,17.31,31.37,75.85
1993-03-15,89.51,59.52,38.16,9.92,32.9,51.44,50.75,26.19,55.78,58.42
1993-03-16,106.2,71.02,30.89,11.11,39.45,47.35,51.59,33.88,94.15,33.92
1993-03-17,69.25,50.4,16.09,6.36,21.03,38.4,49.9,27.82,52.6,23.65
1993-03-18,53.54,43.33,12.77,5.26,17.05,35.29,28.83,24.48,44.15,21.32
1993-03-19,50.8,41.09,11.84,4.58,15.9,31.29,29.45,23.41,40.26,20.09
1993-03-20,48.81,40.0,9.54,4.1,14.52,33.09,25.03,22.62,38.96,19.35
1993-03-21,48.78,43.19,9.47,3.59,13.52,30.35,27.11,21.86,38.69,18.81
1993-03-22,52.41,46.48,8.99,3.1,12.92,31.19,27.18,21.72,46.09,22.28
1993-03-23,53.39,46.21,8.75,3.53,13.02,33.74,30.4,21.63,46.72,27.15
1993-03-24,147.71,129.49,31.32,28.36,51.03,117.3,232.73,167.19,98.93,81.58
1993-03-25,198.42,136.67,26.47,19.8,52.47,79.25,340.0,192.52,130.27,48.79
1993-03-26,142.87,108.19,16.74,11.09,32.33,78.98,213.43,131.86,172.54,96.28
1993-03-27,109.35,82.96,13.94,7.94,26.18,69.54,202.32,105.64,170.18,62.24
1993-03-28,103.1,81.2,16.08,7.3,29.91,57.91,174.19,100.1,115.94,50.61
1993-03-29,102.46,80.68,15.38,6.47,25.38,51.93,153.07,85.16,108.99,40.68
1993-03-30,90.25,71.75,12.28,5.51,21.23,43.84,115.65,69.6,88.78,35.1
1993-03-31,78.98,62.37,11.97,5.71,20.07,43.31,91.72,65.53,88.58,41.06
1993-04-01,75.67,61.2,11.04,5.13,18.45,39.82,88.69,54.43,90.67,32.22
1993-04-02,69.14,54.94,9.75,4.48,17.45,37.79,82.6,49.53,62.54,29.4
1993-04-03,67.78,55.62,9.94,3.86,15.39,40.64,70.48,44.29,65.44,27.73
1993-04-04,61.25,51.76,9.53,3.62,15.83,37.74,64.04,43.74,73.77,30.35
1993-04-05,60.41,49.45,9.41,3.69,15.5,44.06,55.34,40.45,77.67,27.22
1993-04-06,55.69,45.62,8.67,3.1,14.54,41.56,50.78,37.88,77.72,24.76
1993-04-07,54.19,46.3,8.52,2.98,13.56,38.06,39.97,34.41,70.04,23.78
1993-04-08,52.57,44.36,8.15,3.14,13.11,35.43,43.28,32.62,66.79,22.77
1993-04-09,52.12,44.12,8.26,2.9,12.39,35.37,37.58,31.42,60.47,22.37
1993-04-10,50.28,43.49,7.73,2.69,11.95,35.53,32.7,27.75,54.43,21.5
1993-04-11,48.77,41.24,7.51,2.81,12.29,25.98,36.91,26.43,46.62,20.93
1993-04-12,47.21,40.22,7.84,2.82,11.42,31.26,34.49,27.01,38.43,20.52
1993-04-13,46.49,40.35,7.54,2.62,10.2,32.3,31.65,25.17,41.25,19.96
1993-04-14,44.89,39.45,7.48,2.56,10.11,34.1,32.96,24.23,41.64,19.73
1993-04-15,43.4,39.17,7.48,2.35,9.42,32.88,29.0,23.56,39.98,19.4
1993-04-16,43.03,38.66,7.48,2.35,9.19,38.17,30.21,25.54,50.25,33.66
1993-04-17,42.75,37.36,6.98,2.35,8.29,37.0,30.99,25.63,44.76,23.17
1993-04-18,41.18,37.48,6.54,2.13,8.35,26.36,34.39,22.97,39.48,20.54
1993-04-19,43.05,36.85,5.62,1.84,8.63,28.28,28.14,21.83,46.2,19.7
1993-04-20,41.07,36.24,6.24,1.53,7.83,30.39,27.94,20.52,35.7,19.08
1993-04-21,42.44,36.89,6.65,1.55,7.81,28.5,26.84,20.02,45.09,19.91
1993-04-22,61.02,31.14,17.67,4.0,11.03,42.04,28.13,22.95,79.28,30.0
1993-04-23,40.99,33.42,9.99,3.07,11.33,37.48,31.96,21.1,54.37,20.88
1993-04-24,57.81,31.13,7.82,3.33,15.57,43.95,49.71,32.75,66.42,35.19
1993-04-25,40.85,33.66,7.82,3.57,12.92,37.43,38.73,25.76,60.74,25.11
1993-04-26,42.27,35.93,5.76,2.69,9.18,33.82,27.33,21.44,55.57,21.66
1993-04-27,42.93,34.41,5.02,2.62,8.64,35.13,27.97,20.56,45.15,20.75
1993-04-28,136.47,205.9,39.51,37.47,184.8,89.91,141.02,107.98,93.89,46.83
1993-04-29,1120.02,887.18,230.03,134.91,526.32,322.15,486.2,265.24,287.22,103.58
1993-04-30,400.83,249.74,54.95,35.04,113.77,174.85,276.55,149.58,243.8,60.27
1993-05-01,213.26,137.49,27.92,15.4,61.87,125.5,183.66,102.38,163.04,45.88
1993-05-02,237.57,145.73,69.79,31.55,79.64,157.39,198.81,137.16,195.69,77.21
1993-05-03,353.94,250.19,81.32,35.66,109.6,232.18,368.49,194.7,318.21,137.05
1993-05-04,222.8,146.4,38.72,17.8,62.0,160.41,234.94,134.18,202.56,77.62
1993-05-05,168.62,113.29,26.74,12.49,49.59,138.2,185.15,102.97,159.66,56.23
1993-05-06,142.9,102.27,23.01,10.67,42.77,135.59,150.49,88.94,192.66,56.26
1993-05-07,133.81,92.61,20.82,12.18,44.38,136.79,135.94,88.47,204.77,61.94
1993-05-08,115.86,80.5,17.27,8.45,35.32,111.41,132.46,75.48,166.44,49.42
1993-05-09,110.23,77.33,17.12,15.52,31.25,73.65,103.27,68.48,150.14,44.8
1993-05-10,149.94,82.69,45.86,58.75,39.6,92.31,119.17,74.8,155.48,43.68
1993-05-11,131.67,82.41,36.89,27.17,30.54,88.5,125.82,87.49,109.47,37.73
1993-05-12,109.02,72.14,22.46,15.66,23.06,78.8,117.84,73.66,105.12,34.5
1993-05-13,101.3,70.54,19.19,11.96,24.78,82.54,100.18,67.18,100.29,32.12
1993-05-14,112.36,75.67,21.64,12.83,30.65,70.4,106.06,70.27,92.32,32.59
1993-05-15,111.49,76.71,19.27,10.38,26.56,91.53,110.68,61.24,66.65,29.5
1993-05-16,89.03,62.44,15.74,8.09,19.78,54.81,81.8,51.01,63.22,26.97
1993-05-17,83.78,61.86,14.13,6.82,17.18,56.88,74.74,48.12,64.43,25.72
1993-05-18,87.36,62.1,15.15,7.4,17.86,71.18,75.6,51.31,70.61,29.13
1993-05-19,82.08,58.23,14.04,6.44,15.92,62.0,74.07,46.25,57.52,25.93
1993-05-20,76.07,57.51,13.35,5.61,14.62,49.86,57.08,43.54,60.69,23.87
1993-05-21,70.46,51.56,11.08,5.18,13.3,67.13,62.12,40.55,73.93,22.61
1993-05-22,82.76,56.14,23.01,8.49,19.39,139.23,162.36,96.42,152.52,56.01
1993-05-23,75.88,53.23,15.0,6.22,15.75,95.68,129.25,65.35,101.02,28.47
1993-05-24,66.62,48.67,11.39,5.13,13.14,82.88,101.38,55.82,81.79,24.31
1993-05-25,61.71,46.61,10.58,4.8,12.7,70.65,85.03,55.3,71.02,22.27
1993-05-26,59.01,44.86,9.23,4.16,10.0,72.74,75.76,47.76,64.77,20.21
1993-05-27,55.89,41.3,8.84,3.76,9.52,50.94,66.84,43.8,58.49,19.06
1993-05-28,53.57,42.06,8.33,3.41,9.2,50.35,59.53,41.63,53.23,17.97
1993-05-29,58.04,44.04,7.95,4.21,10.46,58.57,64.4,42.33,95.05,24.92
1993-05-30,68.04,52.13,11.69,7.41,21.57,38.87,65.89,42.41,68.9,22.29
1993-05-31,59.98,40.31,7.46,4.62,13.11,40.31,45.82,36.87,56.37,15.7
1993-06-01,51.02,40.84,6.34,3.77,14.58,55.1,56.68,35.09,45.16,14.93
1993-06-02,89.37,62.9,14.07,27.76,18.71,132.12,134.19,83.05,264.25,121.69
1993-06-03,83.49,57.13,11.54,11.85,17.82,143.19,150.92,61.32,218.13,40.11
1993-06-04,58.01,42.31,7.3,6.7,11.06,80.29,82.83,46.72,111.03,25.52
1993-06-05,51.68,39.44,5.26,5.78,9.33,68.03,67.69,41.62,81.93,21.12
1993-06-06,48.14,37.94,4.3,4.33,7.54,39.59,52.45,39.06,58.66,18.14
1993-06-07,47.25,38.43,3.14,3.33,5.88,44.11,55.19,36.74,62.34,14.88
1993-06-08,49.2,39.63,2.7,3.32,6.2,63.11,68.3,42.96,114.41,48.44
1993-06-09,57.05,45.5,2.92,3.82,10.98,109.51,94.88,52.95,218.32,70.13
1993-06-10,46.64,33.59,2.65,3.2,5.43,60.17,49.15,39.75,116.5,25.65
1993-06-11,40.69,30.55,2.78,3.02,4.0,39.37,41.43,35.45,74.76,19.19
1993-06-12,35.03,27.42,3.97,3.01,3.25,40.7,48.36,34.26,72.33,18.01
1993-06-13,132.59,165.83,30.92,31.13,91.74,498.78,783.48,559.21,339.63,208.7
1993-06-14,283.79,218.73,20.51,14.05,148.88,1222.73,1229.59,832.77,2807.36,621.92
1993-06-15,610.14,554.25,87.32,21.06,317.52,583.8,1261.46,983.46,1032.87,291.24
1993-06-16,414.5,330.44,40.26,21.33,207.19,720.11,1254.37,862.07,1125.79,292.89
1993-06-17,348.28,251.54,37.38,14.95,132.93,331.86,777.58,526.55,789.7,277.36
1993-06-18,1299.49,1240.97,79.98,29.35,1223.0,556.78,1250.68,998.98,1806.88,300.11
1993-06-19,2151.62,1451.5,63.67,82.2,999.99,984.91,1970.4,1515.11,1909.46,446.34
1993-06-20,742.46,586.2,26.26,33.23,214.29,789.17,1079.81,778.47,1284.74,334.48
1993-06-21,298.68,228.5,18.35,15.42,105.67,202.75,607.25,400.22,537.99,159.85
1993-06-22,325.8,238.22,74.3,20.84,156.45,514.19,588.18,480.87,508.5,219.84
1993-06-23,1384.43,972.73,232.88,108.96,675.0,1384.37,2002.68,1437.08,2164.16,573.62
1993-06-24,460.12,383.39,60.6,38.97,158.02,381.76,839.52,586.3,726.24,210.59
1993-06-25,312.04,273.52,49.24,26.54,142.17,296.94,692.92,442.62,459.5,174.54
1993-06-26,377.54,294.1,44.46,20.6,129.01,650.35,805.15,557.98,1482.35,530.29
1993-06-27,257.74,205.29,32.26,13.5,77.27,304.07,604.86,382.58,746.68,221.12
1993-06-28,464.69,380.11,326.89,22.06,143.3,238.09,507.29,316.57,509.0,178.19
1993-06-29,1007.85,991.68,160.81,57.31,261.67,279.04,510.05,345.36,687.38,157.25
1993-06-30,3204.46,1806.48,461.86,205.74,848.87,322.05,1102.08,850.43,542.92,138.5
1993-07-01,1101.12,760.48,156.01,72.32,260.56,223.65,1008.1,736.85,817.64,291.04
1993-07-02,1918.32,1268.14,518.86,164.77,647.59,1442.02,2020.88,1463.42,2017.24,712.52
1993-07-03,1322.79,879.74,255.28,76.96,323.17,1128.15,1306.3,995.15,1443.44,386.71
1993-07-04,1137.64,1064.42,333.06,88.43,712.13,1425.36,1863.38,1354.27,1609.48,507.14
1993-07-05,2178.9,1294.25,317.34,134.3,925.86,1789.36,2798.69,2026.12,2737.79,602.85
1993-07-06,725.54,556.85,108.89,52.45,236.37,1258.63,1133.0,885.02,1347.69,372.07
1993-07-07,549.47,343.33,87.03,59.97,245.19,1355.7,1238.64,922.6,1968.8,1049.49
1993-07-08,671.31,421.65,96.02,79.93,363.04,854.54,1235.24,888.76,1336.3,478.4
1993-07-09,372.5,253.22,53.03,37.91,141.27,338.44,677.04,465.23,674.85,265.38
1993-07-10,282.62,192.5,46.23,24.67,100.99,220.06,464.54,310.5,464.44,187.66
1993-07-11,236.33,154.38,38.97,18.64,81.19,187.38,332.6,232.38,351.67,150.07
1993-07-12,206.64,136.44,32.84,14.37,70.67,137.16,254.35,186.2,296.05,127.59
1993-07-13,182.98,123.91,29.3,12.58,62.56,127.26,208.56,156.36,255.65,114.2
1993-07-14,360.24,253.46,127.47,25.02,83.76,149.11,188.46,149.72,254.6,119.36
1993-07-15,474.79,306.05,61.96,19.98,75.36,141.2,189.37,140.9,267.3,105.82
1993-07-16,226.77,169.2,40.6,12.93,60.49,121.94,149.33,119.24,225.23,103.66
1993-07-17,551.55,404.27,93.21,65.39,239.3,821.96,1553.87,1428.18,1297.08,255.18
1993-07-18,967.02,717.72,94.63,59.29,363.74,1192.86,1388.63,1035.38,2177.0,606.19
1993-07-19,350.86,324.19,49.97,30.97,108.47,505.1,930.95,615.66,1080.23,313.09
1993-07-20,240.61,222.76,37.27,19.96,73.09,277.0,574.31,362.34,531.94,178.79
1993-07-21,200.32,166.14,30.42,15.3,61.44,196.19,361.31,252.8,376.72,131.49
1993-07-22,160.19,124.05,26.58,13.18,53.49,149.27,265.48,195.25,297.2,113.08
1993-07-23,137.9,100.42,24.2,11.91,48.32,128.37,208.65,161.31,286.23,120.67
1993-07-24,122.2,90.72,21.7,9.81,43.78,116.58,172.67,136.41,296.92,105.3
1993-07-25,157.37,111.06,31.93,9.06,54.92,113.54,154.21,125.02,271.3,122.72
1993-07-26,169.22,109.89,32.92,9.3,48.64,91.43,141.05,115.53,286.59,99.15
1993-07-27,500.26,422.93,96.45,13.51,142.96,157.46,287.72,269.58,1234.4,461.64
1993-07-28,514.41,341.19,58.97,11.36,123.77,375.74,534.29,427.47,1772.52,609.98
1993-07-29,342.17,252.34,43.36,20.35,89.77,357.16,598.65,431.3,1458.25,445.62
1993-07-30,410.5,327.95,43.07,116.82,96.51,373.22,625.4,467.73,2175.46,747.64
1993-07-31,350.49,253.44,30.24,32.91,176.14,851.0,1245.47,831.77,2254.71,769.12
1993-08-01,293.2,186.48,40.26,43.32,152.33,2055.17,3485.02,2069.71,4564.84,1719.67
1993-08-02,366.96,232.86,74.45,99.31,359.69,2022.3,2861.53,1976.55,4310.39,1455.11
1993-08-03,434.68,302.19,56.15,57.06,224.05,1170.12,1136.3,875.13,1597.69,447.74
1993-08-04,261.76,175.48,37.82,36.22,136.92,485.69,672.44,504.02,911.73,317.67
1993-08-05,196.11,146.73,31.25,21.2,95.9,275.02,500.32,349.95,642.02,240.99
1993-08-06,182.13,134.84,28.13,16.12,81.88,1554.59,709.75,504.04,1590.99,611.14
1993-08-07,187.77,141.26,28.98,19.28,75.94,1005.51,666.71,490.19,1381.11,450.26
1993-08-08,160.31,122.25,25.77,17.32,68.79,331.28,496.38,340.85,811.95,277.29
1993-08-09,137.83,117.14,25.7,12.58,59.32,320.91,487.75,431.62,1134.84,473.8
1993-08-10,560.34,389.79,122.92,204.78,127.82,1635.67,1936.46,1551.78,3781.79,1201.14
1993-08-11,338.19,219.88,52.45,57.81,82.09,700.84,854.58,668.82,1139.33,351.94
1993-08-12,210.99,161.69,31.77,30.08,60.11,266.64,536.57,388.55,679.86,239.58
1993-08-13,209.46,145.07,30.56,20.93,54.48,245.12,388.42,275.14,507.58,192.61
1993-08-14,204.94,136.71,46.12,16.65,50.01,207.36,299.94,215.89,417.15,171.18
1993-08-15,190.84,132.84,49.7,32.92,52.65,367.13,325.45,238.06,402.13,180.02
1993-08-16,311.76,186.86,104.05,54.04,96.47,404.47,340.04,237.05,457.62,193.37
1993-08-17,1678.56,967.39,359.72,223.74,655.11,454.61,483.17,373.86,410.28,191.7
1993-08-18,1059.96,614.08,326.48,126.95,226.64,754.14,1261.49,930.21,681.79,218.88
1993-08-19,1704.31,888.81,760.03,438.48,487.48,456.23,764.92,555.4,516.52,165.09
1993-08-20,1897.55,859.12,608.08,237.03,489.45,432.82,839.69,554.66,412.8,152.01
1993-08-21,643.52,424.22,215.3,88.2,176.58,251.37,582.57,383.58,315.22,137.84
1993-08-22,584.56,273.02,209.94,88.97,133.84,261.8,443.1,291.38,307.24,143.65
1993-08-23,382.97,212.55,116.69,58.48,96.39,200.1,343.36,230.63,271.06,123.26
1993-08-24,267.3,156.36,80.14,38.37,71.03,188.33,255.72,177.36,235.11,114.63
1993-08-25,212.04,128.53,61.75,28.23,62.41,151.59,219.28,151.62,205.42,107.88
1993-08-26,183.19,117.24,52.08,22.0,56.29,153.74,198.1,131.06,211.84,103.06
1993-08-27,200.83,113.34,99.66,24.62,56.44,144.13,169.05,115.72,204.68,99.54
1993-08-28,169.64,107.92,51.35,21.24,51.67,130.2,148.66,101.4,191.66,95.41
1993-08-29,137.08,98.02,49.39,16.23,44.77,84.74,135.42,92.39,192.52,92.03
1993-08-30,121.14,90.43,49.39,13.6,42.0,89.86,111.04,82.34,186.32,89.06
1993-08-31,110.2,86.0,49.39,11.57,39.38,83.21,111.45,72.29,172.92,87.95
1993-09-01,105.26,84.39,37.77,11.24,37.64,84.03,109.02,71.01,180.06,102.76
1993-09-02,232.0,86.6,59.63,18.74,42.73,143.23,182.83,117.17,285.99,146.36
1993-09-03,393.41,578.61,230.07,49.55,115.47,459.55,998.54,894.41,1585.76,659.67
1993-09-04,1931.59,1064.4,446.18,69.04,197.9,886.82,1718.78,1225.12,2121.94,481.65
1993-09-05,422.1,273.03,79.32,31.03,70.2,180.16,574.29,413.26,630.67,182.97
1993-09-06,263.0,179.5,61.87,21.14,51.82,186.76,377.85,265.59,388.05,142.56
1993-09-07,193.71,153.15,50.96,16.69,41.03,178.6,308.9,227.2,425.6,166.78
1993-09-08,168.3,138.57,42.85,13.91,39.3,200.41,263.29,190.87,445.3,158.36
1993-09-09,161.15,124.67,42.55,11.73,38.93,156.3,227.66,159.7,345.67,127.25
1993-09-10,144.56,106.67,38.21,11.28,36.18,152.4,201.56,135.94,269.03,115.0
1993-09-11,134.07,102.85,34.1,9.46,33.36,118.22,173.76,120.84,231.16,106.83
1993-09-12,132.13,96.36,33.34,10.56,32.42,112.36,162.0,111.38,218.86,99.84
1993-09-13,302.39,123.68,125.15,105.19,63.36,240.94,210.81,150.75,233.01,115.48
1993-09-14,565.83,324.28,155.52,80.35,183.31,428.04,579.76,312.99,399.59,155.99
1993-09-15,277.43,196.05,58.07,34.19,63.6,231.34,359.67,212.06,314.63,110.79
1993-09-16,202.86,147.53,47.32,22.11,39.44,165.2,261.44,174.56,248.37,135.46
1993-09-17,178.18,126.51,40.35,16.77,39.12,153.54,220.36,147.63,272.09,112.74
1993-09-18,235.61,147.98,49.14,26.09,99.74,152.74,257.54,141.25,217.31,102.98
1993-09-19,205.84,137.82,38.29,17.37,59.54,149.22,225.06,122.91,209.66,96.65
1993-09-20,164.6,115.58,34.76,15.01,48.67,136.67,179.12,112.16,173.48,101.02
1993-09-21,161.45,110.95,33.49,12.31,47.78,282.46,273.65,166.03,252.02,154.02
1993-09-22,249.63,159.39,40.68,14.27,96.27,363.82,478.1,263.14,362.99,175.8
1993-09-23,250.83,168.6,34.24,12.6,73.55,445.29,826.9,494.07,587.65,209.08
1993-09-24,194.97,145.14,29.75,10.43,52.78,199.66,497.52,321.42,361.26,139.18
1993-09-25,167.53,126.76,27.17,9.22,41.14,163.98,347.1,231.52,263.48,119.41
1993-09-26,143.02,107.68,26.53,8.38,36.71,148.67,259.92,184.22,228.24,107.48
1993-09-27,125.19,99.11,25.3,7.72,31.44,135.25,209.65,145.19,207.56,100.95
1993-09-28,117.92,94.56,25.12,8.39,32.06,128.17,171.71,119.33,194.49,96.96
1993-09-29,112.58,83.14,26.04,9.16,33.82,114.47,161.03,109.06,185.03,95.69
1993-09-30,296.25,125.08,77.93,33.25,98.97,189.94,178.89,125.07,193.49,110.81
1993-10-01,172.06,99.98,40.13,15.9,45.98,150.57,153.67,105.74,181.19,98.86
1993-10-02,112.62,79.78,30.18,11.35,38.36,84.6,139.82,93.17,156.88,91.04
1993-10-03,104.52,75.68,26.96,9.88,36.28,88.51,129.1,85.87,137.96,88.9
1993-10-04,98.81,75.68,26.15,9.07,35.23,108.39,121.37,79.82,140.6,89.19
1993-10-05,98.63,73.27,32.64,7.99,32.92,97.11,93.12,67.5,134.53,87.84
1993-10-06,109.56,78.97,25.21,7.68,32.73,102.55,100.38,63.34,154.16,86.0
1993-10-07,302.87,165.76,126.54,14.9,78.38,107.42,126.95,87.17,187.15,120.94
1993-10-08,314.6,186.49,74.38,13.14,62.35,155.4,147.46,94.76,270.73,121.73
1993-10-09,189.64,135.36,43.47,9.12,45.93,109.93,115.11,73.34,162.29,92.96
1993-10-10,144.5,101.01,36.42,8.08,40.41,65.92,102.22,66.64,139.9,87.79
1993-10-11,122.45,91.85,31.56,7.44,37.24,57.06,106.22,61.17,128.32,85.74
1993-10-12,117.58,87.46,28.44,6.6,32.24,58.77,84.83,57.0,111.89,83.66
1993-10-13,103.43,76.52,26.62,6.36,32.02,69.59,83.23,54.87,109.64,82.21
1993-10-14,97.17,72.65,25.73,6.12,33.17,61.16,72.25,50.77,126.03,80.99
1993-10-15,94.68,69.6,24.01,5.58,33.21,62.23,76.78,50.48,119.16,79.07
1993-10-16,91.97,66.46,23.39,5.46,35.29,64.95,63.3,49.06,125.79,77.17
1993-10-17,87.62,65.74,22.72,5.35,35.01,65.75,73.77,48.06,110.38,78.53
1993-10-18,87.88,65.74,22.12,5.21,34.74,62.35,71.69,47.95,144.29,77.48
1993-10-19,86.11,67.35,20.9,5.13,36.99,57.23,69.76,46.34,120.11,74.66
1993-10-20,82.55,67.26,20.91,5.09,36.31,53.66,62.81,44.72,99.1,73.26
1993-10-21,80.21,64.34,19.96,4.79,36.1,55.09,56.81,42.17,102.05,72.44
1993-10-22,76.56,62.08,22.34,4.81,35.95,55.15,61.5,40.55,109.74,71.05
1993-10-23,73.34,59.28,19.31,4.43,35.7,46.51,58.95,65.5,87.9,69.68
1993-10-24,74.11,62.97,18.49,4.37,34.56,41.4,56.93,39.27,94.84,68.69
1993-10-25,72.66,60.72,17.89,4.37,33.97,59.04,49.91,38.34,95.65,67.9
1993-10-26,68.53,55.15,17.06,4.37,33.23,63.17,49.71,36.94,78.68,67.25
1993-10-27,65.38,56.66,16.36,4.27,33.29,54.32,49.03,35.98,93.3,66.37
1993-10-28,64.53,55.9,16.4,4.04,32.56,53.46,46.62,35.87,115.19,66.88
1993-10-29,71.44,54.04,19.32,7.49,36.87,113.13,58.51,40.08,236.39,97.73
1993-10-30,75.24,63.39,20.51,7.02,38.66,67.77,66.91,43.87,215.49,79.41
1993-10-31,70.4,52.67,19.46,5.19,33.29,62.18,59.17,37.55,121.35,68.51
1993-11-01,68.28,56.36,16.84,4.37,32.83,61.73,45.78,36.11,109.17,65.73
1993-11-02,65.93,55.72,15.41,4.37,31.92,55.9,44.25,33.85,96.54,64.09
1993-11-03,64.15,51.54,15.26,4.11,31.74,58.71,41.56,34.0,96.13,63.1
1993-11-04,62.76,55.72,14.49,4.04,31.52,57.72,46.9,33.14,82.76,62.47
1993-11-05,60.74,51.3,14.42,4.04,30.76,57.54,35.21,30.86,77.58,61.54
1993-11-06,60.06,44.04,13.64,4.04,30.8,59.62,32.9,28.94,89.5,60.74
1993-11-07,69.43,59.46,26.17,5.42,30.76,54.4,32.86,28.28,88.98,60.13
1993-11-08,66.19,55.15,23.92,7.56,30.76,52.47,32.56,27.64,90.1,59.69
1993-11-09,62.43,52.4,16.67,5.17,29.88,54.64,33.83,26.79,90.48,58.95
1993-11-10,76.45,53.46,20.14,7.4,29.98,54.84,41.22,26.44,89.47,63.25
1993-11-11,277.84,83.67,130.58,65.55,52.26,91.61,56.64,33.99,276.52,121.18
1993-11-12,128.83,82.3,39.04,17.12,35.38,70.3,46.28,29.41,177.02,75.56
1993-11-13,94.01,62.97,45.61,14.44,33.94,67.34,39.17,28.89,156.38,72.87
1993-11-14,78.75,60.2,33.68,11.82,32.22,54.52,37.74,27.84,142.16,65.69
1993-11-15,72.2,54.17,24.88,8.77,30.8,54.12,32.86,25.65,111.81,62.92
1993-11-16,65.53,54.41,21.82,7.15,29.67,47.78,37.87,24.87,99.29,60.7
1993-11-17,63.94,54.04,20.16,6.45,29.84,50.32,32.45,24.19,112.26,66.82
1993-11-18,68.9,64.06,22.3,5.94,30.5,46.36,42.55,28.01,164.51,72.2
1993-11-19,65.86,57.11,18.89,5.41,28.68,41.47,35.62,25.73,105.85,61.32
1993-11-20,62.15,54.78,18.56,5.12,28.42,55.09,36.11,27.39,122.64,59.86
1993-11-21,117.48,75.02,38.36,9.33,34.75,64.09,53.77,35.48,128.22,78.1
1993-11-22,110.71,79.82,31.49,7.22,34.15,56.78,46.65,35.6,104.97,62.79
1993-11-23,85.96,68.65,24.18,5.87,30.76,49.5,45.18,30.91,93.94,59.82
1993-11-24,80.36,59.1,23.47,5.54,29.42,52.32,41.55,36.61,82.2,58.3
1993-11-25,69.08,55.62,19.38,4.9,28.55,48.58,47.83,37.59,78.11,56.76
1993-11-26,64.9,51.12,18.78,4.8,28.47,55.82,47.75,36.97,78.67,58.91
1993-11-27,64.9,52.4,18.37,4.68,29.16,56.14,45.22,35.58,80.73,61.23
1993-11-28,62.58,51.68,17.6,4.47,27.7,50.86,44.98,32.9,79.95,55.79
1993-11-29,59.19,55.76,16.32,4.3,27.28,51.46,41.04,31.74,68.57,55.03
1993-11-30,61.43,47.95,15.75,4.43,30.0,48.81,31.9,31.36,89.21,54.87
1993-12-01,94.75,71.9,29.33,20.66,53.38,112.96,99.45,62.19,114.55,96.39
1993-12-02,80.78,69.27,18.39,8.7,34.09,78.42,69.12,45.08,106.56,61.95
1993-12-03,73.24,58.76,18.53,7.47,31.85,60.43,55.58,42.43,103.21,59.6
1993-12-04,68.28,55.37,19.15,6.87,30.99,54.44,45.55,40.46,91.92,56.68
1993-12-05,65.75,55.62,16.58,5.85,29.02,47.57,46.27,38.79,87.6,54.95
1993-12-06,62.52,52.12,15.69,5.38,27.96,50.63,41.08,37.8,70.64,53.7
1993-12-07,58.4,49.59,15.41,4.96,27.66,46.37,45.05,32.52,64.03,52.74
1993-12-08,55.16,47.44,14.72,4.52,26.95,46.0,39.87,33.02,70.39,52.5
1993-12-09,56.0,48.82,14.42,4.38,26.74,46.31,39.08,29.81,77.67,51.85
1993-12-10,84.43,59.61,25.83,5.44,36.6,59.13,48.38,38.17,94.08,62.99
1993-12-11,100.53,77.17,24.07,6.33,41.11,74.23,62.03,45.34,98.38,57.62
1993-12-12,76.25,63.29,17.02,4.7,31.84,46.47,56.18,38.25,110.61,52.18
1993-12-13,74.61,61.34,16.43,4.93,30.07,49.37,42.77,36.82,87.58,51.65
1993-12-14,133.99,90.64,46.65,13.13,44.12,78.64,64.24,42.65,65.7,57.8
1993-12-15,115.51,87.47,25.84,8.19,34.12,65.71,56.88,41.37,60.72,51.85
1993-12-16,95.04,76.43,20.75,6.22,32.15,52.68,53.33,40.98,51.87,51.04
1993-12-17,82.84,68.4,18.93,5.65,30.06,59.95,52.03,36.89,62.28,50.12
1993-12-18,76.27,64.05,17.17,5.02,28.94,47.87,46.05,38.4,74.82,49.01
1993-12-19,68.83,57.18,16.04,4.74,28.17,39.61,50.59,38.67,58.8,51.0
1993-12-20,62.64,52.53,15.41,4.46,28.51,69.98,55.48,42.57,108.72,62.02
1993-12-21,62.54,53.78,15.33,4.48,27.66,59.86,51.21,37.48,82.84,51.25
1993-12-22,60.55,51.52,14.49,4.22,27.41,58.83,43.0,32.76,69.09,49.52
1993-12-23,58.47,50.6,13.82,4.04,26.7,45.12,36.76,29.62,61.52,48.57
1993-12-24,55.83,48.71,13.31,4.04,26.58,54.53,36.24,28.88,63.33,47.82
1993-12-25,54.86,47.86,12.73,4.04,26.34,44.63,35.61,28.94,64.7,47.55
1993-12-26,55.9,47.79,15.18,4.05,25.6,42.59,35.66,30.28,70.99,47.63
1993-12-27,55.53,48.15,15.16,4.04,25.36,56.38,35.96,30.95,64.76,47.16
1993-12-28,51.55,46.67,12.45,4.04,24.68,43.58,37.34,29.39,56.64,46.54
1993-12-29,49.86,43.92,11.9,4.04,24.68,32.94,36.26,26.73,51.74,45.82
1993-12-30,48.22,44.25,11.73,4.04,24.72,39.06,30.59,25.68,48.82,45.59
1993-12-31,55.57,48.5,26.69,4.76,29.91,44.68,39.87,29.08,61.54,46.9
1994-01-01,56.13,47.49,18.0,4.33,25.98,37.68,37.98,28.22,56.96,44.37
1994-01-02,49.58,45.35,13.56,4.09,25.16,38.88,32.32,26.23,65.72,44.03
1994-01-03,50.13,45.67,12.44,4.06,25.9,42.63,36.65,29.4,61.56,49.47
1994-01-04,44.82,36.46,12.29,3.77,25.2,46.01,37.47,30.92,58.09,45.55
1994-01-05,43.97,45.37,11.49,3.77,24.28,39.35,37.4,26.7,54.6,44.22
1994-01-06,49.6,46.51,10.76,3.73,24.28,36.36,31.49,24.28,59.83,44.03
1994-01-07,47.02,45.58,10.66,3.46,23.76,48.14,28.11,23.7,57.77,43.77
1994-01-08,47.3,44.85,10.26,3.35,23.33,39.12,30.96,22.99,69.03,43.14
1994-01-09,47.53,44.57,9.83,3.17,23.29,33.82,23.22,22.73,69.28,43.44
1994-01-10,48.8,43.18,9.8,3.39,23.06,35.63,16.66,22.7,60.98,42.96
1994-01-11,46.43,44.2,10.03,3.17,22.64,34.43,26.03,23.36,66.12,42.81
1994-01-12,46.02,43.26,10.88,3.17,22.49,34.32,44.44,22.27,58.05,42.26
1994-01-13,46.15,45.0,9.93,3.25,23.46,42.88,38.33,23.14,67.92,56.65
1994-01-14,44.93,42.74,17.77,6.25,23.3,36.76,34.08,23.66,93.1,49.23
1994-01-15,43.89,43.6,13.44,4.29,22.52,39.12,22.9,22.26,54.76,43.77
1994-01-16,42.48,42.51,10.8,3.9,22.18,32.27,24.87,21.78,52.41,43.1
1994-01-17,70.91,60.22,23.25,14.35,36.07,121.93,65.13,60.16,94.1,92.76
1994-01-18,90.73,74.71,37.31,11.7,35.82,121.58,128.77,70.61,105.64,63.63
1994-01-19,70.59,65.63,25.24,6.88,27.53,69.83,80.33,48.0,55.16,50.84
1994-01-20,63.13,58.44,17.3,5.44,25.16,63.22,64.78,41.26,70.28,47.35
1994-01-21,58.34,53.89,15.37,4.78,24.64,58.9,58.03,36.84,70.68,45.78
1994-01-22,51.66,47.96,14.1,4.39,24.24,56.58,51.49,34.57,56.62,44.1
1994-01-23,49.65,47.21,13.53,4.29,24.16,49.26,47.46,30.75,51.28,43.18
1994-01-24,47.6,46.86,11.75,4.09,23.42,50.78,48.18,29.62,59.2,42.55
1994-01-25,47.43,45.26,11.43,4.09,23.22,46.66,40.1,30.01,57.5,42.41
1994-01-26,46.16,44.72,11.14,4.13,22.6,45.09,32.31,29.71,64.28,42.04
1994-01-27,45.47,44.14,11.32,4.09,22.49,42.12,38.21,28.14,59.42,41.78
1994-01-28,45.92,46.23,10.73,4.09,22.45,39.23,37.6,27.06,75.63,41.53
1994-01-29,47.01,47.56,10.87,4.09,22.0,41.58,38.62,25.92,64.56,40.87
1994-01-30,45.57,44.25,12.05,4.09,21.39,38.94,32.43,24.66,55.62,40.4
1994-01-31,46.37,45.42,10.8,4.09,21.5,37.18,32.87,24.1,52.92,40.58
1994-02-01,52.53,48.86,19.18,5.76,23.3,52.0,50.38,30.89,67.8,53.75
1994-02-02,53.94,53.53,16.51,5.48,22.76,42.73,42.3,34.68,57.4,42.96
1994-02-03,51.04,48.92,12.92,4.16,21.1,39.05,40.48,29.8,60.9,41.2
1994-02-04,45.98,46.94,11.49,4.09,20.88,38.58,31.79,28.19,51.6,40.51
1994-02-05,46.74,46.49,11.42,4.09,20.88,36.58,34.67,27.77,46.88,40.51
1994-02-06,45.29,45.46,10.59,3.98,20.62,35.06,34.0,25.77,50.03,39.8
1994-02-07,46.1,45.94,10.36,3.77,20.66,35.9,33.32,25.29,49.56,39.48
1994-02-08,44.84,44.79,10.28,3.68,21.08,35.65,43.81,25.16,63.41,39.38
1994-02-09,48.36,49.64,16.08,4.71,22.92,41.1,42.05,27.05,56.75,40.05
1994-02-10,46.26,45.05,11.8,4.18,20.8,36.6,36.48,25.64,53.85,38.95
1994-02-11,44.87,45.12,11.36,4.29,20.64,33.92,34.66,24.79,50.33,41.25
1994-02-12,77.84,64.6,49.81,12.07,26.16,62.54,65.67,43.65,115.69,84.74
1994-02-13,70.7,67.86,25.02,8.3,22.07,52.64,55.8,37.77,62.23,44.87
1994-02-14,62.19,59.3,17.85,6.3,20.66,47.68,53.75,34.11,55.18,42.33
1994-02-15,79.4,66.99,29.18,6.92,29.39,59.52,56.76,39.41,84.05,55.72
1994-02-16,97.97,83.4,29.98,8.28,30.13,68.34,67.46,39.42,87.06,45.33
1994-02-17,79.88,72.73,21.56,6.64,23.97,60.91,51.06,36.02,58.96,42.59
1994-02-18,71.47,66.22,18.07,5.67,22.68,54.06,43.14,34.94,54.68,41.78
1994-02-19,64.52,58.22,16.29,5.32,22.07,53.18,56.11,34.29,54.71,42.72
1994-02-20,71.09,66.55,22.39,9.41,24.88,62.96,62.0,38.86,97.94,72.07
1994-02-21,121.93,91.99,45.73,22.1,39.1,120.66,96.34,55.51,144.52,94.84
1994-02-22,92.18,80.96,23.24,10.82,27.7,87.56,85.53,47.48,87.41,58.83
1994-02-23,78.82,69.13,19.79,8.03,24.76,59.04,67.48,45.55,78.94,52.5
1994-02-24,70.55,65.69,16.78,6.69,23.3,61.47,58.93,42.53,85.67,48.92
1994-02-25,65.51,63.26,15.26,5.95,22.41,53.39,57.75,39.01,86.86,46.08
1994-02-26,62.93,62.25,14.66,5.44,21.54,45.73,53.04,37.55,55.28,44.18
1994-02-27,59.43,57.99,13.95,4.83,20.8,39.1,45.13,35.4,67.86,42.59
1994-02-28,55.85,55.48,13.03,4.44,20.69,43.32,47.81,34.29,67.87,41.75
1994-03-01,52.97,58.8,12.36,4.4,20.46,42.31,43.91,34.18,66.45,40.94
1994-03-02,54.73,54.18,11.86,4.09,20.19,36.81,45.18,34.29,56.97,39.98
1994-03-03,50.96,51.46,11.42,4.09,19.83,43.1,56.76,48.4,49.87,39.55
1994-03-04,50.96,50.45,11.67,4.09,19.83,40.28,55.4,44.81,51.9,39.3
1994-03-05,50.14,51.13,13.69,4.09,19.8,35.78,39.38,30.5,52.6,38.56
1994-03-06,46.85,47.18,11.54,4.09,19.34,32.86,26.94,35.51,50.13,37.97
1994-03-07,49.03,46.59,11.76,4.89,19.72,34.51,59.88,49.35,53.96,39.99
1994-03-08,87.64,68.9,25.21,11.96,46.58,55.98,61.94,54.62,66.22,58.38
1994-03-09,64.32,58.56,15.15,6.43,29.15,48.27,64.74,50.91,65.92,42.9
1994-03-10,53.35,50.39,12.7,5.08,24.05,39.78,50.05,47.34,66.27,40.48
1994-03-11,49.59,48.36,11.18,4.5,21.73,35.46,52.18,46.19,59.88,38.84
1994-03-12,75.29,66.34,29.2,11.71,29.17,101.36,67.05,45.21,84.06,80.59
1994-03-13,78.36,70.56,20.49,20.73,27.83,74.64,57.12,45.7,79.49,54.21
1994-03-14,64.36,62.28,15.57,15.12,23.5,60.02,43.56,36.09,64.07,45.13
1994-03-15,58.15,54.49,13.6,10.89,22.22,48.65,41.43,31.39,42.67,42.48
1994-03-16,53.27,54.22,12.48,6.69,20.91,58.2,33.79,30.61,55.7,41.02
1994-03-17,52.84,51.61,11.67,5.06,20.62,39.79,40.5,32.24,47.92,40.37
1994-03-18,49.89,50.81,11.53,5.08,20.55,41.54,36.28,31.91,57.47,39.24
1994-03-19,49.96,48.69,10.59,4.46,20.03,37.59,38.98,29.42,46.86,38.39
1994-03-20,46.69,47.18,10.03,4.23,19.43,30.89,35.0,27.62,47.91,37.59
1994-03-21,47.25,46.96,9.83,4.09,18.88,30.4,32.25,26.13,50.2,36.59
1994-03-22,50.53,49.24,14.22,4.13,19.22,38.05,37.91,25.8,51.86,36.84
1994-03-23,56.88,55.21,17.86,4.4,21.1,30.07,39.87,26.99,68.5,53.82
1994-03-24,52.3,51.82,12.37,4.2,19.78,28.2,38.35,26.17,74.69,40.17
1994-03-25,48.99,51.5,11.25,4.15,18.65,28.7,33.46,26.21,46.68,37.94
1994-03-26,48.86,49.56,13.34,4.27,18.57,27.42,31.94,24.58,39.54,36.94
1994-03-27,47.18,48.04,10.76,4.1,18.45,24.92,26.58,24.32,51.49,36.22
1994-03-28,45.23,45.05,9.83,4.02,17.92,23.99,27.49,24.16,53.42,35.64
1994-03-29,44.27,46.23,9.67,3.36,20.01,24.5,28.93,24.63,51.23,36.15
1994-03-30,43.84,46.44,9.7,3.41,18.46,24.06,33.25,23.78,46.48,35.27
1994-03-31,45.13,46.68,9.25,3.36,17.89,20.68,33.14,22.12,39.25,34.84
1994-04-01,53.4,50.39,16.46,5.1,22.62,45.0,42.59,28.28,54.88,56.13
1994-04-02,70.03,66.44,19.24,6.56,32.76,72.0,56.99,33.18,97.93,51.26
1994-04-03,56.26,53.3,11.5,4.09,21.08,38.4,37.02,24.82,54.92,38.46
1994-04-04,50.02,50.83,10.03,4.09,18.74,40.33,47.43,23.34,54.33,36.63
1994-04-05,47.72,48.62,8.85,3.78,17.78,42.9,22.65,22.99,45.42,37.08
1994-04-06,48.15,48.52,10.11,4.37,20.13,60.35,40.14,25.97,47.43,49.87
1994-04-07,62.46,58.67,20.93,11.91,30.08,227.69,74.45,43.98,152.18,121.61
1994-04-08,60.13,61.84,14.78,9.37,24.47,115.47,62.25,37.21,107.58,62.58
1994-04-09,53.65,53.9,10.97,5.98,20.24,74.66,50.88,32.96,78.51,52.24
1994-04-10,49.23,52.21,9.86,5.14,19.09,43.28,42.9,28.46,66.16,46.58
1994-04-11,48.66,50.13,9.8,4.68,18.82,57.93,47.42,27.33,62.91,53.33
1994-04-12,203.03,106.85,40.96,50.85,95.2,225.85,297.63,185.12,336.86,224.87
1994-04-13,177.7,127.98,26.52,26.68,58.67,181.27,266.52,170.5,322.31,137.45
1994-04-14,122.23,92.93,16.39,12.71,33.74,141.93,161.06,112.22,201.66,84.43
1994-04-15,97.7,75.52,13.58,8.85,27.33,106.81,118.57,83.75,146.27,65.52
1994-04-16,83.46,64.1,11.54,6.81,24.04,92.91,99.05,68.48,99.89,56.34
1994-04-17,74.72,59.99,11.32,5.64,20.72,61.05,84.03,60.15,96.05,50.52
1994-04-18,75.16,59.36,13.15,5.93,23.02,136.3,96.32,73.94,230.85,164.32
1994-04-19,80.09,62.0,17.12,7.64,22.65,171.02,105.5,70.21,312.71,121.75
1994-04-20,155.76,119.5,64.2,39.49,49.94,282.79,141.63,111.96,340.77,199.44
1994-04-21,394.12,264.73,93.24,50.72,73.51,465.46,312.2,176.49,880.5,388.81
1994-04-22,193.05,120.39,50.23,31.59,38.31,184.07,176.27,122.18,447.0,185.32
1994-04-23,240.98,137.15,84.54,46.14,41.98,161.84,158.23,113.66,378.47,128.82
1994-04-24,203.15,125.75,53.28,28.67,41.86,146.75,149.12,102.77,281.81,96.89
1994-04-25,141.34,90.22,36.76,16.93,32.78,140.21,132.78,89.73,241.52,83.46
1994-04-26,111.65,74.21,28.53,13.78,30.07,134.44,111.59,81.32,232.64,74.2
1994-04-27,97.96,64.35,22.75,10.12,26.72,131.11,104.21,72.73,165.93,65.57
1994-04-28,91.06,62.6,21.47,8.82,26.06,128.56,96.32,69.6,150.06,61.75
1994-04-29,80.49,54.4,18.94,7.26,24.01,88.86,80.28,62.39,140.18,56.41
1994-04-30,68.16,49.79,17.48,5.9,21.73,64.15,69.55,52.34,106.48,53.6
1994-05-01,68.09,49.9,16.72,5.35,20.84,57.76,65.99,47.59,100.18,51.88
1994-05-02,64.43,47.2,16.07,5.42,19.99,54.38,63.03,45.5,102.98,50.23
1994-05-03,63.94,46.84,15.76,5.02,19.28,77.22,62.23,44.69,133.28,58.23
1994-05-04,60.89,47.29,15.72,4.98,19.18,67.67,66.09,43.49,181.0,59.43
1994-05-05,59.93,44.56,14.5,4.5,18.12,56.67,53.6,37.85,99.54,49.0
1994-05-06,58.65,46.96,13.72,4.46,17.89,73.09,44.88,35.88,94.63,46.81
1994-05-07,62.1,50.2,12.48,4.42,17.1,79.2,49.48,32.75,75.03,44.98
1994-05-08,59.19,45.28,12.26,4.44,16.84,53.78,48.21,30.8,85.21,43.1
1994-05-09,50.88,40.3,11.96,4.43,16.33,71.76,43.91,29.08,76.95,41.38
1994-05-10,47.12,39.98,10.97,4.43,15.6,66.7,44.07,28.46,84.6,40.44
1994-05-11,79.22,46.99,24.27,13.04,23.59,99.1,61.99,43.1,84.53,59.24
1994-05-12,70.56,48.32,18.26,10.68,19.3,100.64,68.03,39.84,91.15,48.12
1994-05-13,56.24,37.32,12.04,6.19,12.18,83.64,42.08,31.9,80.39,42.52
1994-05-14,51.35,42.11,15.11,6.07,14.68,74.4,45.62,30.84,83.99,43.25
1994-05-15,115.54,55.03,48.2,43.41,38.37,139.14,92.07,64.9,197.75,110.67
1994-05-16,68.43,46.13,17.83,15.22,16.66,110.07,71.96,46.01,166.77,56.21
1994-05-17,54.46,38.0,13.19,8.99,13.84,79.68,58.86,38.04,100.04,48.34
1994-05-18,51.47,38.41,12.01,6.98,12.86,68.58,51.87,35.08,86.49,45.63
1994-05-19,48.37,34.56,10.36,5.63,12.26,62.9,49.61,31.55,79.01,41.42
1994-05-20,43.94,32.06,9.8,4.63,10.93,57.32,38.5,29.25,79.82,38.88
1994-05-21,42.49,31.66,9.06,4.43,10.02,54.98,34.79,28.55,70.58,37.12
1994-05-22,41.06,31.51,9.16,4.43,10.17,47.63,37.74,27.59,70.87,36.46
1994-05-23,41.44,32.22,8.42,4.43,9.15,49.2,38.62,25.64,66.14,34.04
1994-05-24,41.75,31.24,6.77,4.16,9.36,48.76,35.51,24.48,74.7,33.91
1994-05-25,44.08,31.5,6.2,4.1,9.59,47.82,34.98,24.56,78.29,33.85
1994-05-26,73.3,45.21,35.86,20.6,14.11,49.21,37.25,24.84,100.47,40.21
1994-05-27,60.5,43.13,21.53,11.08,13.08,48.75,35.51,24.41,82.46,35.54
1994-05-28,44.5,33.29,11.06,5.99,9.47,42.92,35.27,22.97,70.2,31.09
1994-05-29,41.24,31.26,8.57,4.33,7.56,33.02,32.18,21.61,59.94,27.58
1994-05-30,40.75,29.41,7.32,4.16,7.08,35.07,27.42,21.55,47.54,26.93
1994-05-31,41.05,29.41,6.7,4.04,6.86,32.36,30.66,21.33,39.54,25.31
1994-06-01,40.06,29.38,5.71,3.77,6.58,48.29,30.08,20.93,48.17,25.03
1994-06-02,38.69,28.55,4.06,3.42,5.38,35.05,26.99,19.36,47.82,23.08
1994-06-03,38.72,28.1,3.97,2.98,4.41,29.22,27.66,18.02,42.06,21.78
1994-06-04,36.21,26.51,3.86,2.54,3.53,24.43,29.56,18.02,35.07,21.31
1994-06-05,34.51,25.25,3.74,2.37,2.55,23.94,23.83,18.35,37.91,23.95
1994-06-06,33.11,25.25,3.16,2.22,2.09,29.56,26.15,18.93,34.72,24.34
1994-06-07,34.59,26.0,3.06,2.06,2.19,23.4,27.82,21.52,54.33,32.54
1994-06-08,51.18,46.82,7.31,4.68,5.64,26.25,56.65,38.78,54.85,44.93
1994-06-09,125.09,91.65,32.78,11.82,19.4,50.39,95.82,53.15,127.0,67.77
1994-06-10,68.98,52.88,12.66,5.08,8.58,49.44,60.38,34.72,54.37,32.86
1994-06-11,48.8,39.39,9.64,4.09,4.7,54.05,58.85,38.08,66.92,40.56
1994-06-12,77.88,75.03,14.9,4.58,15.82,165.11,163.43,103.77,256.58,161.48
1994-06-13,113.62,103.55,24.37,11.12,52.71,1203.07,998.11,619.04,1504.01,689.79
1994-06-14,201.88,162.97,36.12,14.95,53.68,405.97,510.07,302.13,810.64,272.57
1994-06-15,92.54,72.09,13.59,6.16,15.52,166.08,251.47,174.96,331.59,118.17
1994-06-16,52.74,47.3,8.6,4.47,6.98,122.01,179.36,119.84,209.46,77.08
1994-06-17,29.63,36.26,7.82,4.09,2.22,93.5,149.46,95.53,154.11,70.01
1994-06-18,279.06,186.47,168.66,111.13,101.02,463.08,468.8,305.83,908.64,363.92
1994-06-19,337.77,196.74,96.22,63.26,70.83,306.5,341.08,206.72,482.57,155.62
1994-06-20,332.35,197.39,128.74,50.72,58.47,167.32,238.92,153.19,271.17,95.87
1994-06-21,180.53,119.93,43.64,23.85,30.56,135.25,186.02,122.34,209.92,71.6
1994-06-22,119.77,82.09,30.97,13.42,19.59,117.17,164.31,116.35,196.53,84.11
1994-06-23,165.94,110.73,40.46,14.27,45.6,380.76,232.69,157.79,427.7,274.66
1994-06-24,124.73,87.23,23.61,9.49,30.94,213.13,219.0,149.73,295.06,118.29
1994-06-25,91.87,66.4,17.45,6.95,15.95,130.73,185.25,124.66,183.67,79.95
1994-06-26,80.81,57.59,14.86,5.87,12.74,102.28,162.51,107.68,155.92,67.25
1994-06-27,72.07,49.1,14.27,5.45,8.09,95.01,136.75,92.06,128.5,57.4
1994-06-28,72.9,49.11,13.52,5.61,6.12,71.09,110.07,82.83,107.02,52.5
1994-06-29,69.34,45.66,14.55,5.09,8.31,62.26,104.33,66.31,109.7,52.64
1994-06-30,60.8,38.84,11.6,4.33,5.1,59.34,81.32,58.25,128.92,66.53
1994-07-01,58.48,38.38,11.85,4.2,5.06,54.73,88.75,55.61,107.97,50.33
1994-07-02,52.62,35.38,9.01,3.92,3.36,57.67,68.83,50.42,94.4,44.23
1994-07-03,45.08,29.46,8.05,3.59,2.07,50.33,67.86,46.72,66.74,42.08
1994-07-04,39.9,28.66,7.96,3.32,1.54,51.87,62.04,43.92,88.6,39.75
1994-07-05,38.65,28.13,7.25,3.17,1.2,47.55,52.32,41.05,73.13,38.32
1994-07-06,41.92,27.71,7.21,3.17,1.06,40.28,47.7,38.28,47.82,38.29
1994-07-07,42.17,27.16,6.41,3.17,0.98,40.84,48.56,36.22,65.96,37.32
1994-07-08,37.39,25.45,5.88,3.0,0.89,40.9,46.32,34.71,62.44,36.56
1994-07-09,34.87,24.82,5.4,2.85,1.02,39.23,38.96,33.34,48.42,36.29
1994-07-10,34.29,24.45,5.03,2.67,1.19,35.57,41.95,32.66,49.96,35.51
1994-07-11,33.11,24.16,5.03,2.54,1.02,35.96,36.27,30.84,78.54,34.18
1994-07-12,32.41,23.35,4.78,2.31,1.09,33.06,37.76,29.33,50.82,33.06
1994-07-13,30.01,21.77,4.29,2.16,1.08,31.99,37.18,28.7,42.91,32.51
1994-07-14,27.24,21.4,4.12,1.94,0.93,31.45,35.04,27.64,42.4,32.48
1994-07-15,25.63,21.04,4.15,2.07,0.78,29.18,33.12,27.12,57.91,32.35
1994-07-16,24.43,19.95,4.12,1.82,0.73,38.13,34.35,29.97,51.52,34.2
1994-07-17,22.74,19.95,3.6,1.82,0.8,46.67,48.08,35.97,40.78,35.33
1994-07-18,22.54,19.95,3.69,1.76,2.15,47.84,45.7,40.22,56.05,32.87
1994-07-19,22.47,19.83,3.37,1.58,1.64,47.41,58.55,50.93,55.13,32.54
1994-07-20,22.19,18.99,2.86,1.46,0.91,73.14,78.33,48.49,53.48,33.26
1994-07-21,20.88,19.24,2.41,1.32,1.06,72.15,53.6,39.88,56.91,34.61
1994-07-22,22.61,19.84,2.41,1.38,1.16,50.92,35.44,31.32,93.44,33.92
1994-07-23,22.57,19.86,2.29,1.29,1.12,44.15,36.55,27.37,137.55,48.32
1994-07-24,22.41,19.86,2.16,1.17,1.17,42.32,34.59,25.12,179.71,93.5
1994-07-25,22.88,20.66,2.1,1.02,1.18,39.56,35.78,24.75,138.28,75.97
1994-07-26,42.48,35.58,7.56,2.2,1.26,45.76,42.47,23.83,80.33,43.08
1994-07-27,52.21,27.7,12.15,3.38,8.98,57.71,29.68,25.9,68.88,37.64
1994-07-28,39.3,23.53,9.5,4.03,9.5,52.2,32.48,26.37,61.5,48.05
1994-07-29,35.32,37.69,7.24,3.9,18.87,41.97,35.7,30.24,93.97,59.05
1994-07-30,67.36,41.33,11.39,2.96,26.53,53.35,52.54,33.53,75.56,54.08
1994-07-31,58.83,32.69,14.16,2.58,9.89,51.96,25.63,24.81,44.83,39.67
1994-08-01,40.69,26.72,6.9,2.37,4.85,41.64,33.06,23.26,55.77,35.7
1994-08-02,31.5,20.89,4.54,2.22,1.97,33.38,24.55,21.56,42.67,30.67
1994-08-03,24.34,19.36,3.44,2.18,1.2,28.16,22.43,20.04,41.47,27.75
1994-08-04,19.11,18.52,2.98,1.85,0.74,25.79,18.97,18.67,38.83,27.49
1994-08-05,17.44,15.98,2.67,1.47,0.77,22.6,22.52,18.18,43.47,26.45
1994-08-06,15.27,14.94,2.31,1.22,0.81,21.68,23.71,17.68,37.54,26.11
1994-08-07,14.4,20.14,1.97,1.17,0.95,19.31,17.95,17.56,43.76,26.68
1994-08-08,17.34,20.13,1.9,0.99,0.93,21.03,16.03,17.27,52.18,26.8
1994-08-09,18.07,22.46,1.69,0.99,1.01,20.36,18.72,18.32,65.89,27.36
1994-08-10,19.4,19.35,1.63,0.99,1.13,19.6,17.32,17.32,78.63,28.62
1994-08-11,17.15,18.61,1.54,0.99,1.17,21.71,15.86,16.7,66.67,31.09
1994-08-12,14.74,21.61,1.33,1.14,1.01,20.36,14.74,17.39,124.75,74.67
1994-08-13,16.55,35.05,1.24,1.14,0.81,52.58,27.89,35.69,458.9,336.0
1994-08-14,36.08,39.68,1.32,1.12,0.83,126.75,31.54,30.06,267.92,154.82
1994-08-15,30.43,22.62,1.21,0.99,0.73,47.6,18.87,20.07,159.12,81.79
1994-08-16,23.87,19.24,1.26,1.13,0.73,36.94,14.23,19.36,116.92,62.17
1994-08-17,18.08,18.61,1.19,1.14,0.75,29.67,13.83,18.12,88.24,45.15
1994-08-18,20.24,18.41,1.16,1.94,0.84,26.69,15.03,17.68,81.02,40.14
1994-08-19,35.22,17.37,1.22,4.16,1.01,24.56,15.88,18.79,87.42,38.38
1994-08-20,23.75,17.17,1.5,1.74,0.98,24.91,16.77,21.19,80.09,35.24
1994-08-21,19.59,17.87,1.63,1.5,1.02,21.99,16.23,19.84,83.65,33.96
1994-08-22,17.97,17.87,1.57,1.34,1.03,22.06,15.16,17.77,80.21,31.4
1994-08-23,16.8,17.45,1.51,1.29,1.02,22.04,14.46,18.02,70.15,29.87
1994-08-24,16.03,16.06,1.37,1.16,1.02,21.47,14.38,16.98,64.44,28.17
1994-08-25,14.93,16.49,1.3,1.14,1.02,20.22,14.11,16.46,58.67,34.79
1994-08-26,15.27,18.61,1.83,1.14,0.95,23.28,17.0,18.59,92.2,74.94
1994-08-27,29.78,47.53,3.44,1.64,1.46,61.08,61.98,38.64,130.08,75.86
1994-08-28,55.14,30.64,9.5,4.61,12.48,54.13,54.92,45.01,99.53,51.46
1994-08-29,46.21,21.88,6.65,4.78,1.98,38.22,20.9,23.2,54.86,38.22
1994-08-30,32.34,26.52,5.42,4.72,1.41,31.82,24.28,27.46,49.08,33.3
1994-08-31,31.87,22.74,3.86,4.03,1.7,30.27,24.02,22.61,46.9,29.99
1994-09-01,29.0,21.64,2.94,3.75,0.89,24.6,24.82,21.62,43.72,28.43
1994-09-02,25.75,19.54,2.28,3.28,0.85,27.37,26.97,28.14,43.92,28.17
1994-09-03,22.89,20.31,1.97,2.65,0.83,28.45,23.86,20.88,48.88,29.73
1994-09-04,23.13,20.88,1.93,2.56,0.93,23.89,15.05,19.06,54.57,33.53
1994-09-05,25.23,20.16,1.69,4.78,1.05,21.88,19.99,18.53,63.64,29.62
1994-09-06,55.0,23.74,2.95,6.72,7.62,24.06,17.76,20.87,66.67,29.0
1994-09-07,258.0,44.75,34.98,9.5,13.3,26.9,21.61,20.44,79.95,30.41
1994-09-08,71.48,24.38,14.98,5.98,5.98,25.74,19.92,18.67,78.63,30.59
1994-09-09,40.96,19.37,8.44,4.51,4.9,24.11,14.18,17.54,69.84,29.62
1994-09-10,34.9,24.59,6.28,3.83,2.46,22.46,13.9,16.7,62.61,29.22
1994-09-11,37.88,21.5,4.91,3.68,2.4,22.1,13.25,16.3,46.38,29.94
1994-09-12,34.65,20.49,4.18,3.35,2.07,21.93,12.77,16.04,47.07,29.96
1994-09-13,33.12,22.4,4.06,3.66,1.37,21.06,12.35,15.3,46.35,28.79
1994-09-14,30.52,22.46,3.6,4.08,0.77,21.71,10.78,14.56,46.9,28.55
1994-09-15,29.47,21.29,3.57,3.91,0.73,19.38,11.12,14.64,44.61,28.16
1994-09-16,36.43,25.02,76.15,7.43,0.76,23.33,11.8,14.73,55.24,27.36
1994-09-17,64.14,20.82,48.36,5.6,1.1,20.5,10.45,14.31,58.61,27.06
1994-09-18,47.52,18.69,18.76,4.14,1.41,23.62,16.45,14.56,63.07,29.56
1994-09-19,42.52,24.09,13.42,4.47,1.58,28.91,12.44,15.39,64.14,30.46
1994-09-20,38.35,20.81,10.08,4.1,1.95,25.19,10.98,14.44,66.38,28.82
1994-09-21,37.46,18.18,8.45,3.92,1.45,21.82,11.19,14.12,57.78,28.25
1994-09-22,35.01,19.56,7.71,3.54,1.42,22.46,8.69,14.4,55.69,28.71
1994-09-23,33.27,19.43,6.56,3.3,1.3,21.96,9.39,14.31,51.8,29.19
1994-09-24,31.76,18.81,5.67,3.5,1.15,22.22,11.37,13.99,52.37,28.64
1994-09-25,29.25,19.04,5.4,3.68,0.81,19.97,10.92,14.7,45.08,29.0
1994-09-26,28.49,20.05,5.34,3.66,0.75,20.44,10.56,14.5,47.35,29.47
1994-09-27,29.92,21.47,5.06,3.14,0.74,22.27,10.98,13.86,53.2,31.21
1994-09-28,31.6,20.92,6.48,2.92,0.76,27.68,11.96,14.56,87.82,44.41
1994-09-29,34.7,27.12,8.99,9.14,0.73,37.41,13.08,15.83,98.99,57.19
1994-09-30,45.22,24.28,20.55,14.98,0.94,30.41,13.07,15.87,54.23,41.64
1994-10-01,40.16,21.45,15.21,6.05,1.42,26.29,13.93,15.5,46.66,42.47
1994-10-02,36.42,20.13,9.9,6.06,1.74,24.1,13.9,14.58,46.38,41.16
1994-10-03,37.07,23.02,8.73,3.95,1.79,24.04,13.28,14.35,59.71,40.23
1994-10-04,39.43,20.32,7.96,2.94,2.5,25.15,13.61,14.48,64.71,39.8
1994-10-05,42.6,22.49,15.36,2.8,3.58,25.88,13.1,14.35,68.25,39.71
1994-10-06,43.82,21.43,10.46,2.3,3.68,26.55,13.12,14.1,69.63,37.87
1994-10-07,40.58,19.98,7.24,2.02,3.89,27.52,13.12,13.92,65.92,37.17
1994-10-08,37.67,19.24,6.2,1.9,3.82,28.21,13.47,13.86,54.98,36.53
1994-10-09,39.95,20.16,5.84,1.82,4.06,29.24,16.25,13.86,67.22,39.57
1994-10-10,38.75,20.97,6.33,1.82,9.75,31.62,15.26,14.42,68.64,57.97
1994-10-11,38.0,22.9,6.85,1.82,10.42,34.02,14.33,14.58,83.93,47.23
1994-10-12,38.18,21.49,7.48,1.82,10.12,42.34,14.84,18.05,67.04,57.66
1994-10-13,36.02,21.4,6.82,1.82,16.23,36.2,15.12,17.0,56.19,43.71
1994-10-14,35.55,22.84,5.88,1.79,14.15,31.0,21.14,16.39,47.29,40.02
1994-10-15,35.6,22.94,5.03,2.05,14.19,26.96,15.59,16.39,47.17,38.11
1994-10-16,34.09,22.33,5.27,2.3,14.7,27.82,14.79,13.8,42.32,36.63
1994-10-17,37.88,22.33,9.87,2.21,17.56,29.22,15.16,14.31,47.48,36.32
1994-10-18,34.83,24.43,6.58,1.97,15.08,27.28,15.0,14.5,59.92,35.54
1994-10-19,35.25,23.93,5.27,1.82,13.03,26.11,15.31,13.64,48.45,34.7
1994-10-20,33.68,21.92,6.81,1.82,13.0,27.67,16.2,12.96,48.68,34.67
1994-10-21,38.08,24.99,7.31,1.82,16.07,27.59,15.98,13.78,56.43,35.61
1994-10-22,37.41,22.68,6.86,1.82,15.08,26.49,15.5,14.23,48.07,34.24
1994-10-23,31.62,22.71,5.72,1.82,12.63,26.42,15.09,13.12,43.1,33.13
1994-10-24,32.37,22.56,5.03,1.63,12.49,25.04,15.41,12.57,39.58,32.9
1994-10-25,31.25,22.05,4.84,1.61,11.85,25.6,15.94,12.42,43.09,32.61
1994-10-26,30.29,21.41,4.41,1.46,11.66,24.65,16.74,12.46,39.09,32.35
1994-10-27,30.15,23.16,4.29,1.46,11.61,24.42,16.71,12.44,37.54,32.35
1994-10-28,32.56,22.71,4.29,1.3,11.3,25.52,17.11,12.44,42.52,32.35
1994-10-29,30.5,22.02,4.29,1.29,11.02,25.77,17.3,11.96,41.84,32.29
1994-10-30,30.56,22.87,4.32,1.29,11.07,24.56,16.48,11.51,39.18,31.65
1994-10-31,30.76,21.59,4.26,1.29,10.86,22.99,13.95,11.72,53.47,31.46
1994-11-01,30.81,21.89,3.92,1.29,10.81,22.7,13.57,11.76,46.79,31.34
1994-11-02,29.71,22.14,3.69,1.29,10.6,22.2,12.41,11.66,53.23,31.3
1994-11-03,28.97,22.14,3.83,1.29,10.44,20.78,11.12,11.98,54.05,30.83
1994-11-04,29.12,21.96,3.77,1.14,10.04,20.6,11.1,11.76,53.24,30.7
1994-11-05,29.06,21.52,3.69,1.14,10.56,21.1,11.12,11.62,50.96,30.74
1994-11-06,28.91,22.11,3.86,1.14,10.44,20.54,11.49,11.53,55.94,30.7
1994-11-07,28.62,22.14,3.8,1.14,10.21,21.01,11.76,11.49,52.31,30.33
1994-11-08,27.61,21.8,3.3,1.07,10.04,20.38,11.07,11.29,32.47,30.05
1994-11-09,27.95,21.49,2.77,0.99,9.95,19.61,8.84,11.31,32.65,30.39
1994-11-10,27.54,20.55,2.98,0.99,9.7,19.63,8.46,10.93,25.21,30.61
1994-11-11,25.8,21.13,2.98,0.99,9.39,21.47,8.78,10.66,29.19,30.27
1994-11-12,26.29,21.1,2.98,0.99,9.24,20.24,9.07,10.66,29.46,30.08
1994-11-13,26.46,21.4,3.29,0.99,8.8,20.01,9.36,10.66,29.98,30.36
1994-11-14,34.0,24.59,5.53,0.99,9.46,20.53,9.79,10.59,32.08,30.42
1994-11-15,37.48,26.83,4.76,1.13,10.08,20.68,10.0,10.07,39.51,29.92
1994-11-16,31.35,22.91,3.63,1.14,9.75,20.84,12.14,10.34,31.89,30.71
1994-11-17,29.89,21.72,3.32,1.14,9.58,22.01,12.47,10.66,50.86,30.49
1994-11-18,45.37,26.83,10.49,2.5,13.5,23.62,13.16,11.13,76.64,40.31
1994-11-19,42.24,24.64,10.28,2.5,13.32,24.04,13.46,11.16,72.59,32.05
1994-11-20,30.6,21.31,5.37,2.16,10.65,22.4,12.91,10.66,44.52,29.77
1994-11-21,29.77,22.43,4.29,1.89,10.19,23.02,11.08,10.05,58.65,29.22
1994-11-22,29.41,21.4,4.09,1.8,9.95,21.44,13.77,10.81,53.22,29.19
1994-11-23,28.8,21.4,3.6,1.63,9.36,19.8,12.89,10.19,29.5,28.61
1994-11-24,27.82,21.4,3.44,1.48,8.99,19.69,12.44,10.19,39.36,28.61
1994-11-25,28.8,21.4,3.94,1.46,8.72,20.57,11.93,10.24,47.54,28.61
1994-11-26,28.45,21.4,3.63,1.46,9.2,19.14,12.02,10.24,52.2,28.61
1994-11-27,27.77,21.4,3.6,1.41,8.78,19.69,11.75,10.24,45.82,28.2
1994-11-28,26.91,20.43,3.6,1.29,8.68,20.49,11.6,10.28,40.59,28.14
1994-11-29,27.35,20.92,3.86,1.29,8.68,21.01,11.48,10.96,57.94,39.36
1994-11-30,27.53,21.0,3.63,1.22,8.58,21.07,11.34,11.53,56.74,31.37
1994-12-01,26.93,21.65,3.42,1.14,8.68,20.39,12.94,10.91,51.85,29.52
1994-12-02,28.28,21.62,3.57,1.05,8.68,21.16,12.84,10.66,51.44,29.19
1994-12-03,27.04,21.4,3.32,0.99,8.68,21.1,12.81,10.66,54.0,28.61
1994-12-04,25.78,20.67,2.98,0.99,8.68,19.23,12.64,10.66,44.6,28.31
1994-12-05,26.51,20.67,3.56,0.99,8.64,18.88,12.93,10.29,43.24,28.05
1994-12-06,25.91,20.67,2.91,0.99,8.62,18.39,19.31,10.24,38.95,27.87
1994-12-07,26.26,20.94,2.96,0.99,8.68,19.28,14.42,10.31,38.7,27.99
1994-12-08,26.28,19.98,2.79,0.99,8.68,21.04,11.67,10.97,34.19,28.89
1994-12-09,91.31,65.51,13.36,11.02,41.6,54.91,37.06,43.25,59.04,50.58
1994-12-10,72.95,40.58,10.97,6.6,29.46,39.97,81.41,36.83,66.02,35.84
1994-12-11,39.47,27.02,5.58,3.21,18.75,40.25,48.45,24.91,56.35,42.98
1994-12-12,45.93,36.02,6.41,3.11,18.85,42.38,26.63,31.24,50.76,42.8
1994-12-13,41.39,25.63,7.76,3.03,16.3,31.5,31.09,23.33,38.6,33.49
1994-12-14,36.71,30.4,5.82,2.51,13.45,24.44,19.33,21.29,31.47,31.02
1994-12-15,41.87,24.94,5.4,2.14,11.53,24.95,21.43,20.1,39.02,30.58
1994-12-16,31.53,22.07,5.04,1.88,11.54,24.6,17.87,18.94,41.38,29.52
1994-12-17,30.39,22.14,4.54,1.8,11.3,21.98,17.04,17.04,32.52,28.76
1994-12-18,30.37,22.27,4.26,1.63,11.16,21.71,15.19,16.42,28.69,28.61
1994-12-19,30.37,23.06,3.83,1.54,10.95,21.61,13.96,16.24,35.64,28.17
1994-12-20,30.37,23.16,3.6,1.46,10.74,20.32,13.81,13.64,38.26,28.98
1994-12-21,32.39,24.52,3.57,1.46,10.72,20.72,13.6,13.06,39.28,32.06
1994-12-22,31.31,22.9,3.21,1.46,10.49,20.12,13.34,12.61,39.75,29.65
1994-12-23,29.71,21.96,2.98,1.32,10.19,19.98,12.99,12.91,32.2,28.64
1994-12-24,29.54,22.9,2.98,1.29,10.42,19.34,13.2,15.17,30.62,28.46
1994-12-25,30.37,22.9,2.98,1.29,10.51,19.16,13.63,15.28,27.15,28.61
1994-12-26,30.01,22.68,2.86,1.29,10.54,21.31,13.72,16.39,33.37,33.27
1994-12-27,29.53,23.48,2.98,1.29,11.48,22.47,13.88,16.71,42.14,32.78
1994-12-28,30.02,23.67,2.98,1.27,10.22,21.59,13.12,15.23,36.7,29.25
1994-12-29,29.12,22.87,2.86,1.14,9.48,20.16,13.26,15.33,33.91,28.61
1994-12-30,27.99,22.14,3.14,1.14,9.77,19.48,13.54,15.46,36.72,28.59
1994-12-31,27.72,22.78,3.32,1.14,10.19,19.56,14.62,16.53,48.09,34.93
1995-01-01,28.91,23.45,3.99,1.19,9.87,20.2,17.52,16.22,47.74,29.15
1995-01-02,27.68,22.66,3.23,1.4,9.49,18.92,15.58,15.53,42.31,28.69
1995-01-03,29.15,24.85,4.38,2.05,10.08,20.01,13.79,15.64,42.96,28.51
1995-01-04,52.24,34.08,28.2,14.38,24.52,42.05,42.75,24.44,65.51,45.95
1995-01-05,40.35,26.89,10.59,8.26,15.15,37.76,40.14,25.48,59.66,31.99
1995-01-06,38.85,31.03,8.99,5.65,12.76,35.54,31.63,23.5,48.61,30.81
1995-01-07,36.26,24.72,6.48,3.34,11.33,28.3,23.44,17.78,33.26,29.7
1995-01-08,33.01,24.44,5.33,2.72,10.84,22.78,19.96,16.0,26.96,29.02
1995-01-09,32.84,24.23,4.72,2.53,11.29,23.06,15.86,15.77,41.44,29.05
1995-01-10,30.76,22.88,4.53,2.22,10.56,19.97,15.51,17.2,34.43,28.75
1995-01-11,30.19,22.32,3.99,1.94,10.02,20.68,14.69,14.87,33.02,28.42
1995-01-12,30.13,22.51,3.99,1.9,9.94,21.44,34.6,14.05,31.22,28.08
1995-01-13,29.98,22.32,5.54,1.84,9.87,21.08,14.45,13.48,51.24,28.05
1995-01-14,29.84,23.07,4.53,1.78,9.75,19.42,13.79,13.43,25.56,27.66
1995-01-15,30.31,22.57,4.08,1.74,9.42,18.6,12.89,13.1,24.95,27.31
1995-01-16,28.45,21.58,3.62,1.71,9.3,18.12,12.81,12.78,27.29,27.31
1995-01-17,28.28,21.8,3.91,1.57,8.94,18.18,12.94,12.64,41.99,27.28
1995-01-18,28.23,21.58,3.62,1.57,8.94,18.54,12.5,12.36,46.5,27.31
1995-01-19,28.31,21.58,3.62,1.43,9.26,17.87,12.91,11.42,37.18,27.31
1995-01-20,28.37,22.64,3.62,1.41,9.17,17.67,12.99,10.97,36.36,27.31
1995-01-21,27.85,21.58,3.3,1.41,8.83,18.14,11.84,11.64,28.43,27.19
1995-01-22,32.11,27.56,6.34,1.44,11.99,21.7,11.47,14.81,41.25,37.31
1995-01-23,39.94,29.77,12.06,2.51,13.1,23.71,13.81,16.64,45.65,29.02
1995-01-24,34.4,26.67,8.82,2.59,11.49,18.98,14.26,15.35,26.91,27.93
1995-01-25,32.55,25.4,5.74,2.15,10.3,18.81,19.14,14.05,23.76,27.31
1995-01-26,30.72,23.17,4.92,1.93,9.94,17.29,16.72,13.41,29.79,27.13
1995-01-27,28.72,23.72,4.31,1.76,9.58,17.23,17.09,13.15,33.34,26.9
1995-01-28,30.79,28.57,3.96,1.6,9.5,17.2,14.26,12.73,29.22,26.6
1995-01-29,37.7,34.95,4.23,1.57,9.06,16.05,14.11,12.27,28.35,26.6
1995-01-30,41.46,37.52,4.5,1.57,8.73,16.71,13.84,12.18,32.39,26.54
1995-01-31,41.29,37.47,3.85,1.57,8.75,16.66,13.23,12.18,33.68,26.48
1995-02-01,42.99,37.11,4.95,1.57,9.28,14.88,13.26,11.86,33.95,26.31
1995-02-02,42.01,36.71,6.66,1.5,8.85,15.99,12.27,11.89,31.94,26.23
1995-02-03,41.35,35.8,6.1,1.41,8.57,15.57,12.17,11.86,29.93,26.0
1995-02-04,41.35,36.12,5.67,1.41,8.73,15.86,12.93,11.64,29.94,26.17
1995-02-05,41.19,36.35,5.26,1.41,8.57,15.91,14.38,11.64,27.12,25.88
1995-02-06,37.07,27.5,6.91,1.41,8.57,15.73,14.0,11.51,22.09,25.74
1995-02-07,26.56,21.58,5.93,1.3,8.57,15.73,14.0,11.64,28.63,25.8
1995-02-08,26.96,21.58,4.56,1.26,8.57,16.42,15.27,11.21,32.6,25.43
1995-02-09,27.31,21.58,4.29,1.26,8.57,16.29,14.83,11.42,22.98,27.02
1995-02-10,26.96,21.7,5.0,1.26,8.59,15.94,14.71,11.64,18.54,25.94
1995-02-11,28.78,28.33,4.11,1.26,8.57,16.51,14.69,11.21,17.95,25.62
1995-02-12,40.8,34.69,5.72,1.23,9.35,26.32,16.4,13.87,24.91,33.63
1995-02-13,44.62,35.52,8.33,1.51,10.66,42.88,18.3,22.84,38.38,32.76
1995-02-14,43.52,37.84,5.88,2.08,9.75,27.76,15.5,16.88,29.45,27.43
1995-02-15,42.02,37.15,4.94,1.86,8.65,20.03,17.32,14.62,27.72,26.6
1995-02-16,41.39,36.47,4.81,1.69,8.61,18.24,13.98,13.62,29.7,26.23
1995-02-17,41.28,35.8,4.31,1.57,8.65,16.24,15.69,12.69,28.63,25.82
1995-02-18,41.5,35.8,3.85,1.44,8.75,18.71,17.08,13.31,30.99,29.88
1995-02-19,42.95,36.43,3.74,1.41,10.99,33.89,33.96,21.09,70.28,50.55
1995-02-20,41.36,36.39,3.71,1.41,9.62,32.58,19.4,16.9,34.04,30.79
1995-02-21,41.1,26.76,3.94,1.41,8.59,23.47,13.5,15.9,27.53,28.57
1995-02-22,28.78,21.86,3.63,1.41,8.57,20.06,16.01,13.74,30.92,27.46
1995-02-23,28.2,21.58,3.23,1.41,8.51,16.75,13.64,13.88,27.89,27.13
1995-02-24,28.11,21.58,3.2,1.41,8.13,19.14,12.89,13.46,28.97,26.6
1995-02-25,28.09,21.58,3.07,1.33,8.09,17.56,13.07,13.27,27.56,26.34
1995-02-26,27.1,20.7,3.41,1.26,8.17,16.2,16.22,12.78,26.79,26.26
1995-02-27,25.05,19.73,3.52,1.26,8.04,18.63,14.09,12.43,29.59,25.45
1995-02-28,26.47,19.73,4.55,1.26,8.63,20.89,12.37,12.88,33.58,25.94
1995-03-01,27.36,21.28,6.36,1.26,9.26,17.63,12.23,13.93,35.07,26.05
1995-03-02,25.0,21.22,4.11,1.26,8.25,16.66,11.52,12.69,33.47,25.22
1995-03-03,26.65,20.99,3.74,1.26,8.07,17.2,11.36,12.41,34.62,25.68
1995-03-04,38.88,25.64,20.65,2.2,9.35,16.16,12.61,13.2,30.41,25.45
1995-03-05,35.79,22.24,15.03,4.17,8.46,16.65,11.79,12.64,25.99,24.71
1995-03-06,31.58,22.73,8.95,6.26,8.17,16.96,10.57,11.73,25.52,24.54
1995-03-07,31.87,22.32,7.3,3.78,7.58,16.36,11.51,11.93,24.28,24.88
1995-03-08,31.18,21.83,6.81,2.84,7.64,16.63,10.24,12.02,24.21,24.82
1995-03-09,31.7,22.54,6.23,2.64,7.35,16.28,10.44,11.86,25.66,26.9
1995-03-10,44.69,26.65,11.08,5.21,12.2,25.08,16.62,25.01,90.57,64.47
1995-03-11,38.64,25.94,8.58,4.46,9.5,24.68,37.19,24.94,39.76,29.8
1995-03-12,36.59,23.83,7.51,3.02,8.26,20.25,27.77,19.6,25.96,27.13
1995-03-13,38.84,23.83,7.3,2.79,8.02,19.36,21.19,18.17,32.44,26.05
1995-03-14,36.94,22.88,5.94,2.38,7.58,16.98,15.63,16.69,33.14,25.68
1995-03-15,35.69,22.1,5.06,2.0,7.68,16.76,16.54,15.8,26.77,24.94
1995-03-16,36.39,22.48,6.21,1.97,8.32,29.96,26.52,22.28,93.18,77.27
1995-03-17,27.38,23.45,5.3,2.21,8.48,38.26,32.39,28.71,97.47,44.23
1995-03-18,32.23,22.57,4.75,2.16,7.73,28.84,23.16,23.66,51.12,33.07
1995-03-19,28.64,21.04,4.47,2.06,7.24,21.6,22.47,21.48,41.35,29.58
1995-03-20,27.6,20.44,4.22,1.9,7.33,19.83,19.3,21.21,39.22,27.87
1995-03-21,26.95,20.85,3.62,1.74,7.06,19.29,20.4,19.29,35.8,28.02
1995-03-22,28.54,21.37,3.96,1.74,7.1,19.41,20.78,18.45,31.08,28.43
1995-03-23,28.46,20.14,3.62,1.74,6.55,16.84,19.06,17.52,30.5,27.14
1995-03-24,28.98,20.14,4.55,1.63,7.41,20.8,20.95,20.07,37.52,37.56
1995-03-25,29.96,21.95,5.14,1.57,7.56,22.38,24.32,19.2,35.18,30.91
1995-03-26,29.89,21.34,4.4,1.64,7.0,19.12,20.12,17.95,29.15,29.06
1995-03-27,28.14,20.58,3.91,1.74,6.8,19.18,17.47,17.01,30.5,26.96
1995-03-28,28.4,20.17,4.44,1.74,6.46,18.41,17.34,16.16,31.7,26.51
1995-03-29,27.61,19.44,3.58,1.61,6.82,18.3,15.5,16.19,52.13,28.75
1995-03-30,52.03,36.25,29.6,8.65,17.37,57.22,59.68,38.9,181.78,104.5
1995-03-31,53.05,35.54,19.46,7.47,12.26,47.74,50.14,34.63,98.86,46.98
1995-04-01,38.03,26.26,9.81,4.11,8.43,32.56,37.13,26.64,65.8,38.19
1995-04-02,34.64,25.06,7.02,3.54,7.54,26.42,32.79,24.03,47.62,33.97
1995-04-03,34.04,26.49,6.23,2.88,7.68,22.67,28.19,22.32,52.08,31.35
1995-04-04,33.75,23.9,5.87,2.54,7.24,18.98,22.95,20.94,36.92,29.88
1995-04-05,32.0,24.28,5.84,2.17,7.28,19.88,23.44,19.86,39.93,28.99
1995-04-06,32.39,23.48,5.2,1.93,6.7,21.59,20.47,20.54,39.56,32.75
1995-04-07,31.45,23.55,5.46,1.79,8.36,23.18,19.34,21.24,40.19,29.96
1995-04-08,31.43,24.6,3.99,1.74,7.53,20.17,17.69,18.53,36.79,27.28
1995-04-09,43.9,32.06,13.74,1.72,19.56,48.74,67.94,36.82,64.21,45.65
1995-04-10,56.33,39.86,13.38,3.11,26.52,48.33,50.18,45.95,50.56,33.83
1995-04-11,42.14,28.66,6.85,2.49,13.39,40.16,49.46,34.84,55.25,35.61
1995-04-12,38.8,33.01,9.37,2.57,11.33,36.23,44.77,33.65,51.44,31.2
1995-04-13,39.8,27.81,6.63,2.29,9.48,32.6,36.82,30.24,54.66,28.84
1995-04-14,47.76,35.28,26.14,5.31,17.78,173.88,107.87,73.65,264.17,176.48
1995-04-15,49.19,35.27,15.98,7.42,14.8,98.38,131.75,78.4,221.98,89.59
1995-04-16,40.15,28.22,10.01,4.58,11.89,60.57,79.19,64.62,111.24,56.6
1995-04-17,39.01,30.52,8.2,3.81,9.59,53.22,73.59,55.73,104.51,45.85
1995-04-18,35.09,28.46,7.94,3.23,12.76,63.78,77.74,60.59,153.56,63.04
1995-04-19,52.59,40.06,11.61,6.38,23.11,58.81,106.44,55.8,123.71,52.54
1995-04-20,43.21,29.61,8.56,4.96,16.78,43.3,76.43,49.17,89.85,42.57
1995-04-21,39.51,32.6,6.77,2.92,12.76,40.07,63.27,46.29,92.33,39.16
1995-04-22,49.0,28.46,11.16,3.64,16.32,151.94,114.52,80.91,235.46,165.81
1995-04-23,172.26,242.96,49.6,46.69,133.02,189.56,272.86,196.26,337.47,169.56
1995-04-24,142.31,80.36,21.88,16.72,57.22,154.58,221.1,159.21,275.54,113.74
1995-04-25,77.68,49.44,14.35,9.99,32.27,139.02,175.99,129.21,203.5,91.81
1995-04-26,58.87,40.25,10.85,6.44,21.74,130.81,148.66,102.37,134.4,67.88
1995-04-27,45.21,32.28,9.29,4.08,17.4,110.61,112.42,87.67,118.01,56.64
1995-04-28,42.73,29.29,8.66,3.87,14.22,110.3,101.62,81.13,128.99,69.9
1995-04-29,62.55,57.66,14.52,4.82,23.56,96.14,123.24,95.94,124.11,60.08
1995-04-30,109.29,78.4,18.8,9.19,36.48,152.6,207.22,154.71,145.46,67.92
1995-05-01,1435.64,865.98,198.7,71.26,240.42,210.08,354.94,247.48,188.62,88.62
1995-05-02,542.2,334.9,81.27,26.04,125.68,227.43,413.06,288.48,289.17,118.14
1995-05-03,254.99,149.69,38.41,11.31,57.46,153.27,242.57,186.38,221.98,90.87
1995-05-04,163.37,109.94,25.63,7.63,40.55,108.64,186.4,144.24,173.98,74.03
1995-05-05,127.51,84.31,19.36,5.68,31.32,87.09,163.04,123.69,141.29,73.04
1995-05-06,104.5,71.07,16.24,4.32,24.8,80.52,137.76,103.0,113.28,57.37
1995-05-07,89.91,64.26,14.14,4.04,21.24,56.54,127.62,92.62,102.78,50.99
1995-05-08,76.25,59.82,12.3,3.12,17.78,69.58,109.65,84.05,100.26,46.76
1995-05-09,72.45,51.92,11.0,2.6,15.5,79.21,93.58,76.65,96.35,43.12
1995-05-10,67.64,49.93,10.26,2.44,11.27,85.9,77.18,66.36,98.66,40.02
1995-05-11,73.66,49.93,16.45,11.64,11.93,73.59,73.28,63.24,84.96,39.67
1995-05-12,63.9,47.16,11.33,5.99,8.87,71.48,71.84,57.88,75.01,36.21
1995-05-13,58.35,42.56,9.42,3.64,8.18,67.43,66.46,51.31,75.99,34.56
1995-05-14,343.21,129.97,456.07,184.46,74.97,48.04,71.93,65.46,78.76,35.2
1995-05-15,308.09,147.0,152.61,67.3,42.1,90.59,123.7,86.74,109.51,50.06
1995-05-16,146.46,78.6,51.51,21.75,23.23,70.36,76.63,65.12,99.5,34.97
1995-05-17,111.29,66.42,33.84,12.83,16.98,59.62,66.16,58.49,72.21,31.8
1995-05-18,88.04,54.74,25.2,9.48,13.37,48.23,66.78,49.5,57.87,29.88
1995-05-19,80.87,51.46,20.88,7.83,11.19,45.5,45.36,43.14,52.01,28.42
1995-05-20,76.97,53.51,19.4,6.98,10.87,51.93,45.84,41.58,67.81,27.65
1995-05-21,97.7,55.84,35.32,10.86,18.22,61.68,67.07,54.67,71.3,47.79
1995-05-22,85.51,53.98,24.24,8.42,14.78,56.34,58.83,44.5,68.28,31.82
1995-05-23,70.86,45.92,19.72,5.75,9.5,50.76,38.78,38.7,46.38,27.34
1995-05-24,60.54,39.15,14.58,4.66,6.47,43.57,44.19,35.88,37.78,25.31
1995-05-25,124.09,88.59,26.98,11.48,20.31,55.88,58.07,42.37,64.35,44.88
1995-05-26,349.93,232.02,39.3,16.69,60.58,124.83,119.2,79.91,139.52,74.46
1995-05-27,153.14,97.52,19.76,8.58,24.41,64.42,77.68,53.24,73.94,35.3
1995-05-28,117.67,80.86,16.35,7.02,17.72,51.92,67.15,48.0,76.55,36.48
1995-05-29,124.73,79.6,27.15,11.29,19.82,242.15,239.4,180.36,300.35,165.01
1995-05-30,103.41,73.91,17.57,7.89,13.93,170.63,206.62,131.98,229.14,76.78
1995-05-31,91.68,65.98,13.73,6.78,11.54,116.93,155.95,95.06,126.27,51.56
1995-06-01,79.83,59.8,9.7,5.72,9.21,89.64,113.44,78.15,100.41,41.62
1995-06-02,78.43,58.82,7.44,4.87,8.19,80.19,95.08,71.42,83.32,34.1
1995-06-03,157.67,107.65,22.79,22.96,64.7,673.68,877.82,419.0,574.32,360.27
1995-06-04,268.38,178.23,29.01,18.08,76.65,800.56,624.39,422.77,1098.2,354.72
1995-06-05,125.57,82.55,13.06,9.73,31.08,195.42,302.9,212.45,375.27,137.8
1995-06-06,98.44,70.48,10.36,7.34,21.18,152.79,208.01,147.99,234.84,83.0
1995-06-07,78.03,60.6,8.97,5.18,15.4,134.15,167.89,117.28,148.88,58.69
1995-06-08,95.64,77.78,13.1,4.95,17.73,144.68,182.8,133.22,259.49,111.31
1995-06-09,100.51,71.01,14.95,4.89,15.3,128.3,169.48,114.4,293.93,103.53
1995-06-10,71.79,53.17,11.36,4.19,10.11,100.02,151.16,100.51,274.08,87.03
1995-06-11,61.23,43.38,10.43,5.22,6.92,81.09,126.69,87.7,169.58,58.8
1995-06-12,51.49,40.24,8.81,4.52,7.24,74.02,133.07,88.03,212.3,86.69
1995-06-13,57.49,44.21,11.62,4.98,5.53,69.05,112.79,83.04,328.61,99.13
1995-06-14,63.16,55.83,19.3,11.32,12.38,60.64,140.85,86.17,239.24,91.13
1995-06-15,70.36,57.23,12.74,6.8,4.79,55.21,117.67,74.9,187.06,61.84
1995-06-16,46.96,37.89,8.63,4.77,1.7,40.83,96.44,68.83,127.67,49.04
1995-06-17,32.54,30.71,8.02,4.69,1.1,38.23,100.84,67.88,131.58,47.74
1995-06-18,55.06,59.32,13.33,12.33,3.08,123.44,138.14,105.9,461.76,308.5
1995-06-19,51.58,38.93,10.44,8.11,1.72,95.36,148.63,78.18,292.83,119.52
1995-06-20,34.65,34.34,7.75,4.96,0.77,55.96,89.28,59.26,170.4,75.08
1995-06-21,42.33,32.94,7.44,4.83,0.65,104.85,128.87,97.64,257.19,183.94
1995-06-22,52.32,42.69,11.35,6.68,0.91,172.13,189.04,111.7,339.75,157.41
1995-06-23,127.65,99.03,35.47,10.59,14.39,111.9,157.24,88.9,257.92,110.53
1995-06-24,90.32,59.64,15.75,6.77,7.06,83.96,136.92,74.15,173.91,76.05
1995-06-25,96.23,99.96,13.18,5.46,54.12,803.89,539.09,342.04,1070.71,705.23
1995-06-26,229.81,160.53,15.64,6.92,53.83,595.78,578.64,357.57,965.79,298.82
1995-06-27,126.26,94.08,9.91,5.19,20.69,201.82,294.19,196.38,398.28,158.83
1995-06-28,90.09,67.46,8.72,3.98,11.72,129.55,214.36,144.51,309.84,111.95
1995-06-29,66.01,49.17,7.6,3.1,5.74,94.52,174.18,115.56,222.0,82.3
1995-06-30,168.24,105.99,29.06,12.52,66.08,133.4,209.86,153.8,193.34,105.42
1995-07-01,572.35,433.01,52.5,24.22,321.91,587.49,299.79,208.76,546.39,230.48
1995-07-02,1197.32,459.32,561.39,221.75,150.23,197.77,291.25,194.57,438.06,185.28
1995-07-03,3650.2,2064.99,1244.36,370.52,921.45,427.4,2319.76,1597.98,496.4,157.58
1995-07-04,2157.55,1217.56,351.74,117.13,741.7,1460.12,5457.03,3254.6,1260.39,320.6
1995-07-05,1743.92,1061.86,672.01,145.92,444.78,1319.48,2442.63,1745.78,921.09,207.26
1995-07-06,1694.23,1001.49,557.38,175.98,439.72,406.98,974.94,812.88,536.08,142.22
1995-07-07,1020.74,556.93,323.61,93.13,196.95,145.47,570.78,494.91,344.3,102.2
1995-07-08,469.36,280.26,102.73,32.96,107.79,127.42,385.33,338.84,239.58,78.48
1995-07-09,344.74,192.36,69.3,19.76,76.25,137.57,281.28,251.16,176.36,67.01
1995-07-10,298.81,159.88,62.24,16.25,66.78,108.8,232.73,200.57,155.17,59.74
1995-07-11,418.14,146.44,78.91,64.63,134.0,81.76,216.06,182.87,136.88,57.02
1995-07-12,290.84,140.35,54.04,53.66,126.53,87.16,200.71,163.32,134.1,55.75
1995-07-13,195.76,115.94,41.55,24.19,63.99,80.45,167.95,129.37,125.83,49.48
1995-07-14,154.82,99.2,35.46,16.73,47.2,62.62,150.19,112.15,98.03,45.68
1995-07-15,128.37,84.25,32.27,13.81,38.41,56.03,148.39,99.01,117.96,43.83
1995-07-16,113.14,77.24,28.55,11.79,32.57,60.94,129.5,95.76,85.1,43.3
1995-07-17,222.84,111.5,41.33,12.18,33.46,112.0,151.64,125.83,108.37,56.87
1995-07-18,140.6,84.39,27.57,9.83,26.86,133.09,158.72,100.61,133.55,56.16
1995-07-19,94.12,70.43,23.41,8.5,20.31,74.36,129.55,73.76,81.12,41.76
1995-07-20,90.55,61.25,22.69,8.13,19.8,70.93,107.67,65.36,77.58,41.03
1995-07-21,77.5,47.82,19.38,8.03,17.78,62.71,110.98,58.74,79.82,73.12
1995-07-22,74.44,49.82,46.58,7.42,14.08,66.09,109.76,66.16,140.36,57.66
1995-07-23,121.49,71.14,40.73,9.75,15.86,144.99,166.1,110.2,175.14,86.85
1995-07-24,118.01,61.98,27.88,12.39,26.31,251.14,247.52,183.37,215.36,82.41
1995-07-25,92.97,55.68,20.86,9.42,17.91,169.72,229.06,147.08,149.9,53.12
1995-07-26,94.06,67.13,15.77,7.16,13.16,103.65,187.78,106.01,111.7,45.36
1995-07-27,88.35,52.33,15.19,6.38,14.86,89.16,149.09,86.21,100.98,40.16
1995-07-28,72.27,41.06,13.89,5.78,16.61,68.22,131.49,68.61,85.84,40.53
1995-07-29,65.34,55.82,12.65,5.01,16.59,62.93,112.04,58.44,80.48,39.66
1995-07-30,64.83,40.48,11.92,4.53,17.82,48.43,98.44,50.99,72.24,38.43
1995-07-31,62.43,40.5,10.01,3.6,13.62,52.45,97.21,44.78,77.94,35.48
1995-08-01,37.15,37.65,9.21,3.29,11.3,43.91,81.66,39.4,70.68,30.89
1995-08-02,43.68,38.78,11.52,3.7,5.19,40.22,73.2,34.96,70.47,44.0
1995-08-03,39.84,49.42,11.23,3.5,3.3,38.84,74.46,33.88,97.96,43.11
1995-08-04,47.19,38.2,8.89,3.52,1.42,44.9,71.64,32.31,58.21,33.95
1995-08-05,42.58,37.62,8.62,3.46,1.39,33.57,60.84,31.11,63.4,36.23
1995-08-06,43.33,35.4,8.09,3.35,1.61,32.31,65.86,32.76,46.6,34.74
1995-08-07,41.56,32.98,8.15,3.35,1.08,38.63,62.2,28.36,59.22,30.82
1995-08-08,39.62,27.51,8.39,3.44,1.08,35.03,55.95,25.04,33.92,26.47
1995-08-09,36.38,26.42,7.11,3.71,1.7,37.78,95.21,24.6,48.7,25.91
1995-08-10,167.87,39.0,25.55,8.08,79.0,148.17,95.21,56.85,79.36,43.04
1995-08-11,95.58,35.02,20.59,8.23,54.6,170.31,105.94,69.82,70.21,41.87
1995-08-12,54.34,23.8,11.83,5.79,37.68,129.04,108.07,55.47,69.36,34.03
1995-08-13,40.59,20.37,13.94,4.77,19.58,90.52,82.59,38.86,60.78,45.74
1995-08-14,50.7,31.26,11.69,6.74,57.72,108.12,85.14,98.12,132.41,50.61
1995-08-15,53.57,58.01,25.18,7.04,56.65,114.98,172.6,123.55,69.89,40.23
1995-08-16,87.43,44.12,28.64,4.9,75.3,87.21,107.12,67.3,60.2,31.81
1995-08-17,51.84,33.79,15.08,4.12,18.59,54.46,89.26,58.34,57.07,29.24
1995-08-18,48.82,31.68,11.54,3.52,10.09,44.2,69.11,57.18,39.97,28.18
1995-08-19,45.17,33.79,9.24,3.12,6.49,45.14,69.52,51.34,33.86,27.04
1995-08-20,42.12,25.37,14.83,3.14,3.99,38.93,68.55,45.89,27.06,26.69
1995-08-21,74.2,23.62,25.91,11.86,3.01,43.39,61.6,42.72,47.09,25.91
1995-08-22,42.47,20.06,15.76,7.23,3.84,36.68,57.84,41.12,43.15,28.3
1995-08-23,40.93,59.8,12.14,4.69,2.8,34.9,55.34,38.7,43.9,29.72
1995-08-24,52.76,31.3,14.77,3.71,3.15,36.25,50.94,36.92,49.78,27.7
1995-08-25,40.53,28.22,9.64,3.35,2.5,34.02,51.73,34.76,52.45,26.12
1995-08-26,38.83,27.12,7.38,4.27,2.03,43.66,49.11,34.1,67.97,44.2
1995-08-27,99.54,28.01,21.17,24.32,5.07,50.4,54.66,38.24,69.95,53.4
1995-08-28,66.69,33.45,14.74,11.78,28.09,55.06,60.01,38.36,63.99,33.09
1995-08-29,53.1,32.29,11.71,6.48,17.12,45.0,54.41,35.88,61.22,42.89
1995-08-30,48.92,31.5,11.81,5.2,7.55,43.15,48.94,32.87,90.53,34.68
1995-08-31,159.57,47.18,15.43,41.3,15.13,41.8,57.55,41.13,49.56,28.78
1995-09-01,138.7,42.75,22.97,28.64,27.16,72.6,66.72,44.83,49.18,30.97
1995-09-02,66.29,30.53,14.52,15.41,16.97,50.59,50.74,36.9,46.31,29.09
1995-09-03,365.18,195.8,20.36,41.54,192.28,100.44,89.3,105.09,59.22,45.52
1995-09-04,306.69,178.82,22.03,33.28,267.99,126.34,370.55,346.89,112.89,66.56
1995-09-05,162.89,100.53,13.27,14.69,67.82,87.02,204.87,164.48,109.64,43.45
1995-09-06,88.32,68.85,10.32,10.52,43.21,57.91,145.51,112.15,64.34,32.67
1995-09-07,84.0,60.68,9.47,8.78,33.55,70.24,100.23,84.99,52.94,29.67
1995-09-08,102.02,63.51,10.88,10.28,24.54,51.92,82.57,67.14,50.58,28.57
1995-09-09,78.62,51.26,10.36,7.94,18.94,44.2,78.68,57.63,57.88,27.37
1995-09-10,89.13,50.86,11.24,8.48,26.42,39.73,67.45,51.37,54.51,27.43
1995-09-11,83.25,55.4,11.16,7.38,32.5,39.15,71.24,45.11,63.61,26.03
1995-09-12,70.09,46.83,8.89,5.89,17.16,34.6,50.94,40.42,52.48,24.85
1995-09-13,64.62,42.32,8.45,5.32,13.87,36.85,56.62,38.32,50.7,25.02
1995-09-14,52.29,27.24,8.42,4.88,10.88,32.95,56.03,37.04,47.13,28.71
1995-09-15,46.41,32.4,8.66,4.95,9.84,32.29,53.14,35.62,49.56,31.62
1995-09-16,47.36,35.23,7.32,4.25,7.34,34.67,48.15,35.12,78.5,26.61
1995-09-17,45.23,33.01,7.11,3.96,5.95,29.67,50.88,32.24,44.68,25.54
1995-09-18,42.05,30.32,6.94,3.37,2.9,31.87,41.26,31.49,39.18,24.38
1995-09-19,42.54,26.31,6.77,3.08,2.91,29.51,41.05,30.07,39.45,24.43
1995-09-20,35.92,28.04,6.8,3.34,2.7,29.99,39.22,30.5,41.37,25.05
1995-09-21,41.27,25.2,6.84,3.35,3.59,26.64,41.91,30.42,43.63,26.72
1995-09-22,49.86,28.73,10.46,5.88,18.02,49.44,55.39,38.58,91.14,57.44
1995-09-23,286.29,72.16,172.73,120.56,98.45,108.52,81.35,74.95,273.04,100.67
1995-09-24,458.17,263.23,145.05,176.99,122.68,166.28,440.64,457.92,361.81,143.76
1995-09-25,158.28,80.41,34.96,29.21,43.98,103.1,182.82,179.1,169.13,59.66
1995-09-26,98.29,61.63,22.45,18.8,29.03,79.0,140.64,129.01,107.52,45.09
1995-09-27,81.31,53.21,17.37,14.11,19.33,53.61,105.49,91.49,97.93,39.67
1995-09-28,71.85,47.38,14.46,11.47,14.84,46.96,87.72,73.29,79.68,36.79
1995-09-29,64.59,41.17,13.19,9.84,12.33,41.98,78.12,63.57,65.36,36.76
1995-09-30,58.95,37.5,14.92,9.09,16.74,43.24,75.46,58.46,106.48,40.45
1995-10-01,156.09,78.8,45.6,21.6,57.21,43.32,96.68,88.81,484.07,171.84
1995-10-02,137.88,59.62,40.93,16.22,43.32,42.91,77.56,61.44,146.83,64.43
1995-10-03,87.9,44.48,23.87,11.73,29.89,39.32,70.3,50.92,101.08,52.26
1995-10-04,75.48,38.06,24.41,11.19,38.76,87.28,148.15,146.24,123.98,70.98
1995-10-05,75.63,35.65,34.33,10.59,36.91,69.54,152.94,116.89,103.25,52.5
1995-10-06,73.15,34.6,24.17,9.94,32.84,69.24,112.62,96.49,94.61,49.59
1995-10-07,60.64,31.88,18.14,8.05,27.42,51.46,101.71,80.48,92.76,45.41
1995-10-08,62.23,33.35,16.56,7.39,26.26,46.56,97.09,78.86,103.36,48.96
1995-10-09,55.64,32.34,15.83,6.98,24.52,46.95,85.98,66.25,88.94,43.2
1995-10-10,51.46,29.3,13.45,6.55,27.42,42.88,76.4,58.17,77.28,40.56
1995-10-11,49.19,30.63,12.62,5.63,24.87,47.98,71.6,51.67,89.16,38.6
1995-10-12,53.74,33.76,14.48,5.32,25.18,40.94,72.48,45.99,68.7,37.1
1995-10-13,50.6,35.28,11.65,5.82,24.22,41.8,61.75,46.34,69.88,36.24
1995-10-14,49.19,33.26,10.91,5.2,23.7,40.21,70.33,46.67,65.99,35.0
1995-10-15,48.79,37.25,10.51,4.81,23.91,34.74,59.68,44.23,60.77,34.2
1995-10-16,51.52,36.05,10.81,4.39,26.19,37.37,56.86,43.32,58.79,33.7
1995-10-17,50.36,40.48,10.71,4.42,24.01,32.84,71.89,37.25,52.25,33.12
1995-10-18,52.31,41.11,10.09,4.44,21.11,39.09,27.72,36.24,54.09,32.5
1995-10-19,51.94,41.17,9.72,4.16,19.66,34.4,46.3,36.81,51.13,31.79
1995-10-20,48.0,37.84,9.22,4.09,20.18,34.32,52.68,33.01,51.29,31.54
1995-10-21,47.29,36.59,8.98,4.07,19.73,34.6,43.12,32.55,52.45,31.0
1995-10-22,47.18,38.14,9.01,4.04,19.28,33.16,43.59,33.67,64.65,31.13
1995-10-23,47.65,38.73,8.51,3.88,19.1,32.1,45.2,32.92,70.0,30.44
1995-10-24,56.15,40.21,15.22,4.03,25.35,42.2,62.59,38.82,75.52,30.85
1995-10-25,56.51,36.6,12.98,4.49,32.8,44.54,51.06,37.79,75.88,30.79
1995-10-26,45.2,35.4,9.4,4.17,22.17,33.98,39.78,30.76,67.34,29.57
1995-10-27,43.4,36.65,8.45,4.15,19.98,33.3,41.25,31.07,66.69,29.48
1995-10-28,44.85,37.76,8.3,3.82,19.47,30.86,39.67,30.06,63.78,29.14
1995-10-29,45.23,38.28,8.3,3.75,19.1,29.73,40.81,30.25,54.16,29.4
1995-10-30,45.34,39.05,8.06,3.58,18.67,29.57,44.37,29.32,51.22,28.96
1995-10-31,44.15,37.62,7.59,3.43,18.0,32.63,40.36,28.24,56.81,28.75
1995-11-01,43.42,37.87,7.77,3.36,17.76,31.32,36.38,27.64,55.78,28.26
1995-11-02,41.86,36.04,7.42,3.31,16.59,28.72,35.2,26.31,54.82,27.96
1995-11-03,42.2,37.9,7.08,3.48,16.83,27.75,32.98,25.75,43.0,27.43
1995-11-04,42.7,37.9,6.77,2.98,16.66,27.3,26.56,25.48,49.88,27.31
1995-11-05,42.49,38.18,6.98,3.35,16.49,28.27,34.23,26.56,46.03,27.31
1995-11-06,41.8,37.62,6.87,2.8,20.53,27.77,32.19,24.22,50.08,27.1
1995-11-07,42.8,37.95,7.49,2.96,18.46,50.53,59.91,43.78,60.09,43.76
1995-11-08,42.41,38.0,8.24,3.04,19.6,46.39,60.66,39.99,74.69,34.07
1995-11-09,41.61,37.25,6.77,3.11,16.8,38.57,34.97,32.18,57.91,28.63
1995-11-10,42.55,38.33,7.06,3.01,17.12,34.64,38.82,29.93,40.88,27.99
1995-11-11,43.27,37.62,7.86,3.23,18.59,40.15,27.73,26.28,41.31,27.58
1995-11-12,41.69,37.62,6.58,3.05,16.46,36.53,27.76,26.93,33.04,26.9
1995-11-13,41.13,38.23,6.16,2.68,15.86,35.06,29.25,25.25,36.95,26.75
1995-11-14,54.25,35.88,14.46,6.36,21.1,33.71,46.1,25.33,51.06,29.21
1995-11-15,43.35,36.92,10.7,5.31,20.77,33.36,28.1,26.32,38.98,27.82
1995-11-16,42.28,38.8,7.77,3.27,16.36,30.51,31.04,25.18,36.93,26.75
1995-11-17,41.44,36.23,7.01,2.98,15.79,32.18,27.22,24.2,41.74,26.6
1995-11-18,40.95,35.4,6.48,2.97,15.63,29.73,28.58,24.56,37.04,26.14
1995-11-19,40.87,35.4,6.35,2.94,15.24,28.46,26.67,24.16,38.32,25.91
1995-11-20,46.43,34.59,9.23,2.77,16.29,30.53,30.23,59.73,42.5,25.85
1995-11-21,41.03,34.82,8.3,3.46,15.6,30.05,27.86,23.49,41.07,25.97
1995-11-22,40.52,36.5,7.04,2.67,15.04,27.89,28.96,22.8,48.15,25.71
1995-11-23,44.15,35.72,7.66,2.73,15.3,28.42,29.52,22.5,53.14,27.72
1995-11-24,43.93,35.86,7.63,3.54,15.2,30.05,24.62,23.08,54.51,26.44
1995-11-25,44.77,35.77,7.04,3.47,14.85,28.82,24.89,22.56,49.73,25.74
1995-11-26,43.41,34.59,6.61,2.9,14.66,27.86,21.9,22.1,41.82,25.34
1995-11-27,41.93,33.97,6.61,3.38,13.89,27.18,22.77,21.7,41.3,25.14
1995-11-28,42.1,34.41,6.0,2.8,14.02,26.58,24.03,20.34,35.54,25.02
1995-11-29,42.03,34.32,6.0,2.64,13.73,27.07,20.94,17.9,34.74,25.02
1995-11-30,41.3,35.04,6.0,2.7,13.71,29.2,18.96,20.62,33.64,24.85
1995-12-01,42.21,34.82,6.03,2.66,13.73,28.24,17.93,19.9,31.98,24.57
1995-12-02,41.35,34.19,6.0,2.44,13.61,28.38,25.06,19.14,34.84,24.54
1995-12-03,41.77,33.39,6.0,2.62,13.53,27.57,20.13,18.97,29.37,24.54
1995-12-04,42.3,33.39,6.35,3.23,13.4,27.72,29.97,18.34,33.58,24.54
1995-12-05,41.2,32.91,6.85,3.06,13.4,26.76,20.25,18.46,34.64,24.51
1995-12-06,41.02,33.22,6.87,2.45,13.43,26.37,16.0,18.68,32.86,24.24
1995-12-07,40.47,32.98,6.03,2.7,13.03,26.18,17.93,18.07,29.73,23.88
1995-12-08,40.58,33.12,7.35,2.9,13.16,25.43,16.94,17.68,27.67,23.88
1995-12-09,40.48,32.8,6.23,2.36,13.03,24.77,16.59,17.4,30.37,23.88
1995-12-10,39.37,34.3,5.54,2.36,12.78,26.35,16.59,17.14,26.93,23.88
1995-12-11,42.06,34.77,5.27,2.53,12.91,26.07,18.65,17.06,24.66,24.24
1995-12-12,40.54,34.91,5.27,2.8,12.64,24.45,17.42,16.65,25.81,24.18
1995-12-13,42.12,35.49,5.27,2.49,12.54,24.68,16.74,14.14,31.68,23.88
1995-12-14,40.83,35.77,5.25,2.27,12.49,26.19,16.91,16.49,32.51,23.88
1995-12-15,42.36,36.09,5.27,2.28,12.18,25.58,17.34,16.42,36.31,23.88
1995-12-16,41.4,35.77,5.27,2.27,11.99,25.02,17.12,16.03,34.42,23.66
1995-12-17,40.97,35.77,5.27,2.27,11.87,25.55,17.12,16.45,30.06,23.3
1995-12-18,41.49,36.5,4.73,2.27,11.94,24.81,16.79,16.04,34.4,23.22
1995-12-19,42.79,36.61,4.84,2.27,11.92,24.25,16.73,14.27,35.01,23.22
1995-12-20,41.51,36.9,4.59,2.27,11.87,22.29,15.11,12.28,36.18,23.47
1995-12-21,42.55,35.58,4.59,2.28,11.8,22.63,14.55,13.54,38.81,23.25
1995-12-22,41.57,35.72,4.59,2.21,11.8,21.76,14.11,12.25,41.19,23.08
1995-12-23,40.64,35.4,4.59,2.27,11.85,21.96,14.16,15.11,42.24,23.03
1995-12-24,40.42,36.93,4.62,2.56,11.71,22.73,14.53,15.19,36.78,22.65
1995-12-25,41.83,36.18,4.79,2.57,11.52,25.34,14.86,15.27,32.91,22.41
1995-12-26,41.41,36.13,4.59,2.27,11.52,23.3,18.46,15.29,29.08,22.84
1995-12-27,40.44,35.4,4.56,2.12,11.31,22.41,16.0,14.91,29.25,22.57
1995-12-28,40.63,36.04,4.09,1.88,11.29,22.07,15.09,14.3,32.93,22.65
1995-12-29,41.02,36.55,4.96,2.03,11.87,24.47,16.8,15.03,35.7,22.87
1995-12-30,41.17,37.43,6.43,2.34,11.47,23.31,16.68,14.92,27.72,22.57
1995-12-31,41.26,36.46,4.84,2.14,11.2,21.93,17.07,14.29,29.74,22.36
1996-01-01,41.84,35.83,4.86,1.95,11.24,21.42,17.73,13.9,26.17,21.6
1996-01-02,41.78,35.77,4.78,1.9,10.77,21.75,16.74,13.38,25.82,21.55
1996-01-03,41.2,36.22,4.75,1.97,10.79,21.53,16.68,14.03,25.02,21.55
1996-01-04,40.84,35.51,4.62,1.9,10.77,21.72,17.24,13.69,27.94,21.52
1996-01-05,40.78,35.67,4.73,1.81,10.77,22.03,24.42,13.09,32.02,21.55
1996-01-06,41.51,35.77,4.47,1.8,10.82,21.34,17.76,12.01,31.02,21.55
1996-01-07,41.95,35.67,4.26,1.84,11.4,23.55,17.89,9.89,27.94,21.55
1996-01-08,46.7,32.71,7.29,2.48,19.82,32.25,25.05,17.1,33.26,25.38
1996-01-09,37.88,36.61,7.1,2.6,14.91,28.84,29.47,17.9,30.84,22.19
1996-01-10,41.85,36.48,5.56,2.35,12.23,24.14,22.51,13.72,28.98,21.58
1996-01-11,41.58,35.8,5.03,2.13,11.61,23.47,20.44,11.12,25.36,21.63
1996-01-12,40.31,35.7,4.78,1.91,11.15,22.64,17.17,9.89,35.72,21.34
1996-01-13,40.44,35.67,4.5,1.76,11.09,22.02,16.43,9.75,27.68,21.0
1996-01-14,43.66,35.74,6.15,1.85,12.08,23.76,16.59,12.1,33.38,24.28
1996-01-15,56.33,35.99,10.98,4.37,14.55,42.47,31.67,23.22,32.35,29.56
1996-01-16,64.96,38.03,26.59,9.58,24.85,44.31,66.71,51.06,76.19,34.87
1996-01-17,43.34,35.44,10.02,3.9,14.86,35.74,51.08,37.85,29.67,23.63
1996-01-18,43.59,35.87,10.38,3.26,13.08,29.89,34.72,29.16,31.62,23.22
1996-01-19,41.39,36.72,8.56,2.73,12.37,30.02,38.59,22.08,40.79,22.4
1996-01-20,42.75,36.68,7.77,2.67,12.78,27.95,22.26,19.5,46.3,22.19
1996-01-21,41.38,36.46,6.98,2.33,11.94,26.37,30.36,16.25,46.04,21.58
1996-01-22,40.84,36.86,6.18,2.29,11.97,29.79,34.75,19.41,55.33,26.56
1996-01-23,41.91,37.33,6.05,2.42,12.67,32.37,29.54,23.6,51.75,23.84
1996-01-24,41.72,37.24,5.59,2.4,11.52,30.03,27.68,24.9,39.86,22.32
1996-01-25,41.46,37.51,5.14,2.22,10.93,27.72,22.85,16.31,32.75,22.03
1996-01-26,42.82,37.47,5.44,2.07,10.9,26.81,22.71,14.91,29.92,21.66
1996-01-27,41.85,37.42,4.84,1.93,10.95,25.87,27.24,13.32,28.36,21.55
1996-01-28,41.55,36.62,4.78,1.9,10.82,26.23,16.94,12.74,23.52,21.18
1996-01-29,42.17,37.86,5.03,1.95,10.75,26.6,17.44,12.09,25.43,21.13
1996-01-30,41.91,37.9,4.94,1.9,10.5,23.67,24.55,11.51,25.84,21.21
1996-01-31,42.03,37.6,4.78,1.78,10.5,24.18,25.39,10.55,25.96,20.92
1996-02-01,42.13,37.26,4.84,1.75,10.57,22.28,22.34,11.43,25.3,21.02
1996-02-02,42.02,37.67,5.11,1.78,10.72,22.93,19.7,11.16,27.48,20.89
1996-02-03,41.85,37.12,5.62,1.75,10.57,22.3,17.5,10.83,25.81,20.92
1996-02-04,41.84,37.21,3.99,1.75,10.68,21.74,17.76,10.57,23.15,20.76
1996-02-05,44.67,37.46,6.17,1.75,10.82,22.99,19.68,11.23,29.32,20.92
1996-02-06,40.63,37.67,5.36,1.75,10.48,23.16,18.33,11.31,28.99,20.76
1996-02-07,40.15,36.94,4.6,1.75,10.28,21.51,17.3,10.43,25.14,20.4
1996-02-08,41.1,37.08,5.54,1.75,10.44,21.11,15.42,9.94,25.73,20.58
1996-02-09,43.35,37.62,5.08,1.99,11.27,23.87,17.59,11.68,23.88,21.02
1996-02-10,41.38,37.08,5.63,2.05,10.59,24.34,17.07,10.4,24.83,20.54
1996-02-11,39.91,37.26,4.73,1.84,10.28,22.95,17.1,10.22,22.02,20.17
1996-02-12,39.98,37.27,4.45,1.75,10.1,22.39,17.04,9.98,22.02,20.17
1996-02-13,40.31,38.14,4.36,1.75,11.95,22.52,16.68,12.05,24.41,21.32
1996-02-14,41.96,38.91,4.16,1.64,11.72,25.15,22.77,14.94,23.4,20.64
1996-02-15,45.79,37.16,9.45,1.79,25.1,24.74,33.88,15.49,23.25,20.3
1996-02-16,38.85,34.7,6.44,2.1,13.77,22.44,23.0,16.85,29.77,19.84
1996-02-17,33.43,28.62,7.0,2.05,12.74,22.79,20.87,14.54,28.06,20.88
1996-02-18,39.97,36.36,9.38,2.13,14.55,22.81,31.68,16.42,33.72,23.75
1996-02-19,38.1,34.03,6.55,2.3,12.57,23.01,20.85,14.46,33.64,20.43
1996-02-20,37.78,31.86,6.93,2.29,11.78,22.31,30.78,13.38,32.19,20.0
1996-02-21,34.22,30.34,7.33,2.12,11.52,21.97,23.58,12.38,31.79,19.82
1996-02-22,34.65,31.31,7.49,2.0,11.04,21.22,22.74,12.95,32.22,19.74
1996-02-23,34.67,30.19,6.08,1.82,10.79,20.95,20.43,11.55,29.19,19.69
1996-02-24,31.97,28.97,5.41,1.75,10.77,20.81,20.82,11.45,26.87,19.69
1996-02-25,32.41,29.81,6.19,1.75,11.05,21.91,20.82,12.4,25.98,21.11
1996-02-26,35.84,30.33,7.06,1.75,12.07,22.08,22.07,13.09,25.86,20.18
1996-02-27,32.06,28.75,5.96,1.73,10.95,22.85,23.7,12.61,26.08,21.67
1996-02-28,30.19,27.73,5.36,1.61,10.86,23.76,20.59,11.45,22.3,19.92
1996-02-29,32.7,30.1,5.56,1.61,10.77,22.43,21.0,11.25,28.7,20.03
1996-03-01,39.11,33.46,9.05,1.87,11.94,25.36,23.4,16.4,31.62,24.63
1996-03-02,35.25,29.92,6.57,1.87,10.44,26.0,19.76,13.99,27.23,20.43
1996-03-03,32.44,28.88,5.73,1.73,10.04,20.44,19.92,12.24,23.0,19.69
1996-03-04,30.97,27.49,5.44,1.61,9.53,21.76,27.89,11.7,25.62,19.69
1996-03-05,31.08,27.57,4.84,1.61,9.4,21.33,21.12,11.08,25.5,19.69
1996-03-06,30.86,27.06,4.78,1.61,9.3,20.78,24.06,10.31,26.14,19.52
1996-03-07,33.96,27.09,5.0,1.52,11.48,21.87,16.78,10.5,27.25,19.56
1996-03-08,35.62,30.26,5.25,1.61,23.75,27.33,17.93,16.87,25.42,20.96
1996-03-09,37.68,34.0,5.59,1.65,14.22,25.45,18.07,13.91,22.36,19.66
1996-03-10,36.76,30.25,6.75,1.75,12.13,21.83,17.16,12.58,22.02,19.09
1996-03-11,32.62,28.2,5.25,1.75,11.32,21.55,16.79,11.93,24.41,19.14
1996-03-12,31.26,29.13,4.78,1.68,10.42,20.66,17.73,12.04,24.08,19.09
1996-03-13,31.2,28.32,4.68,1.61,10.57,20.88,18.36,10.88,24.65,19.09
1996-03-14,30.71,27.12,4.18,1.56,10.3,22.03,17.41,10.88,32.05,19.19
1996-03-15,274.56,174.82,105.93,49.04,117.64,51.84,152.58,113.2,105.18,61.23
1996-03-16,159.94,86.02,39.62,14.66,58.98,42.47,146.89,82.13,70.97,28.07
1996-03-17,187.36,108.83,47.79,17.0,110.86,66.4,231.62,164.37,136.11,63.33
1996-03-18,118.85,69.91,24.98,10.42,65.41,65.25,215.47,134.22,94.31,32.19
1996-03-19,69.91,47.11,16.33,6.78,40.23,68.65,163.9,102.08,66.76,25.9
1996-03-20,55.9,38.23,13.11,5.2,29.71,50.77,112.33,81.6,55.48,23.85
1996-03-21,50.14,36.63,13.22,4.8,25.2,56.9,85.43,71.37,61.46,25.5
1996-03-22,94.74,65.96,26.35,6.76,34.02,57.0,73.44,77.56,67.3,28.21
1996-03-23,68.45,46.45,15.04,5.28,24.42,46.44,90.19,66.28,61.73,23.19
1996-03-24,64.58,44.65,13.92,4.58,21.68,40.95,74.96,63.04,48.62,23.85
1996-03-25,94.84,59.85,34.9,7.3,38.43,52.27,82.7,65.32,60.1,26.77
1996-03-26,79.05,57.54,18.82,5.53,27.65,57.5,69.81,55.51,38.96,23.22
1996-03-27,68.64,50.98,15.02,4.74,22.47,53.24,68.82,52.41,46.26,26.95
1996-03-28,63.61,49.18,13.33,4.3,20.79,53.68,69.08,50.21,53.09,28.17
1996-03-29,91.41,73.58,24.1,6.98,30.84,74.11,125.49,79.42,121.44,45.96
1996-03-30,114.49,77.12,21.07,9.34,35.06,67.0,160.34,97.66,133.8,71.58
1996-03-31,84.64,63.04,17.0,7.32,28.38,55.9,154.3,95.94,76.56,39.97
1996-04-01,75.0,57.99,14.12,5.93,23.02,68.34,126.97,86.72,70.99,33.08
1996-04-02,73.12,58.43,15.52,5.04,20.6,58.06,108.6,77.24,66.73,29.36
1996-04-03,69.4,55.73,12.61,4.38,18.13,56.24,71.01,68.71,57.47,26.95
1996-04-04,62.01,49.82,10.87,3.7,16.8,55.97,82.07,63.37,56.56,25.52
1996-04-05,57.38,47.08,10.14,3.42,15.28,47.39,58.31,48.94,53.97,24.44
1996-04-06,54.94,41.94,9.5,3.09,14.93,41.35,66.52,45.18,45.28,24.02
1996-04-07,60.31,48.66,12.76,4.89,19.22,37.04,53.2,45.88,38.68,25.62
1996-04-08,57.8,46.25,9.43,3.96,15.51,51.79,64.36,41.34,48.97,23.68
1996-04-09,51.41,42.25,8.53,3.26,14.09,46.02,53.59,37.88,38.56,22.97
1996-04-10,48.91,40.94,8.5,3.09,13.24,46.16,42.16,35.63,39.39,22.97
1996-04-11,48.6,41.71,8.29,2.79,12.06,40.7,41.74,33.43,36.82,22.48
1996-04-12,43.99,35.94,7.74,2.58,10.86,39.78,36.46,30.44,33.46,21.9
1996-04-13,42.71,40.72,7.21,2.43,10.93,29.31,38.46,29.63,34.79,21.55
1996-04-14,60.39,48.19,11.1,4.99,13.13,32.27,41.93,33.72,37.44,29.26
1996-04-15,172.86,123.67,47.48,17.98,41.06,82.88,119.98,76.7,155.55,72.53
1996-04-16,138.9,89.78,32.6,17.83,38.5,69.72,87.65,64.46,88.82,37.93
1996-04-17,101.04,75.98,20.16,11.98,26.72,61.82,92.54,57.68,80.33,28.57
1996-04-18,77.38,61.57,14.49,8.19,19.34,48.17,82.03,51.95,68.91,26.22
1996-04-19,77.5,60.0,15.89,6.83,20.8,62.45,83.63,57.8,80.63,48.56
1996-04-20,80.57,64.66,15.51,6.08,23.49,49.18,100.13,59.25,93.15,36.84
1996-04-21,67.83,53.46,11.71,4.59,16.84,41.93,83.78,48.76,47.02,29.86
1996-04-22,59.14,48.55,10.86,4.38,14.73,43.44,71.95,45.67,57.71,27.66
1996-04-23,56.09,45.8,10.2,3.69,13.91,44.61,54.73,41.97,41.08,26.36
1996-04-24,53.98,45.34,9.56,3.33,13.04,38.85,46.68,35.5,41.37,25.4
1996-04-25,51.79,42.39,9.18,3.04,12.5,38.18,44.02,33.43,38.95,25.26
1996-04-26,48.05,41.77,8.67,2.8,11.42,37.4,41.4,31.78,31.74,24.58
1996-04-27,48.04,41.81,8.22,2.58,11.02,32.04,48.02,30.34,37.71,23.99
1996-04-28,46.92,39.17,7.81,2.63,10.93,30.78,32.89,29.05,31.15,23.35
1996-04-29,47.24,42.31,8.46,3.19,11.48,30.49,38.33,29.27,50.56,24.12
1996-04-30,63.07,49.02,23.21,5.17,17.69,55.34,51.37,49.64,226.34,92.54
1996-05-01,56.8,48.92,11.48,3.81,14.62,72.67,82.27,58.79,228.69,73.67
1996-05-02,50.01,41.5,9.1,3.18,11.83,55.67,52.88,48.29,109.38,41.07
1996-05-03,44.64,39.55,7.71,2.7,10.77,37.93,54.14,44.52,94.78,34.01
1996-05-04,52.88,44.81,14.68,3.09,12.12,48.14,60.79,50.36,146.73,48.07
1996-05-05,72.27,56.73,24.42,5.46,14.99,50.42,70.41,51.53,128.83,40.05
1996-05-06,60.69,54.76,12.09,3.78,11.36,48.71,45.3,44.38,92.46,32.76
1996-05-07,58.1,47.68,9.94,3.4,10.54,43.33,53.53,44.17,113.09,34.73
1996-05-08,58.98,50.06,12.39,6.98,21.34,104.88,99.66,73.48,259.01,153.56
1996-05-09,57.58,47.6,11.08,6.03,17.3,90.68,92.56,61.82,225.1,75.14
1996-05-10,48.44,41.52,8.42,4.28,7.95,72.82,71.05,54.28,131.72,53.21
1996-05-11,46.54,41.83,7.67,3.46,7.19,65.28,60.86,50.28,118.19,43.71
1996-05-12,46.63,42.51,7.6,3.17,7.98,46.26,57.94,45.62,89.94,38.43
1996-05-13,44.25,38.77,6.76,2.72,7.02,51.06,47.37,39.8,78.69,33.67
1996-05-14,42.46,38.86,6.51,2.55,7.24,48.13,48.78,35.97,65.35,31.81
1996-05-15,41.29,39.69,6.14,2.43,5.97,43.5,36.91,33.39,59.46,31.52
1996-05-16,43.41,41.91,5.99,2.18,4.89,47.09,34.12,30.97,59.64,29.38
1996-05-17,43.35,41.41,5.76,2.06,6.12,40.01,37.93,30.15,59.28,26.54
1996-05-18,43.19,41.21,5.64,2.06,4.21,42.37,26.93,27.92,53.46,25.64
1996-05-19,42.96,41.26,5.5,2.06,4.01,30.63,28.86,26.87,54.39,24.7
1996-05-20,46.59,40.37,7.02,3.15,4.2,37.44,27.51,26.53,58.24,23.66
1996-05-21,47.8,39.45,6.84,4.58,8.14,36.8,24.96,26.65,48.04,22.87
1996-05-22,120.9,48.98,9.71,5.22,9.48,36.73,23.98,26.73,39.45,21.98
1996-05-23,48.02,37.09,6.63,3.83,7.14,34.3,23.71,25.08,30.89,20.95
1996-05-24,44.3,37.81,5.39,2.72,4.65,35.67,25.48,24.08,28.76,20.07
1996-05-25,41.26,36.46,4.78,2.25,3.66,32.97,23.69,22.84,26.78,19.24
1996-05-26,41.33,38.96,4.65,2.17,3.21,29.01,16.62,21.58,25.92,17.69
1996-05-27,42.02,38.67,4.24,2.06,2.93,27.94,25.02,22.09,22.76,15.79
1996-05-28,42.43,39.2,4.09,1.95,3.83,33.66,28.87,25.21,38.86,30.26
1996-05-29,51.05,36.85,5.86,3.91,5.51,31.53,30.14,27.91,55.4,28.16
1996-05-30,156.27,131.86,12.95,9.6,11.55,30.26,23.3,27.49,42.24,21.84
1996-05-31,97.67,64.97,12.56,5.02,7.9,26.8,28.47,23.03,39.85,17.66
1996-06-01,74.69,63.08,5.28,3.64,4.38,36.64,22.47,20.06,44.44,16.66
1996-06-02,60.99,46.87,3.13,3.25,3.18,18.58,22.19,18.89,45.63,15.84
1996-06-03,51.1,43.48,3.13,2.48,2.75,19.68,18.28,18.56,48.91,14.46
1996-06-04,56.61,48.17,5.91,3.5,4.72,21.2,28.2,23.99,53.24,14.86
1996-06-05,51.99,45.78,3.83,2.78,3.79,17.64,19.57,22.7,39.97,14.04
1996-06-06,47.11,38.29,4.01,2.01,1.84,16.49,20.81,18.85,37.9,13.02
1996-06-07,51.77,52.51,5.08,1.79,2.86,19.26,30.68,26.78,59.8,20.77
1996-06-08,109.73,81.75,15.76,7.14,20.39,100.18,72.72,49.55,147.72,71.57
1996-06-09,107.2,74.29,19.84,5.46,12.82,78.13,49.41,32.5,88.06,26.25
1996-06-10,71.42,57.22,27.5,3.63,6.26,52.25,27.41,25.73,45.45,17.45
1996-06-11,61.5,51.19,16.18,3.36,8.08,41.23,197.0,127.64,44.02,17.61
1996-06-12,117.4,106.85,12.74,20.23,45.1,86.14,208.44,123.79,120.8,48.82
1996-06-13,400.48,296.75,17.43,21.14,103.88,156.72,280.35,171.95,485.84,168.79
1996-06-14,189.6,122.24,11.32,16.64,36.39,299.66,285.14,184.26,348.09,140.02
1996-06-15,114.46,83.18,10.31,13.16,26.38,209.43,236.44,144.49,322.79,84.88
1996-06-16,75.79,59.28,6.96,7.4,10.08,115.02,156.57,110.28,210.45,58.9
1996-06-17,169.03,134.1,44.27,17.55,96.67,787.86,671.38,356.36,901.51,270.02
1996-06-18,677.69,638.45,125.56,59.47,337.21,1013.66,1457.72,845.52,1196.02,422.53
1996-06-19,342.06,216.74,36.4,28.39,82.89,322.63,595.73,389.36,515.68,177.71
1996-06-20,2317.2,1412.12,713.01,302.12,495.96,249.5,668.24,460.45,465.31,150.5
1996-06-21,1998.73,1313.5,286.88,91.09,654.44,305.9,899.03,562.75,494.22,258.62
1996-06-22,601.92,433.56,80.19,39.54,207.69,259.1,667.07,418.43,380.26,139.06
1996-06-23,337.12,218.96,49.67,22.9,93.68,143.6,362.63,254.16,279.49,80.57
1996-06-24,403.88,265.4,162.22,29.26,143.32,120.61,392.35,303.05,214.43,78.52
1996-06-25,543.36,377.08,96.01,25.78,129.49,126.76,341.56,252.21,204.28,57.6
1996-06-26,1462.09,879.5,222.07,56.47,461.87,162.25,377.91,281.37,176.9,60.02
1996-06-27,583.37,387.59,117.07,32.11,166.2,139.31,358.25,261.3,193.51,70.94
1996-06-28,460.76,276.26,80.58,24.26,115.84,112.1,264.05,205.24,149.1,46.09
1996-06-29,346.85,214.79,59.54,18.74,85.43,95.87,220.06,171.8,111.81,38.66
1996-06-30,577.37,390.35,102.06,47.14,194.82,327.04,427.66,317.9,206.55,182.53
1996-07-01,530.57,329.48,55.92,38.41,175.37,866.37,910.16,586.53,616.62,300.68
1996-07-02,342.34,202.63,42.75,23.1,103.73,634.73,910.92,567.62,753.54,396.52
1996-07-03,318.04,181.46,112.23,20.98,129.1,409.57,2100.09,1395.87,1482.15,540.0
1996-07-04,356.55,204.76,58.85,18.82,104.88,419.36,1501.42,841.26,1373.83,294.53
1996-07-05,403.43,265.56,69.71,26.62,232.58,276.18,887.91,594.54,574.75,165.33
1996-07-06,326.71,198.27,47.9,18.44,132.74,728.65,1034.18,633.12,665.87,261.02
1996-07-07,370.3,238.73,127.07,18.93,181.03,1190.27,1730.81,944.87,1308.39,483.63
1996-07-08,351.9,209.94,89.88,13.27,111.25,457.62,1219.65,741.55,783.62,266.16
1996-07-09,262.66,159.36,55.67,10.11,73.41,288.51,567.96,380.66,465.73,146.02
1996-07-10,188.08,132.18,45.9,8.86,69.86,184.16,389.86,280.15,366.17,109.73
1996-07-11,156.72,109.59,39.18,8.42,57.43,151.67,349.39,258.62,264.83,81.44
1996-07-12,139.22,94.77,38.8,8.59,42.02,128.63,266.55,182.18,187.88,64.4
1996-07-13,116.01,80.8,33.25,6.74,31.34,90.74,219.76,149.47,163.19,57.23
1996-07-14,101.94,72.42,25.1,6.64,26.17,83.94,180.0,129.04,147.96,51.58
1996-07-15,93.73,69.26,23.63,6.78,21.49,85.37,163.47,113.69,131.98,43.26
1996-07-16,79.96,59.54,17.9,5.27,18.54,72.41,139.51,98.14,123.92,39.59
1996-07-17,78.22,63.4,17.66,4.6,16.72,81.22,160.4,86.47,125.98,41.75
1996-07-18,88.22,69.97,18.42,4.92,25.1,543.45,398.97,399.56,1223.03,808.45
1996-07-19,512.77,366.51,270.72,29.5,156.1,822.2,1753.93,1134.66,2366.47,584.79
1996-07-20,278.39,166.43,60.28,13.52,66.4,251.06,715.44,472.09,662.84,149.05
1996-07-21,142.81,92.52,45.37,11.05,35.73,144.46,377.72,263.15,376.23,91.98
1996-07-22,105.31,70.6,40.24,11.96,27.41,123.53,255.14,183.82,282.3,69.46
1996-07-23,88.96,57.66,28.3,7.93,20.61,93.8,199.9,147.58,195.67,58.77
1996-07-24,87.02,49.27,23.89,6.12,19.44,88.38,166.06,126.4,167.57,52.41
1996-07-25,75.66,48.82,18.62,5.51,21.0,79.74,150.86,111.5,150.52,49.41
1996-07-26,82.25,59.43,16.33,4.74,21.88,72.1,142.02,101.41,147.19,47.89
1996-07-27,123.63,97.46,15.48,4.29,96.46,66.29,125.52,85.27,136.99,47.15
1996-07-28,103.56,74.15,14.41,4.51,46.67,57.05,102.01,78.34,101.3,44.44
1996-07-29,91.17,58.11,14.82,4.27,39.81,63.53,89.03,70.5,138.84,42.33
1996-07-30,67.37,46.37,12.42,4.06,32.82,46.0,82.97,60.72,118.64,39.56
1996-07-31,49.15,39.7,10.39,3.49,23.66,41.06,83.05,54.0,109.13,38.4
1996-08-01,41.13,38.46,9.05,2.97,16.87,43.29,62.74,47.97,124.24,38.72
1996-08-02,39.13,45.74,9.05,2.57,11.0,51.36,58.9,46.35,109.74,37.97
1996-08-03,51.33,50.56,19.68,2.88,25.56,59.97,84.51,55.49,110.57,44.34
1996-08-04,57.71,47.33,20.88,4.75,48.98,81.26,98.99,85.51,91.07,40.29
1996-08-05,58.33,53.84,14.29,5.95,19.39,54.86,107.77,65.86,59.11,33.57
1996-08-06,47.35,43.93,10.45,4.34,18.58,46.78,74.22,48.56,69.2,32.36
1996-08-07,48.02,44.4,9.08,3.67,15.42,41.95,50.7,45.26,92.84,42.7
1996-08-08,51.56,42.97,8.68,3.87,10.24,43.32,54.34,43.58,96.44,38.41
1996-08-09,49.59,42.56,8.44,5.0,9.28,43.2,54.46,42.67,156.14,46.82
1996-08-10,51.4,42.71,8.15,3.76,9.7,41.43,48.56,40.11,111.1,42.63
1996-08-11,45.4,39.78,7.69,3.26,5.9,35.64,50.76,37.74,179.8,98.96
1996-08-12,41.31,37.26,7.4,3.01,4.15,45.48,41.89,35.66,262.86,106.87
1996-08-13,39.28,36.04,7.29,4.14,4.29,58.69,57.01,44.65,766.95,208.37
1996-08-14,332.14,155.34,232.89,125.24,175.64,663.44,1177.13,853.23,2036.8,679.72
1996-08-15,271.3,123.49,65.47,59.98,141.59,391.31,811.93,527.76,1103.09,265.63
1996-08-16,86.35,62.08,23.08,18.31,41.18,119.08,289.58,224.6,419.74,130.0
1996-08-17,122.9,65.34,23.9,11.55,66.19,105.6,285.77,200.41,296.2,94.22
1996-08-18,118.81,78.51,18.81,8.53,86.71,83.65,216.51,155.89,209.08,79.56
1996-08-19,88.51,75.59,12.32,7.12,39.96,67.3,168.0,124.1,177.36,66.96
1996-08-20,85.55,67.25,12.18,6.17,28.53,64.85,144.42,105.58,145.66,55.09
1996-08-21,82.15,69.48,11.1,5.85,21.28,42.3,116.78,84.25,139.28,49.2
1996-08-22,81.48,70.44,12.27,5.83,17.34,42.05,102.75,73.83,120.32,53.3
1996-08-23,90.78,65.02,13.2,7.58,12.66,36.2,87.42,66.46,107.99,45.47
1996-08-24,81.9,61.96,14.76,6.52,13.52,37.23,81.6,62.24,103.89,50.58
1996-08-25,67.68,56.79,11.32,5.07,10.69,39.48,77.58,58.88,117.37,66.88
1996-08-26,55.23,44.52,9.59,4.74,8.59,44.21,68.52,53.35,135.98,71.11
1996-08-27,53.7,44.19,10.18,4.31,7.24,45.92,69.03,50.14,132.12,57.48
1996-08-28,198.08,45.95,47.57,13.92,38.71,48.86,68.86,48.93,120.16,44.5
1996-08-29,112.53,51.54,38.39,14.29,56.21,49.36,68.51,47.03,107.28,43.48
1996-08-30,62.29,45.82,20.06,6.32,18.54,43.59,56.83,44.17,113.56,45.06
1996-08-31,120.41,51.38,28.43,70.39,17.81,54.18,63.66,45.76,94.94,45.12
1996-09-01,226.25,74.4,59.27,59.14,87.07,63.31,77.7,52.42,100.99,46.61
1996-09-02,87.31,59.09,28.96,21.11,22.7,50.78,60.47,43.43,95.45,39.94
1996-09-03,69.55,53.77,18.86,12.69,12.35,36.99,44.66,37.43,75.78,37.41
1996-09-04,61.64,45.08,14.62,9.09,9.14,35.4,48.33,35.03,74.89,36.42
1996-09-05,56.72,44.65,12.53,7.24,7.8,34.84,37.14,34.55,71.57,38.7
1996-09-06,55.05,43.02,11.22,7.14,6.44,37.24,44.58,33.14,72.56,37.28
1996-09-07,54.59,41.93,10.98,6.28,5.84,36.15,36.09,31.48,72.25,40.93
1996-09-08,53.22,39.94,11.05,5.89,6.73,34.34,36.0,30.48,69.97,41.29
1996-09-09,149.18,51.74,33.04,24.91,15.67,38.52,41.25,30.53,66.22,36.24
1996-09-10,145.75,52.52,31.35,28.71,41.82,48.44,52.9,40.29,125.69,91.81
1996-09-11,64.84,41.27,16.57,12.21,11.43,40.92,42.19,32.71,96.37,40.25
1996-09-12,56.56,40.09,13.42,8.59,6.16,40.41,35.59,30.35,77.9,35.65
1996-09-13,113.41,46.41,29.76,16.23,28.9,36.34,36.35,30.22,82.2,34.75
1996-09-14,77.4,46.82,18.33,11.11,21.46,38.11,36.65,28.9,79.68,32.78
1996-09-15,59.19,35.86,13.73,7.94,10.35,32.26,35.6,27.34,70.76,31.26
1996-09-16,51.23,32.7,12.06,6.67,5.56,34.48,36.37,26.83,78.58,32.79
1996-09-17,47.37,31.49,11.5,6.02,5.17,38.66,33.32,26.5,79.92,34.2
1996-09-18,47.9,33.08,10.98,5.6,4.19,35.64,36.67,26.72,75.45,31.67
1996-09-19,45.34,32.02,10.71,5.28,3.34,46.39,32.45,26.17,88.52,31.88
1996-09-20,45.63,31.05,10.92,5.47,2.81,34.26,32.88,25.59,71.76,31.43
1996-09-21,43.47,29.01,11.06,5.12,3.13,33.36,34.68,24.58,77.96,31.1
1996-09-22,39.18,31.77,9.74,4.74,1.74,29.55,31.68,20.59,71.58,29.89
1996-09-23,40.63,28.97,8.83,4.69,2.02,29.35,24.54,19.93,63.24,31.2
1996-09-24,38.7,30.34,8.68,4.3,2.13,33.08,22.62,20.18,66.67,32.02
1996-09-25,40.04,29.8,8.8,4.39,2.74,35.76,24.87,22.02,68.86,33.97
1996-09-26,42.33,30.16,8.83,4.5,6.58,34.75,30.62,23.42,105.02,47.09
1996-09-27,39.76,29.68,8.8,4.04,4.51,34.52,31.16,22.4,103.15,38.03
1996-09-28,37.9,29.06,8.68,4.2,3.16,34.29,26.94,21.52,95.46,36.86
1996-09-29,42.1,31.28,9.68,4.44,6.98,35.56,33.89,24.47,125.22,49.17
1996-09-30,107.13,48.69,30.81,8.07,45.22,58.0,58.19,28.59,287.99,85.59
1996-10-01,85.33,40.74,21.8,6.63,38.92,39.58,25.52,25.45,157.29,61.77
1996-10-02,50.35,29.62,13.44,5.25,30.3,35.6,28.7,18.99,105.03,50.52
1996-10-03,47.13,31.4,21.78,5.9,30.77,38.62,26.74,19.11,87.81,46.68
1996-10-04,52.81,29.84,21.76,5.14,31.06,36.59,33.34,18.16,73.14,43.66
1996-10-05,53.96,26.27,28.65,4.32,23.71,33.38,39.86,17.1,71.04,42.0
1996-10-06,46.58,26.76,15.55,3.96,18.34,32.96,35.46,16.76,60.96,40.27
1996-10-07,58.09,27.49,16.54,4.15,20.27,35.15,45.47,16.66,73.56,39.51
1996-10-08,71.31,35.19,27.94,5.37,24.38,34.53,37.14,18.31,69.58,42.75
1996-10-09,62.02,34.38,19.03,4.89,18.59,35.49,30.41,18.31,75.12,39.17
1996-10-10,51.27,31.85,14.92,3.97,16.13,32.71,42.51,16.3,59.03,37.33
1996-10-11,46.55,31.59,12.82,4.1,16.59,34.55,36.72,15.34,59.76,36.3
1996-10-12,47.99,30.07,11.53,4.06,18.56,33.79,17.59,14.8,63.5,35.61
1996-10-13,48.96,44.34,11.29,3.73,40.44,32.46,32.54,16.04,70.28,36.64
1996-10-14,87.55,70.36,14.38,3.4,38.56,32.98,39.73,18.49,73.72,34.79
1996-10-15,66.1,43.87,11.28,3.73,27.5,33.12,23.75,15.37,65.45,33.26
1996-10-16,53.81,37.56,9.64,3.57,24.42,31.93,17.67,14.52,60.35,32.39
1996-10-17,43.71,32.36,9.42,3.36,23.32,31.49,13.36,13.75,53.35,31.88
1996-10-18,43.64,34.29,9.3,3.06,22.14,30.29,18.04,13.45,58.18,31.84
1996-10-19,45.47,34.42,11.15,3.11,21.16,31.78,20.18,13.1,58.8,31.4
1996-10-20,44.12,35.58,9.08,3.18,20.6,30.18,17.22,13.01,48.84,31.4
1996-10-21,42.73,34.2,8.12,2.78,21.2,30.41,18.62,13.01,60.96,31.26
1996-10-22,41.17,33.96,8.45,2.56,20.27,32.28,13.77,13.01,65.5,31.31
1996-10-23,41.61,34.64,8.78,2.56,19.78,32.31,16.8,13.42,73.66,34.16
1996-10-24,40.72,34.31,8.24,2.56,18.63,29.27,20.82,12.87,89.92,33.31
1996-10-25,40.48,34.86,8.41,2.5,18.5,31.58,13.7,12.49,83.37,33.33
1996-10-26,43.31,34.44,10.53,2.7,18.6,30.65,13.73,12.61,76.12,31.74
1996-10-27,39.59,37.29,8.86,2.58,18.31,28.12,14.47,12.35,66.1,30.76
1996-10-28,44.3,37.97,8.09,2.51,18.1,29.59,15.92,12.81,78.13,32.02
1996-10-29,42.7,37.0,7.97,2.53,18.1,31.48,17.62,12.49,70.47,30.66
1996-10-30,43.05,36.03,7.88,2.38,17.74,30.36,18.89,11.64,66.97,29.89
1996-10-31,41.6,36.37,8.12,2.7,17.52,30.14,18.52,11.45,60.12,30.09
1996-11-01,57.48,42.33,14.38,6.76,20.05,31.01,15.78,11.64,50.81,29.46
1996-11-02,75.05,39.51,21.42,9.86,23.25,30.46,21.11,13.82,42.7,28.97
1996-11-03,44.82,34.89,11.52,4.77,18.55,30.13,21.51,13.12,41.22,28.16
1996-11-04,42.96,34.73,9.46,3.52,17.43,30.77,21.07,11.23,40.61,27.84
1996-11-05,46.05,35.05,11.37,3.66,17.86,30.91,24.1,10.83,39.65,27.93
1996-11-06,49.96,36.45,14.81,4.85,19.53,31.36,22.2,11.44,37.09,27.67
1996-11-07,47.02,37.01,10.82,3.83,17.4,31.2,17.49,10.7,39.31,27.29
1996-11-08,43.98,35.92,9.42,3.58,18.38,29.76,18.23,12.12,43.34,27.29
1996-11-09,44.87,37.39,9.75,3.6,17.79,28.78,20.93,11.02,44.9,27.11
1996-11-10,44.68,37.52,9.94,3.63,18.44,33.26,17.94,10.86,53.66,26.82
1996-11-11,44.33,37.21,8.8,3.5,19.7,35.78,19.5,12.34,93.43,45.65
1996-11-12,43.91,37.52,8.62,3.74,21.41,36.89,25.7,14.14,150.38,41.38
1996-11-13,42.89,37.23,7.69,3.06,15.32,33.67,19.73,12.24,84.14,31.24
1996-11-14,44.02,40.06,7.52,2.72,16.05,28.94,16.81,10.46,78.55,29.06
1996-11-15,45.99,39.25,7.83,2.52,16.44,26.9,15.46,10.09,49.59,28.25
1996-11-16,42.68,37.94,7.29,2.38,16.24,26.81,14.74,9.43,43.05,27.45
1996-11-17,42.53,37.33,7.49,2.35,16.03,26.41,14.74,9.96,31.71,27.59
1996-11-18,41.9,38.76,7.8,2.4,16.06,28.05,14.42,12.24,37.1,28.46
1996-11-19,42.86,39.46,7.29,2.22,15.78,26.5,15.06,10.25,46.49,26.73
1996-11-20,43.34,38.99,7.38,2.22,15.4,25.58,13.76,9.73,53.76,26.48
1996-11-21,43.52,39.06,7.38,2.15,15.37,27.9,13.35,9.66,55.79,26.17
1996-11-22,42.03,38.1,6.86,2.13,14.89,27.5,13.59,9.06,61.57,25.95
1996-11-23,41.11,36.68,6.64,2.06,14.83,26.72,13.3,9.13,62.31,25.33
1996-11-24,39.95,40.14,6.64,2.06,14.84,26.43,12.45,8.96,66.46,25.21
1996-11-25,44.11,38.58,6.49,2.06,14.61,26.59,12.96,8.97,63.64,25.21
1996-11-26,40.99,38.82,6.03,2.06,14.34,26.0,13.12,8.79,67.24,25.43
1996-11-27,43.27,38.33,7.64,2.38,15.92,28.47,14.16,11.91,63.11,31.52
1996-11-28,42.48,39.29,7.0,2.38,15.01,29.31,16.08,10.39,66.75,26.11
1996-11-29,46.85,38.67,6.8,2.15,17.01,32.56,20.49,14.97,56.28,30.59
1996-11-30,58.16,35.93,9.69,2.39,18.78,37.66,21.81,16.72,57.95,27.24
1996-12-01,54.93,29.27,17.23,4.12,16.65,34.17,23.91,16.39,62.47,26.73
1996-12-02,46.47,25.12,9.47,3.56,15.4,33.62,23.2,14.12,57.05,25.21
1996-12-03,40.37,28.2,8.39,2.91,14.56,30.9,15.79,12.09,42.26,25.21
1996-12-04,46.73,27.55,7.86,3.95,14.28,29.54,14.55,12.24,33.36,25.21
1996-12-05,129.22,47.22,42.2,37.59,49.28,56.66,87.86,51.14,69.73,63.63
1996-12-06,77.75,40.88,20.51,9.23,30.37,37.14,66.41,39.25,77.43,31.26
1996-12-07,63.5,32.41,18.32,9.25,21.84,38.18,42.21,28.78,65.47,29.91
1996-12-08,52.0,25.54,14.74,8.13,19.11,33.84,29.16,22.88,71.36,27.55
1996-12-09,47.32,28.07,11.88,5.92,17.82,39.2,24.0,19.68,58.24,26.7
1996-12-10,53.38,28.34,13.74,5.39,22.35,36.67,27.14,20.38,55.98,31.36
1996-12-11,49.44,30.63,12.57,5.1,20.11,36.92,26.34,20.56,56.19,27.3
1996-12-12,49.66,28.1,10.85,4.29,18.22,31.19,20.4,17.87,60.15,26.14
1996-12-13,47.29,29.3,10.02,4.15,17.52,31.43,20.87,18.0,57.92,25.95
1996-12-14,47.49,27.16,9.58,3.46,16.77,31.72,17.4,16.34,47.58,25.58
1996-12-15,43.23,25.85,8.8,3.39,16.36,28.0,17.69,15.82,36.82,25.21
1996-12-16,42.66,28.35,8.68,3.06,15.83,29.07,17.64,15.05,44.63,25.21
1996-12-17,47.77,29.83,10.3,3.19,16.3,29.2,17.46,13.76,57.83,26.17
1996-12-18,50.6,30.4,12.64,3.31,16.36,30.35,19.84,14.25,51.53,25.06
1996-12-19,47.08,33.02,9.87,3.0,15.09,27.43,18.53,13.76,73.54,24.46
1996-12-20,56.69,40.48,8.77,2.81,15.0,26.88,15.48,13.01,59.51,24.13
1996-12-21,53.79,38.85,8.77,2.65,15.12,26.72,14.59,13.55,52.93,23.83
1996-12-22,52.94,35.57,8.69,2.62,14.69,26.12,14.78,12.32,41.34,23.77
1996-12-23,51.82,36.89,9.14,2.6,14.5,24.33,14.96,12.21,33.44,23.77
1996-12-24,52.33,38.34,7.94,2.48,14.23,24.32,13.59,11.64,40.25,23.6
1996-12-25,56.27,37.96,7.4,2.56,14.03,25.3,13.48,11.48,49.42,23.54
1996-12-26,50.21,32.49,7.29,2.45,13.9,24.66,13.77,11.23,50.67,23.3
1996-12-27,46.02,30.1,7.29,2.21,13.82,25.65,14.26,11.04,46.27,23.07
1996-12-28,44.24,29.8,7.13,2.19,13.46,25.28,15.21,10.86,45.77,23.01
1996-12-29,43.91,29.83,6.72,2.09,13.36,25.1,15.21,10.62,46.82,22.47
1996-12-30,43.9,29.83,6.8,2.09,12.94,24.7,15.21,13.23,46.32,22.38
1996-12-31,43.91,29.86,6.64,2.08,13.04,25.1,16.83,13.28,46.65,22.38
1997-01-01,47.88,27.81,7.4,2.52,13.82,31.94,24.57,14.21,48.01,23.36
1997-01-02,45.73,27.89,9.46,2.83,15.11,37.04,20.59,15.43,48.11,24.36
1997-01-03,44.24,28.74,7.51,2.29,12.58,29.22,16.57,14.07,46.86,21.79
1997-01-04,44.2,28.58,7.07,2.06,12.44,29.88,14.67,13.77,47.63,21.38
1997-01-05,44.28,27.53,8.33,2.34,14.07,26.98,21.7,15.22,51.57,23.47
1997-01-06,43.68,28.74,11.6,2.6,14.66,28.7,24.69,17.99,59.98,22.07
1997-01-07,44.69,28.77,8.39,2.48,12.63,27.79,18.96,16.8,70.08,21.57
1997-01-08,61.12,28.2,48.08,10.31,15.18,27.6,24.77,15.33,70.24,21.24
1997-01-09,52.97,28.2,21.32,8.94,14.84,25.07,19.89,14.82,59.48,21.12
1997-01-10,45.91,26.12,13.47,5.59,13.62,25.28,16.56,14.18,58.26,21.15
1997-01-11,44.74,28.1,11.2,4.52,13.15,26.72,16.26,14.46,56.8,20.66
1997-01-12,46.37,28.89,10.56,4.13,12.54,26.08,15.12,14.25,44.43,20.52
1997-01-13,46.32,28.52,9.75,4.21,12.42,24.98,14.96,14.25,42.56,20.58
1997-01-14,46.4,29.11,9.44,3.68,12.42,24.37,16.52,14.03,40.48,20.52
1997-01-15,48.37,32.14,9.5,3.56,12.32,23.68,14.63,14.56,29.92,20.52
1997-01-16,46.59,34.64,9.34,3.36,11.91,24.32,14.0,13.86,34.72,20.31
1997-01-17,52.42,37.39,8.76,3.11,11.84,28.46,14.35,30.36,36.19,20.07
1997-01-18,50.72,35.46,8.61,2.94,11.75,27.94,14.35,8.44,33.95,19.93
1997-01-19,49.02,31.39,8.28,2.94,11.3,25.3,14.35,11.03,36.1,19.88
1997-01-20,43.59,31.45,7.9,2.87,10.99,23.3,14.35,10.42,40.08,19.88
1997-01-21,48.05,34.36,8.08,2.85,11.06,24.61,14.35,14.18,35.54,19.93
1997-01-22,47.97,33.36,8.26,2.74,11.22,20.89,14.0,13.53,37.86,19.53
1997-01-23,47.92,33.43,7.86,2.57,11.75,21.17,13.3,12.58,35.82,19.24
1997-01-24,50.57,31.02,9.44,3.08,15.68,24.69,12.28,81.07,35.67,27.05
1997-01-25,44.05,30.39,8.58,3.09,13.75,31.16,12.28,19.19,40.4,21.58
1997-01-26,43.49,28.92,7.62,2.7,12.27,24.03,16.2,14.94,30.22,20.04
1997-01-27,42.47,28.86,7.23,2.57,11.86,25.16,17.37,14.38,30.53,19.88
1997-01-28,43.32,29.22,8.83,2.76,11.88,25.2,18.61,14.84,32.54,19.99
1997-01-29,43.22,30.19,8.41,2.59,11.26,26.28,20.1,15.52,34.14,19.93
1997-01-30,43.97,31.32,7.37,2.32,10.83,24.88,20.77,15.43,33.38,19.29
1997-01-31,45.44,30.66,7.23,2.3,12.95,25.52,23.79,18.41,33.33,22.67
1997-02-01,45.64,31.83,7.23,2.34,12.59,27.7,34.31,17.89,37.12,20.12
1997-02-02,50.25,32.02,8.79,2.46,15.5,27.43,38.1,17.44,32.57,22.12
1997-02-03,47.81,29.47,9.53,2.41,19.06,29.34,36.44,21.78,34.83,22.12
1997-02-04,44.8,29.78,8.05,2.19,13.34,30.79,27.51,19.02,33.6,19.96
1997-02-05,44.67,30.95,7.54,2.07,12.68,25.66,20.34,16.59,37.63,19.99
1997-02-06,46.02,29.52,7.26,2.06,11.59,25.86,16.78,16.51,47.83,20.02
1997-02-07,42.27,28.9,6.62,1.93,11.68,24.78,22.28,15.09,48.61,19.24
1997-02-08,43.61,30.0,6.47,1.91,11.98,25.35,23.01,16.89,40.58,20.58
1997-02-09,43.21,29.9,6.59,1.95,11.17,26.89,24.67,17.96,60.88,20.9
1997-02-10,42.86,31.23,6.59,1.91,10.87,25.3,23.76,16.85,77.41,19.64
1997-02-11,44.46,30.67,6.7,2.12,10.85,25.42,27.23,16.78,53.32,19.48
1997-02-12,43.19,31.22,6.59,2.06,10.76,24.44,21.66,16.29,29.85,19.35
1997-02-13,43.15,30.06,6.41,1.92,10.65,24.78,20.83,15.4,28.47,19.24
1997-02-14,44.74,33.1,6.11,1.91,10.5,24.14,18.68,15.16,26.61,19.24
1997-02-15,46.5,34.71,6.13,1.97,10.88,26.17,18.98,15.86,27.41,21.14
1997-02-16,49.72,33.49,7.74,2.05,13.62,32.26,33.46,22.16,36.6,26.28
1997-02-17,47.21,34.66,6.59,1.91,10.92,29.92,27.25,18.82,34.43,20.09
1997-02-18,45.66,33.04,6.39,1.91,10.69,27.78,28.46,19.21,29.6,19.67
1997-02-19,45.39,33.3,6.26,1.91,10.82,25.81,21.84,17.46,28.67,19.24
1997-02-20,46.26,35.55,5.88,1.91,10.72,24.78,31.24,16.67,28.75,19.24
1997-02-21,47.9,35.46,6.14,1.92,10.52,24.59,26.27,16.22,29.35,19.11
1997-02-22,46.77,35.56,5.68,1.87,10.41,23.13,20.9,16.38,27.2,18.62
1997-02-23,46.78,34.03,5.41,1.76,10.23,22.59,17.79,16.08,30.49,18.62
1997-02-24,43.29,34.73,5.39,1.76,10.45,23.2,19.77,15.97,34.18,18.62
1997-02-25,47.54,35.33,5.44,1.76,10.21,22.44,18.34,15.81,38.26,18.64
1997-02-26,80.24,83.76,23.87,2.33,14.74,22.74,20.61,17.63,36.88,18.9
1997-02-27,102.08,71.9,16.08,2.84,20.6,23.63,29.34,27.77,32.33,18.67
1997-02-28,74.02,57.78,9.17,2.42,13.28,24.21,32.35,22.93,30.89,19.11
1997-03-01,84.51,67.55,17.76,3.6,15.95,26.68,34.9,23.76,30.59,22.87
1997-03-02,81.93,63.05,13.28,2.98,15.72,26.78,36.05,25.03,26.68,18.96
1997-03-03,71.15,55.1,9.94,2.83,13.35,24.81,33.58,21.28,26.84,19.61
1997-03-04,64.03,50.11,8.62,2.32,12.66,25.05,29.68,17.77,27.42,18.62
1997-03-05,62.12,48.86,7.76,2.23,12.03,22.97,21.08,16.28,26.83,18.44
1997-03-06,64.49,51.4,7.34,2.09,11.24,21.94,17.17,15.12,29.02,18.0
1997-03-07,70.34,46.29,8.38,3.14,12.63,23.28,16.28,17.13,32.87,19.96
1997-03-08,59.25,46.83,7.24,2.86,11.34,24.1,18.76,15.74,42.07,18.26
1997-03-09,58.95,46.63,6.51,2.43,10.76,22.89,19.67,14.23,43.92,18.0
1997-03-10,83.07,51.0,15.53,4.93,11.07,22.61,17.84,13.58,52.19,17.98
1997-03-11,128.88,79.0,37.65,21.12,42.68,28.55,26.95,20.76,57.9,21.02
1997-03-12,108.66,63.88,14.74,7.23,21.83,26.45,32.52,18.8,51.08,18.28
1997-03-13,115.47,83.13,23.63,17.92,30.47,42.78,43.02,27.26,65.0,39.1
1997-03-14,117.17,88.8,25.3,18.95,27.95,40.52,54.7,29.36,70.35,23.13
1997-03-15,142.86,99.58,38.13,23.91,46.1,44.41,125.0,57.31,61.18,21.8
1997-03-16,117.72,94.27,21.59,11.55,28.97,39.18,88.09,43.95,44.91,20.52
1997-03-17,111.56,88.74,16.53,7.54,21.27,32.48,63.34,37.36,42.38,19.99
1997-03-18,95.97,77.83,13.47,5.92,20.15,33.89,51.75,36.73,41.49,19.88
1997-03-19,100.46,69.08,11.86,5.41,17.66,36.03,49.14,34.24,38.85,22.47
1997-03-20,72.61,63.37,10.66,5.42,16.02,30.46,42.94,33.38,39.17,23.17
1997-03-21,63.11,56.61,9.78,4.82,14.78,30.94,39.78,30.81,50.54,21.54
1997-03-22,65.18,49.02,9.47,3.5,13.2,30.77,34.97,25.24,49.71,20.25
1997-03-23,55.56,37.54,9.1,3.63,12.2,27.88,31.2,23.35,43.02,19.75
1997-03-24,58.95,50.24,9.52,3.4,11.38,24.42,27.61,21.1,37.97,19.24
1997-03-25,61.07,47.27,7.74,3.18,11.76,24.68,30.49,18.66,29.41,19.24
1997-03-26,65.01,50.87,9.12,3.39,11.83,25.74,24.69,17.66,36.94,21.21
1997-03-27,76.33,59.88,12.38,4.32,17.01,30.86,30.73,24.12,46.85,23.25
1997-03-28,69.5,53.48,8.88,3.72,11.48,30.99,26.2,19.77,37.44,19.32
1997-03-29,78.89,56.92,17.91,4.83,24.99,73.72,84.39,49.24,85.1,80.68
1997-03-30,98.15,76.66,14.77,5.39,21.28,84.91,106.31,61.38,128.65,38.0
1997-03-31,75.65,57.4,10.21,3.9,13.54,54.06,61.88,41.59,66.0,26.54
1997-04-01,64.0,46.92,8.98,3.47,12.03,44.48,53.9,33.51,55.28,24.0
1997-04-02,74.54,49.34,16.88,7.25,12.01,41.66,43.8,31.56,54.17,22.84
1997-04-03,356.87,237.26,111.73,56.55,158.44,291.04,444.58,275.26,163.58,77.67
1997-04-04,360.33,281.63,75.55,44.18,90.79,273.15,299.74,179.51,181.06,51.0
1997-04-05,610.32,515.51,107.93,57.71,299.55,305.61,487.3,294.13,439.66,154.02
1997-04-06,318.13,211.51,52.21,27.75,93.09,228.36,260.84,172.1,207.87,60.26
1997-04-07,239.31,148.89,38.58,16.6,55.46,150.35,177.28,117.27,126.92,42.84
1997-04-08,145.46,104.26,27.94,11.37,46.28,129.02,153.86,88.92,91.8,35.89
1997-04-09,124.79,84.2,22.95,9.16,35.22,122.2,122.44,77.85,93.41,32.65
1997-04-10,109.67,83.57,18.1,7.31,27.35,85.27,105.8,69.45,73.57,29.61
1997-04-11,103.07,73.33,16.07,6.31,22.26,79.54,87.4,63.38,68.7,27.28
1997-04-12,92.87,69.96,13.67,5.47,19.09,69.35,80.33,58.0,53.29,25.77
1997-04-13,87.86,65.28,13.05,4.89,17.34,48.99,70.6,53.16,48.74,24.44
1997-04-14,86.78,64.28,12.43,4.27,14.73,62.86,73.13,50.48,49.16,23.91
1997-04-15,79.24,54.57,11.76,4.14,13.57,61.68,70.17,43.27,48.58,25.48
1997-04-16,77.64,60.18,11.51,3.87,14.4,55.52,49.7,38.48,47.33,23.65
1997-04-17,81.91,61.7,10.23,3.41,13.25,51.36,50.46,33.97,42.34,22.66
1997-04-18,78.4,58.28,10.5,3.37,12.63,47.86,40.77,31.14,39.88,23.68
1997-04-19,74.5,55.23,10.66,3.67,13.5,49.89,44.84,32.1,47.1,26.71
1997-04-20,72.01,52.71,9.78,3.22,11.76,37.72,40.85,28.56,34.41,21.4
1997-04-21,77.17,61.25,11.92,3.45,12.38,39.87,33.24,27.46,37.91,21.38
1997-04-22,88.72,59.65,18.36,5.92,16.22,41.13,37.04,29.52,54.92,21.71
1997-04-23,72.7,53.87,13.13,4.44,12.0,40.93,37.4,27.16,52.14,20.99
1997-04-24,67.35,48.35,10.47,3.49,10.94,39.15,30.69,24.54,42.99,20.2
1997-04-25,62.28,48.58,9.66,2.94,11.08,37.11,29.53,23.9,39.16,19.85
1997-04-26,65.64,48.13,9.34,2.66,10.81,36.7,32.9,22.57,34.95,19.67
1997-04-27,61.35,45.38,9.22,2.66,10.47,32.56,30.86,21.62,35.88,20.04
1997-04-28,86.38,67.86,12.26,4.86,16.84,43.78,42.13,26.91,43.24,23.99
1997-04-29,74.97,50.63,9.54,3.51,12.04,41.27,37.34,22.33,33.7,19.91
1997-04-30,102.31,75.16,15.62,6.98,56.74,80.78,68.19,35.73,63.94,35.74
1997-05-01,84.19,55.46,11.08,4.35,21.49,58.09,63.91,33.54,50.19,22.14
1997-05-02,70.71,51.54,8.74,3.61,16.35,56.54,51.36,33.2,50.26,35.25
1997-05-03,106.21,70.82,39.87,12.07,32.8,64.27,72.26,36.61,52.44,28.43
1997-05-04,99.78,70.12,18.77,7.72,24.76,58.25,71.58,33.2,43.41,22.87
1997-05-05,77.63,56.6,11.95,5.19,16.89,47.42,53.16,28.41,47.23,20.99
1997-05-06,70.76,50.42,10.2,4.73,14.42,65.18,51.11,26.06,52.28,20.39
1997-05-07,71.94,55.11,10.12,5.5,13.47,43.78,42.31,25.45,55.09,19.99
1997-05-08,581.5,342.87,284.38,107.63,104.03,66.0,271.18,141.74,64.27,31.37
1997-05-09,433.38,239.81,87.64,41.48,78.32,121.44,298.52,143.98,76.41,26.3
1997-05-10,200.83,113.1,39.54,19.38,32.18,74.18,178.35,90.81,45.23,21.18
1997-05-11,133.72,83.52,27.34,12.31,28.43,57.92,122.43,73.66,37.99,20.47
1997-05-12,115.11,76.62,22.92,9.89,21.96,62.31,114.73,65.59,49.14,20.36
1997-05-13,234.41,79.74,151.8,88.28,32.5,52.07,83.53,59.98,43.99,21.63
1997-05-14,1964.01,1343.51,528.35,265.5,908.47,100.62,134.19,112.16,111.21,51.71
1997-05-15,784.44,481.27,108.4,56.02,289.21,233.61,331.93,229.13,280.87,63.04
1997-05-16,382.72,229.01,61.23,30.72,113.29,167.26,247.64,158.13,167.32,36.19
1997-05-17,246.06,143.81,44.16,20.61,74.78,144.24,180.26,111.72,119.63,29.74
1997-05-18,169.83,105.98,34.02,14.71,57.96,130.48,152.26,89.44,84.34,25.86
1997-05-19,140.35,86.24,31.24,12.46,50.63,130.33,127.22,78.37,88.01,23.8
1997-05-20,121.17,84.04,28.87,11.0,41.18,124.01,103.19,70.72,79.62,23.11
1997-05-21,118.81,108.94,23.44,9.2,35.83,94.57,87.21,63.8,63.06,21.46
1997-05-22,108.79,76.65,19.28,7.98,32.44,75.47,91.54,59.08,61.92,20.36
1997-05-23,95.21,53.27,17.3,7.22,27.02,55.2,77.99,54.4,61.38,19.4
1997-05-24,97.22,51.89,18.4,8.12,30.51,59.57,72.27,52.32,62.75,18.57
1997-05-25,92.76,53.44,18.28,6.58,26.22,40.36,65.84,49.55,57.73,17.55
1997-05-26,90.52,45.45,15.75,5.46,21.07,51.69,58.81,45.93,47.74,15.81
1997-05-27,82.48,43.53,16.12,5.32,18.87,52.15,49.05,36.74,42.24,15.62
1997-05-28,70.69,45.66,13.87,4.76,22.51,54.69,40.17,29.22,34.78,14.87
1997-05-29,65.54,47.48,12.46,4.36,25.82,49.55,30.19,29.2,33.16,15.27
1997-05-30,74.95,54.71,12.79,4.45,24.75,50.45,44.03,31.33,41.8,17.37
1997-05-31,73.23,43.1,11.69,4.12,21.87,45.29,37.11,27.18,42.61,17.2
1997-06-01,68.89,38.77,9.59,3.64,19.57,37.06,35.53,24.39,37.47,14.0
1997-06-02,60.76,45.97,10.26,9.26,28.38,107.11,58.51,43.69,47.35,23.96
1997-06-03,66.76,53.6,9.95,5.96,28.53,165.05,88.68,46.73,118.47,53.0
1997-06-04,74.63,46.54,9.44,4.69,20.13,75.4,45.7,35.24,117.01,30.8
1997-06-05,73.03,36.06,8.43,3.89,15.77,45.43,40.48,29.19,61.55,17.29
1997-06-06,64.26,39.1,8.17,3.38,13.08,36.81,36.41,27.38,50.41,15.17
1997-06-07,51.29,36.68,9.0,3.39,10.92,34.73,39.15,26.8,46.18,13.98
1997-06-08,72.15,57.11,16.18,33.16,54.92,226.12,189.09,103.95,135.27,124.34
1997-06-09,144.84,110.61,25.9,35.91,88.99,531.84,346.1,145.85,402.19,147.23
1997-06-10,76.79,52.5,11.64,13.82,28.71,150.51,170.87,89.58,147.99,40.68
1997-06-11,58.85,41.03,10.01,9.35,14.05,104.9,106.37,66.73,103.22,30.5
1997-06-12,48.64,37.22,7.8,5.77,7.74,67.19,82.46,56.38,81.4,22.4
1997-06-13,45.3,36.46,7.15,5.05,4.33,57.75,71.32,49.49,57.46,19.43
1997-06-14,38.99,36.37,7.07,4.71,3.14,58.34,72.53,51.52,50.39,19.11
1997-06-15,37.61,34.74,7.57,4.34,4.42,53.07,81.66,47.31,53.15,24.4
1997-06-16,33.29,31.47,8.61,4.15,2.54,55.22,56.04,50.68,58.03,20.94
1997-06-17,25.06,28.7,7.51,3.46,1.18,46.26,63.71,58.65,44.74,18.88
1997-06-18,17.88,26.99,6.56,3.24,3.98,46.62,61.99,39.71,46.12,19.44
1997-06-19,16.05,26.61,6.11,3.73,1.51,36.58,41.83,33.56,101.18,26.33
1997-06-20,17.66,28.42,6.08,3.1,1.42,36.08,41.04,31.22,95.02,26.12
1997-06-21,24.96,27.84,6.26,3.6,1.75,35.83,43.66,43.09,71.92,19.95
1997-06-22,46.66,42.14,9.63,6.03,3.12,177.34,128.24,102.52,164.27,105.02
1997-06-23,78.21,60.55,15.98,7.79,48.9,318.11,343.48,144.79,342.0,147.45
1997-06-24,45.11,30.72,8.94,3.91,10.28,143.01,180.02,79.48,162.36,51.34
1997-06-25,35.61,26.15,7.29,3.36,4.22,75.61,118.11,63.81,109.98,33.62
1997-06-26,31.5,24.74,6.44,3.21,1.9,58.01,93.93,55.13,83.05,25.29
1997-06-27,53.29,37.3,40.32,3.21,8.8,72.55,96.96,59.34,115.25,55.77
1997-06-28,681.85,406.32,390.72,204.87,215.02,528.29,489.59,347.12,1188.35,380.56
1997-06-29,330.15,184.58,62.38,45.06,74.03,229.06,369.23,223.57,447.13,133.16
1997-06-30,113.42,79.34,23.89,18.36,26.47,143.08,224.19,132.9,249.07,63.0
1997-07-01,83.57,62.19,17.32,12.17,17.41,94.52,182.56,131.39,182.12,60.72
1997-07-02,535.23,375.86,79.15,32.9,164.52,133.74,294.81,222.4,205.76,53.17
1997-07-03,287.54,169.4,37.35,19.38,74.42,83.72,199.49,128.22,133.37,31.69
1997-07-04,130.5,97.71,20.23,12.28,38.7,58.77,162.12,104.2,117.59,26.91
1997-07-05,129.37,79.66,32.28,9.64,24.42,56.54,148.73,94.93,89.52,24.83
1997-07-06,274.63,109.41,53.91,11.95,99.73,51.22,140.38,99.74,95.5,31.53
1997-07-07,1262.81,582.66,634.9,272.03,567.99,339.91,584.53,411.5,203.8,122.27
1997-07-08,1862.34,922.31,638.22,317.41,836.02,631.92,1631.2,944.03,365.82,130.88
1997-07-09,2898.87,1995.68,685.52,206.88,1682.55,862.06,2853.5,1860.05,783.43,300.28
1997-07-10,2842.23,1877.25,419.16,196.14,1557.42,920.54,3952.83,2343.44,1651.62,583.56
1997-07-11,2378.79,1403.69,395.27,175.22,1348.6,1769.05,3310.24,2009.13,1633.45,302.65
1997-07-12,2172.03,1247.2,547.68,144.56,938.25,1019.28,1824.28,1150.63,872.9,240.94
1997-07-13,1343.54,828.03,165.14,57.04,610.65,364.55,1302.69,793.25,545.14,178.85
1997-07-14,588.96,370.75,103.98,37.0,287.83,275.1,833.53,516.44,363.23,123.96
1997-07-15,424.03,265.19,74.36,28.24,181.3,204.94,568.93,376.58,247.92,84.88
1997-07-16,328.87,199.83,60.1,22.22,121.08,147.49,406.4,259.17,198.31,67.23
1997-07-17,664.39,324.66,200.0,108.67,427.66,182.24,370.41,232.27,188.57,97.02
1997-07-18,483.95,294.63,72.47,50.09,345.39,214.7,260.54,250.05,233.13,122.27
1997-07-19,317.78,186.86,56.42,28.96,148.23,163.64,305.76,184.68,185.78,74.39
1997-07-20,244.45,147.18,47.12,22.86,106.66,139.72,241.52,152.28,140.35,59.26
1997-07-21,159.44,106.64,42.19,19.29,83.69,80.99,210.97,128.6,131.18,51.17
1997-07-22,124.25,86.76,35.3,16.02,63.42,103.95,181.96,112.06,120.19,45.51
1997-07-23,115.2,83.83,29.77,13.66,54.87,83.15,164.6,95.78,118.2,42.47
1997-07-24,113.11,78.72,25.85,12.2,50.13,79.2,140.59,87.23,127.28,55.45
1997-07-25,109.83,77.52,23.98,10.97,46.24,75.34,137.27,82.32,204.05,91.64
1997-07-26,163.34,175.04,77.56,15.67,55.64,69.72,141.85,84.17,212.64,100.88
1997-07-27,365.46,203.04,99.81,20.32,61.69,69.53,168.66,101.02,131.11,69.34
1997-07-28,346.08,152.89,200.66,18.67,59.52,62.6,125.04,81.79,93.14,52.12
1997-07-29,196.76,109.33,70.29,12.35,50.37,50.18,105.0,71.69,80.73,44.41
1997-07-30,123.36,78.62,48.24,10.45,43.06,45.98,103.16,62.91,69.53,41.52
1997-07-31,100.92,68.09,37.39,8.85,48.12,83.07,105.63,62.02,69.26,38.28
1997-08-01,88.36,81.68,38.51,7.75,128.59,154.4,140.23,69.43,73.35,40.68
1997-08-02,145.2,104.56,40.29,9.23,161.84,105.6,100.82,60.41,100.13,40.9
1997-08-03,91.08,70.77,28.68,9.17,51.34,82.59,111.52,54.48,72.7,34.78
1997-08-04,72.41,67.04,26.26,10.12,46.4,63.56,83.82,46.3,69.2,29.98
1997-08-05,323.08,147.1,170.07,35.6,290.9,61.08,88.7,62.73,76.71,41.88
1997-08-06,944.05,603.59,467.28,210.13,720.02,347.75,612.52,280.73,791.45,453.52
1997-08-07,519.76,329.62,80.54,56.99,200.05,367.43,391.56,182.76,422.87,147.79
1997-08-08,310.53,188.56,55.21,31.71,94.11,163.34,207.26,104.64,242.36,117.88
1997-08-09,196.08,128.93,59.76,50.35,91.69,143.48,175.11,107.71,322.36,140.67
1997-08-10,194.52,117.28,65.08,103.57,99.09,117.26,234.07,152.42,293.94,121.4
1997-08-11,180.22,102.74,55.78,78.22,78.06,158.89,299.52,192.04,302.08,121.72
1997-08-12,540.03,155.54,619.2,463.82,95.61,188.81,312.52,184.67,319.5,103.53
1997-08-13,314.63,143.71,144.82,92.47,77.46,128.49,231.32,148.71,240.43,86.15
1997-08-14,188.17,121.61,71.61,47.54,62.76,105.03,190.84,117.44,216.62,66.66
1997-08-15,145.7,97.01,52.44,33.09,51.35,95.8,165.84,100.44,170.84,54.8
1997-08-16,124.67,88.14,42.88,25.12,36.2,56.82,146.61,87.18,172.46,83.38
1997-08-17,106.36,80.66,34.06,21.04,30.54,66.49,118.13,77.5,469.8,203.25
1997-08-18,105.95,86.24,31.14,20.03,29.1,71.06,121.97,133.35,718.32,202.01
1997-08-19,156.54,112.13,47.13,22.72,47.68,94.93,780.7,679.76,1740.98,247.74
1997-08-20,114.18,89.55,31.95,14.97,30.83,100.93,303.1,224.36,634.77,138.15
1997-08-21,106.25,82.01,27.96,13.02,25.98,88.61,204.21,145.92,338.18,88.72
1997-08-22,111.25,75.32,30.11,15.01,25.69,65.7,168.57,110.9,234.58,66.74
1997-08-23,93.33,72.62,27.42,11.46,25.44,61.45,151.04,98.0,182.41,54.69
1997-08-24,84.2,64.38,22.84,9.44,22.16,43.53,111.99,85.61,145.63,46.59
1997-08-25,75.62,63.06,21.37,8.28,20.64,46.5,102.85,81.33,119.79,44.98
1997-08-26,67.35,53.85,19.4,7.66,19.25,37.81,109.87,73.54,126.3,45.9
1997-08-27,65.77,57.22,19.18,7.05,18.61,37.7,89.95,61.42,117.13,38.56
1997-08-28,62.37,50.38,17.49,6.22,17.22,37.6,67.78,55.52,120.63,35.38
1997-08-29,133.85,49.98,17.4,5.8,17.19,38.02,76.94,50.29,89.53,33.25
1997-08-30,91.99,47.53,17.8,19.64,22.38,40.15,70.74,47.04,86.42,32.42
1997-08-31,59.74,40.29,16.37,9.6,20.28,37.59,69.78,42.69,75.41,32.3
1997-09-01,55.3,47.32,15.56,9.34,17.13,41.49,63.52,39.9,82.13,30.58
1997-09-02,56.48,44.23,14.85,9.34,16.13,36.68,60.85,38.4,94.4,30.58
1997-09-03,133.56,47.59,28.52,18.08,33.72,37.71,67.18,39.8,100.84,31.22
1997-09-04,76.92,50.17,23.15,9.99,26.99,43.99,62.23,38.86,82.54,30.53
1997-09-05,66.69,46.14,21.12,7.73,20.57,63.94,89.33,66.48,86.79,39.69
1997-09-06,184.96,51.99,75.93,55.72,65.6,89.47,164.14,97.66,121.59,50.98
1997-09-07,956.98,618.11,532.07,260.75,890.8,191.13,535.47,259.0,121.49,73.26
1997-09-08,575.05,333.08,75.33,43.23,290.38,182.27,566.29,360.18,135.61,53.96
1997-09-09,230.7,139.95,48.28,23.34,86.62,132.47,291.91,177.55,113.56,38.63
1997-09-10,127.42,83.9,36.9,16.34,52.69,109.28,192.22,119.45,72.39,33.49
1997-09-11,109.2,79.54,31.13,13.05,38.79,85.48,162.14,94.73,61.3,31.02
1997-09-12,110.25,86.83,27.67,10.89,31.74,70.9,133.78,82.02,65.72,31.22
1997-09-13,116.73,93.99,25.72,9.91,28.06,46.77,126.16,74.63,120.98,53.73
1997-09-14,122.12,96.38,26.19,11.68,26.84,61.79,116.83,72.58,263.46,215.66
1997-09-15,132.69,111.15,30.47,12.1,31.79,129.92,124.77,86.81,578.33,363.05
1997-09-16,769.94,782.65,162.91,15.87,61.44,1245.62,1889.96,1347.25,4689.79,2028.46
1997-09-17,621.44,389.76,108.18,23.86,57.97,908.98,1072.46,698.4,2001.44,424.03
1997-09-18,282.99,180.98,52.84,14.24,33.42,166.17,438.59,295.26,554.07,206.15
1997-09-19,176.29,149.26,43.07,10.66,26.88,137.61,279.58,189.44,379.5,140.48
1997-09-20,129.2,96.54,33.3,8.67,23.09,120.28,203.81,136.14,274.97,107.46
1997-09-21,105.72,86.3,29.25,7.83,22.67,102.3,176.71,114.22,224.25,89.81
1997-09-22,100.54,84.39,26.58,7.12,21.83,99.28,161.83,101.87,192.88,88.09
1997-09-23,90.61,73.16,24.01,6.68,20.02,86.23,143.08,92.19,163.62,75.41
1997-09-24,87.56,71.77,22.31,6.1,19.37,79.92,123.88,83.93,163.97,68.51
1997-09-25,87.12,69.56,23.68,7.04,21.76,74.39,120.02,80.64,143.52,66.5
1997-09-26,108.72,73.82,31.27,8.59,34.88,80.54,123.72,84.01,133.3,64.32
1997-09-27,96.54,67.84,24.16,7.11,34.78,83.76,109.64,71.4,134.15,60.33
1997-09-28,80.88,61.39,21.69,6.2,33.63,69.32,94.46,62.62,117.97,57.59
1997-09-29,73.82,57.71,20.34,5.42,30.53,73.69,79.68,54.99,109.09,55.64
1997-09-30,67.26,52.64,19.18,5.09,29.52,63.0,74.09,52.58,107.09,55.42
1997-10-01,63.49,47.53,18.83,5.07,29.89,60.71,78.64,49.05,111.46,56.51
1997-10-02,69.35,49.21,22.84,5.12,29.74,60.24,70.17,47.26,131.12,57.71
1997-10-03,70.71,49.69,21.37,5.5,29.0,59.45,74.03,46.96,107.93,54.75
1997-10-04,66.35,44.22,21.63,4.68,28.86,54.43,58.98,43.7,109.03,53.98
1997-10-05,69.34,46.56,31.62,4.65,28.06,60.29,59.26,43.38,99.41,52.58
1997-10-06,67.38,46.08,19.74,4.3,26.52,70.08,59.92,40.99,98.1,49.7
1997-10-07,61.43,44.27,17.83,4.03,25.79,57.05,44.82,37.3,92.16,48.09
1997-10-08,55.61,44.27,17.5,3.95,21.11,55.01,50.88,31.42,77.67,46.34
1997-10-09,55.84,41.67,16.01,3.9,18.89,51.59,43.68,31.13,76.48,45.39
1997-10-10,51.93,40.48,15.53,3.62,18.31,51.44,52.64,31.44,72.12,43.95
1997-10-11,51.28,41.13,14.77,3.9,17.76,53.2,48.85,31.19,77.54,43.41
1997-10-12,48.31,38.21,15.13,3.4,15.69,54.1,48.64,30.92,67.91,42.43
1997-10-13,48.1,41.52,15.24,3.33,18.79,50.45,41.99,30.15,68.29,41.33
1997-10-14,54.81,49.9,23.46,3.39,24.13,49.05,45.29,29.28,73.64,41.18
1997-10-15,64.16,50.29,20.23,3.48,22.87,46.98,57.02,31.21,86.44,45.97
1997-10-16,52.41,43.58,15.16,3.34,23.13,47.48,32.81,29.09,95.05,50.91
1997-10-17,50.66,44.38,14.19,3.11,23.13,46.64,31.86,29.55,83.04,41.09
1997-10-18,47.33,39.02,13.92,2.98,21.78,43.8,38.03,27.15,74.56,39.39
1997-10-19,43.98,38.98,13.25,3.24,20.88,44.24,34.3,23.39,67.67,38.56
1997-10-20,43.57,38.5,12.78,3.22,24.13,43.25,38.63,23.24,62.8,37.91
1997-10-21,43.01,42.08,12.45,3.04,21.44,43.27,35.02,22.75,49.81,37.14
1997-10-22,45.92,42.18,12.38,3.18,21.07,43.44,30.76,21.54,75.62,36.82
1997-10-23,45.52,42.28,12.38,3.2,20.47,47.25,26.37,20.75,59.19,36.5
1997-10-24,44.14,41.27,14.74,3.26,20.41,42.49,20.88,20.65,56.34,35.92
1997-10-25,42.62,40.49,11.86,3.04,19.92,44.32,23.44,17.91,59.14,35.35
1997-10-26,42.11,40.65,11.58,3.0,20.32,42.92,21.13,19.37,53.53,34.34
1997-10-27,43.72,43.1,11.45,2.68,19.07,40.91,22.68,19.8,58.92,33.73
1997-10-28,44.27,42.88,11.08,2.65,19.07,40.06,22.52,18.64,54.39,33.64
1997-10-29,44.49,43.93,10.32,2.72,19.16,37.66,17.52,16.16,54.54,33.3
1997-10-30,44.1,41.37,10.51,2.93,18.95,39.87,17.32,17.34,51.1,32.62
1997-10-31,42.2,42.38,10.51,2.82,17.84,40.48,16.68,17.13,60.26,32.62
1997-11-01,42.74,43.18,9.96,2.56,17.9,37.85,15.83,16.32,52.82,32.54
1997-11-02,42.76,42.42,9.71,2.43,17.61,39.18,15.94,16.26,52.54,31.6
1997-11-03,43.53,44.01,9.52,2.43,17.64,38.72,16.91,16.44,52.52,31.56
1997-11-04,44.07,43.76,9.86,2.52,17.47,40.25,20.54,16.85,54.6,31.27
1997-11-05,43.55,42.32,12.73,2.71,17.62,38.28,18.05,17.46,58.5,31.02
1997-11-06,42.01,42.06,9.36,2.64,17.16,38.06,17.84,15.62,57.05,30.61
1997-11-07,43.03,42.06,9.02,2.47,16.32,38.69,16.58,13.92,55.5,30.61
1997-11-08,41.8,42.47,8.99,2.06,16.1,37.12,16.2,15.3,48.6,30.53
1997-11-09,41.47,42.16,8.9,2.16,16.18,36.46,14.15,14.21,45.91,29.67
1997-11-10,41.21,43.04,8.54,2.04,16.26,37.48,17.81,13.67,52.68,29.75
1997-11-11,42.22,42.82,8.36,2.04,16.32,36.86,18.13,12.51,49.95,29.39
1997-11-12,45.07,43.34,8.87,2.1,16.41,35.14,15.17,12.34,47.13,29.11
1997-11-13,86.62,41.47,40.3,8.16,25.8,42.49,26.63,17.74,63.12,36.07
1997-11-14,56.56,37.26,12.88,3.96,18.96,43.51,26.18,18.48,65.7,29.83
1997-11-15,49.56,36.14,10.91,3.27,17.64,39.84,31.33,17.4,61.27,28.95
1997-11-16,50.22,37.01,10.35,2.76,17.04,37.98,27.33,16.32,52.28,30.08
1997-11-17,54.68,37.81,17.12,3.72,18.64,38.38,23.69,18.76,54.25,35.53
1997-11-18,52.98,38.33,12.07,3.26,17.21,38.23,27.52,18.52,52.06,29.07
1997-11-19,51.22,38.13,10.16,2.65,16.2,35.05,18.94,12.84,51.08,28.0
1997-11-20,51.23,38.54,9.36,2.43,16.18,35.62,20.15,15.04,46.72,27.72
1997-11-21,52.68,40.43,9.72,2.7,16.4,37.42,26.65,16.64,48.45,27.72
1997-11-22,15.58,59.48,40.25,17.88,49.36,64.24,34.26,23.42,47.97,33.83
1997-11-23,76.94,43.33,21.4,7.8,24.19,46.18,39.56,23.08,50.31,28.59
1997-11-24,57.16,38.73,14.09,4.72,19.02,39.24,34.97,17.97,49.9,27.72
1997-11-25,60.3,40.59,12.8,5.35,18.87,39.57,27.54,19.12,52.32,29.46
1997-11-26,520.28,254.28,167.77,62.33,296.78,240.84,237.23,146.85,167.31,108.79
1997-11-27,245.68,148.17,43.71,16.45,72.2,117.41,172.8,82.33,124.96,41.02
1997-11-28,161.34,108.6,26.55,8.81,41.87,62.62,90.75,64.6,106.9,36.64
1997-11-29,136.59,69.48,41.7,11.58,41.12,60.03,81.63,64.03,106.53,42.53
1997-11-30,111.77,67.4,39.51,11.97,37.26,51.17,66.22,46.07,66.52,33.65
1997-12-01,98.67,67.37,28.08,8.42,31.75,49.72,59.58,37.78,93.98,31.44
1997-12-02,109.51,74.9,29.1,7.75,30.65,43.0,60.85,39.76,46.08,30.49
1997-12-03,95.89,62.44,21.82,6.0,27.6,45.58,53.47,37.07,46.08,29.59
1997-12-04,89.75,61.14,18.61,5.1,26.42,38.86,45.76,34.04,46.08,28.67
1997-12-05,85.39,57.82,16.62,4.61,25.41,39.36,38.16,27.2,42.1,28.55
1997-12-06,84.08,58.13,15.52,4.17,24.53,35.71,32.14,24.3,32.4,27.72
1997-12-07,136.81,67.18,43.5,23.95,29.92,40.33,38.01,24.42,38.62,28.77
1997-12-08,142.8,75.41,52.9,24.42,35.37,42.17,39.01,25.91,57.0,28.32
1997-12-09,113.66,66.07,34.61,14.76,28.18,41.46,42.26,29.4,46.62,27.1
1997-12-10,91.06,52.4,26.44,9.54,26.0,38.32,38.13,28.82,46.27,26.79
1997-12-11,84.41,50.5,24.48,8.31,24.9,36.58,30.86,28.74,49.42,26.56
1997-12-12,79.85,48.51,21.97,7.26,25.04,37.43,31.35,28.74,44.59,26.1
1997-12-13,78.35,48.99,18.14,5.93,23.67,37.35,30.58,26.55,44.6,25.87
1997-12-14,76.31,47.95,16.86,5.52,22.99,32.3,24.83,24.64,48.3,25.83
1997-12-15,73.05,46.71,15.84,4.96,22.82,34.63,24.8,23.29,53.31,25.53
1997-12-16,71.44,43.1,15.08,4.46,22.4,35.15,25.06,23.43,43.35,25.38
1997-12-17,57.09,38.18,16.05,4.8,32.27,36.45,33.13,24.58,43.44,29.44
1997-12-18,84.47,48.2,25.04,4.96,23.94,37.82,31.79,23.51,46.74,26.22
1997-12-19,66.93,44.88,16.79,4.07,21.44,37.21,28.7,22.52,38.32,25.72
1997-12-20,107.85,65.48,27.14,20.07,28.07,38.02,32.06,27.3,55.5,34.24
1997-12-21,115.63,76.37,22.81,16.28,27.82,37.59,45.81,28.42,52.86,30.33
1997-12-22,99.67,67.3,17.5,9.58,23.14,42.06,42.4,30.98,54.68,34.6
1997-12-23,79.3,46.2,16.04,7.33,21.92,49.31,63.63,33.01,99.11,36.17
1997-12-24,78.87,58.45,15.12,6.0,21.37,40.59,43.29,30.61,55.13,29.55
1997-12-25,78.14,56.06,14.12,5.2,21.06,37.52,35.32,24.88,53.73,27.88
1997-12-26,86.29,64.43,13.44,4.57,20.83,35.46,34.38,20.26,55.8,27.22
1997-12-27,84.84,65.57,12.96,4.2,20.63,34.76,32.32,25.74,50.91,26.29
1997-12-28,70.75,43.57,12.38,4.16,20.33,36.89,36.41,27.0,59.7,25.87
1997-12-29,68.62,48.36,12.84,4.57,22.37,38.65,36.44,28.46,61.46,26.63
1997-12-30,120.19,79.73,35.44,12.01,50.86,69.55,95.75,62.83,160.33,76.76
1997-12-31,89.42,55.48,17.6,6.45,27.28,53.43,63.13,49.12,62.08,32.88
1998-01-01,75.99,51.7,15.75,6.04,24.01,46.05,56.44,43.94,70.2,31.28
1998-01-02,73.32,50.75,14.57,5.68,22.46,48.57,50.06,41.3,81.64,28.52
1998-01-03,68.33,46.83,13.54,5.06,21.68,42.75,46.22,36.94,70.3,27.17
1998-01-04,146.12,86.43,45.08,17.86,33.92,37.73,47.89,30.21,56.02,27.05
1998-01-05,121.25,83.08,23.61,11.51,26.34,37.94,42.66,29.35,64.4,26.25
1998-01-06,110.61,80.45,18.87,8.48,23.06,35.41,38.76,25.15,65.25,25.9
1998-01-07,104.08,78.49,16.49,6.67,21.71,33.13,40.26,22.07,55.16,25.34
1998-01-08,131.41,80.8,47.67,13.2,23.37,36.55,43.56,24.0,63.41,32.76
1998-01-09,143.1,94.25,48.35,19.56,26.42,38.5,57.14,34.86,65.31,27.7
1998-01-10,131.02,90.75,32.09,14.23,24.06,34.74,61.41,32.75,51.32,25.9
1998-01-11,155.3,100.31,50.17,20.56,36.58,62.8,85.01,53.67,116.61,82.65
1998-01-12,199.69,147.85,55.54,25.46,39.96,73.83,167.9,84.1,197.26,66.22
1998-01-13,168.72,121.47,42.33,16.1,29.67,54.09,138.7,68.51,114.68,40.96
1998-01-14,272.2,166.55,93.86,43.19,60.75,61.4,143.61,82.48,206.95,51.86
1998-01-15,535.72,372.74,369.25,114.46,97.78,77.82,187.55,116.73,323.44,124.74
1998-01-16,374.16,281.45,96.82,40.05,59.4,63.04,188.56,104.93,243.27,65.66
1998-01-17,228.16,152.76,60.33,24.04,40.25,52.85,159.7,86.8,187.98,52.81
1998-01-18,229.19,145.87,78.77,34.89,40.28,49.27,140.52,87.58,165.15,60.1
1998-01-19,180.11,115.35,55.23,23.7,32.97,49.91,107.14,68.08,114.92,44.56
1998-01-20,143.18,93.85,45.24,16.29,31.07,52.87,90.54,56.22,96.13,40.56
1998-01-21,130.67,88.14,40.0,13.1,30.95,48.85,80.01,52.74,91.08,38.3
1998-01-22,119.86,79.31,32.92,10.91,29.23,50.8,71.89,52.55,96.78,40.22
1998-01-23,116.98,70.18,38.07,9.9,33.7,81.14,89.42,53.96,168.29,77.32
1998-01-24,111.79,70.13,32.65,8.68,31.93,81.48,71.78,47.89,139.15,49.92
1998-01-25,105.89,64.35,27.1,7.43,28.52,61.0,61.99,45.81,115.59,43.83
1998-01-26,97.49,61.13,25.16,7.22,27.44,54.11,57.77,42.03,90.32,40.46
1998-01-27,90.01,59.42,23.52,7.1,26.27,49.22,53.89,41.12,73.04,38.2
1998-01-28,89.48,58.32,22.5,6.53,25.13,46.15,55.52,34.33,80.7,38.97
1998-01-29,88.71,58.3,26.96,5.77,21.38,44.07,46.38,37.1,80.34,35.8
1998-01-30,84.21,56.56,22.69,5.62,23.3,42.34,42.18,34.04,69.29,34.38
1998-01-31,82.87,56.32,20.55,5.21,22.89,44.97,39.61,36.82,72.47,33.12
1998-02-01,77.55,49.28,19.33,5.13,22.46,52.09,43.4,35.54,62.69,34.51
1998-02-02,78.97,56.31,18.48,5.27,22.05,49.53,38.51,41.98,63.02,32.78
1998-02-03,78.97,53.16,17.99,4.8,21.64,58.89,36.95,35.86,56.33,31.97
1998-02-04,78.17,53.58,17.37,4.76,21.68,61.23,33.53,35.23,42.71,30.84
1998-02-05,75.26,51.92,17.13,4.56,20.94,65.65,37.35,34.1,38.75,29.97
1998-02-06,75.07,53.37,16.33,4.35,20.8,62.25,30.08,33.21,41.77,29.44
1998-02-07,74.58,50.98,15.94,4.13,20.44,58.95,32.88,31.75,42.17,28.95
1998-02-08,66.91,43.37,16.49,4.12,20.37,45.56,31.78,31.48,37.78,28.0
1998-02-09,65.3,48.97,14.68,3.75,19.88,45.39,30.44,30.46,40.9,27.29
1998-02-10,71.12,49.13,16.59,3.78,19.75,45.47,30.58,27.93,51.47,28.0
1998-02-11,63.7,42.2,14.82,3.64,19.43,35.7,29.12,24.83,77.68,27.09
1998-02-12,63.91,46.34,14.6,3.6,19.53,37.04,31.65,25.94,42.18,27.01
1998-02-13,66.49,48.56,14.31,4.02,19.3,30.86,34.06,25.32,44.94,26.52
1998-02-14,82.36,58.27,15.77,4.39,34.86,128.5,71.88,49.1,101.32,66.86
1998-02-15,98.58,68.7,25.22,5.74,35.86,74.33,92.39,55.52,74.35,36.22
1998-02-16,85.92,63.46,16.26,4.04,25.11,58.51,68.46,46.0,62.62,30.38
1998-02-17,80.21,59.71,14.68,3.88,21.98,45.09,54.65,41.88,56.65,29.12
1998-02-18,73.73,54.82,13.54,3.47,20.77,40.01,41.4,38.61,47.01,27.76
1998-02-19,74.29,56.5,13.52,3.54,20.44,48.24,49.71,37.42,86.24,30.11
1998-02-20,104.37,71.34,24.09,5.8,32.85,105.98,83.61,66.88,275.76,135.91
1998-02-21,94.4,67.32,20.63,5.11,27.0,87.4,93.37,68.28,224.34,70.43
1998-02-22,83.26,62.29,16.61,4.3,22.61,73.35,85.45,65.8,153.45,56.32
1998-02-23,88.25,53.24,26.57,7.69,22.86,71.02,73.47,64.74,206.58,66.63
1998-02-24,139.62,81.02,60.88,31.0,40.18,78.24,88.54,73.02,385.04,108.98
1998-02-25,121.26,83.86,33.22,14.57,29.41,76.07,88.96,69.35,199.19,65.6
1998-02-26,103.43,73.6,28.55,13.36,25.06,64.82,93.24,58.65,150.19,56.7
1998-02-27,94.56,68.19,23.59,9.45,22.5,58.51,55.16,40.7,94.06,48.13
1998-02-28,90.12,64.63,20.9,8.03,22.2,52.12,41.71,36.18,97.29,42.74
1998-03-01,84.77,60.77,21.27,7.02,20.21,50.31,41.94,37.24,73.8,39.56
1998-03-02,79.86,57.44,17.95,5.88,19.5,49.83,49.38,36.77,67.47,37.29
1998-03-03,75.76,55.19,16.69,5.32,19.24,47.46,38.03,34.21,59.3,35.75
1998-03-04,79.76,60.26,15.94,5.04,18.26,42.89,34.1,29.92,63.7,35.35
1998-03-05,89.48,70.61,19.0,5.59,26.37,90.53,88.14,56.14,135.41,72.0
1998-03-06,89.95,67.76,16.46,4.86,21.24,88.93,59.06,45.56,117.5,43.25
1998-03-07,81.54,62.78,15.21,4.32,18.7,58.85,50.64,39.12,98.35,38.44
1998-03-08,75.22,56.91,14.23,3.98,17.67,55.86,55.04,36.02,97.54,36.51
1998-03-09,76.69,57.82,14.05,4.27,18.01,62.5,44.35,37.02,101.64,44.31
1998-03-10,84.24,59.75,23.37,5.35,20.96,83.99,65.62,42.8,156.22,60.46
1998-03-11,91.25,67.18,24.43,8.11,22.32,99.5,87.41,49.76,185.18,73.36
1998-03-12,103.48,65.4,35.62,7.26,24.44,86.45,78.39,49.19,133.57,55.01
1998-03-13,70.93,45.49,22.48,6.17,20.35,67.81,81.28,49.44,115.92,47.92
1998-03-14,79.21,67.07,19.38,5.54,19.43,59.93,64.05,46.83,85.66,43.76
1998-03-15,91.77,70.41,22.5,5.93,23.82,55.61,65.89,45.22,73.37,44.5
1998-03-16,85.34,68.46,17.29,4.45,19.08,53.41,54.66,41.24,69.84,38.67
1998-03-17,84.91,68.48,16.09,4.16,18.35,48.11,42.12,39.64,68.22,36.92
1998-03-18,85.5,70.04,15.24,3.68,18.17,42.13,50.22,34.16,73.12,35.17
1998-03-19,87.07,71.32,15.34,4.04,18.08,43.18,43.72,32.36,90.79,34.12
1998-03-20,199.77,92.95,76.92,37.62,49.47,101.32,94.65,68.48,139.28,54.97
1998-03-21,131.53,84.25,40.26,17.6,39.34,107.33,108.27,67.98,90.25,40.6
1998-03-22,119.12,86.53,26.74,10.84,28.93,77.16,70.52,55.67,66.89,36.24
1998-03-23,111.24,84.45,21.37,8.07,25.06,76.41,60.75,51.53,59.4,34.6
1998-03-24,106.2,81.69,19.5,7.0,21.29,59.72,68.55,48.86,64.72,33.9
1998-03-25,104.94,80.49,18.06,6.62,21.67,56.82,57.01,42.53,71.31,34.04
1998-03-26,105.98,83.83,18.4,5.97,19.21,50.2,47.92,40.28,63.51,32.27
1998-03-27,213.06,102.74,57.18,35.76,36.72,53.4,48.59,45.94,72.9,35.35
1998-03-28,152.18,95.09,35.18,20.07,37.49,59.21,54.63,44.41,71.18,32.91
1998-03-29,131.29,90.46,25.71,12.22,26.67,47.74,52.97,39.12,56.66,31.22
1998-03-30,121.23,88.92,22.12,9.27,22.75,52.19,36.36,37.24,59.86,29.97
1998-03-31,118.89,89.36,20.82,8.08,21.75,46.25,51.68,37.6,58.98,29.56
1998-04-01,235.67,103.66,204.08,78.47,30.09,46.59,64.18,49.29,76.52,34.7
1998-04-02,308.77,159.83,252.55,67.8,40.61,55.27,61.65,51.56,73.64,38.05
1998-04-03,182.71,112.44,66.41,27.15,32.57,53.77,66.5,44.24,58.95,29.77
1998-04-04,152.89,100.44,46.9,16.1,28.1,46.53,57.24,41.2,59.32,28.59
1998-04-05,141.51,98.64,37.44,12.2,25.57,40.93,42.89,37.64,50.19,28.2
1998-04-06,164.05,102.51,41.74,17.38,34.24,139.82,117.1,68.64,144.74,89.19
1998-04-07,150.87,102.27,34.59,1.55,29.12,95.49,88.68,58.91,99.17,38.97
1998-04-08,143.31,102.18,31.64,10.67,30.91,78.42,95.65,65.98,80.13,40.13
1998-04-09,171.35,100.39,47.61,17.76,62.91,70.2,168.6,111.93,83.58,35.31
1998-04-10,226.99,151.47,48.85,19.89,92.95,64.38,174.96,111.8,72.31,32.74
1998-04-11,176.22,122.15,35.68,14.22,52.2,64.59,172.4,95.2,66.6,31.8
1998-04-12,159.58,113.97,30.44,12.0,41.6,61.6,144.3,91.13,69.25,33.64
1998-04-13,256.12,141.98,47.48,44.85,133.26,144.97,317.07,178.45,193.99,87.92
1998-04-14,252.95,150.73,59.91,35.59,101.29,145.32,316.98,189.38,221.19,102.36
1998-04-15,203.77,135.61,39.93,19.05,59.08,120.75,227.26,146.96,160.05,61.41
1998-04-16,176.35,120.64,32.22,13.35,46.69,102.2,176.46,115.97,123.42,49.55
1998-04-17,160.45,111.14,29.47,10.73,39.52,85.3,166.93,99.04,123.36,43.62
1998-04-18,157.41,105.47,38.58,9.45,36.92,69.45,122.23,85.28,107.4,39.8
1998-04-19,143.66,100.3,27.1,7.5,31.16,49.31,120.83,76.69,101.29,36.88
1998-04-20,130.48,92.26,24.48,6.64,28.06,61.95,103.49,70.46,96.1,34.82
1998-04-21,122.85,87.36,23.0,6.26,26.27,59.37,104.61,66.25,85.26,33.21
1998-04-22,140.96,89.72,58.21,9.18,28.23,65.07,85.86,63.96,85.97,32.95
1998-04-23,208.21,100.22,72.04,25.32,40.69,339.71,218.35,151.66,228.56,128.93
1998-04-24,198.55,103.94,54.29,36.23,125.6,1475.86,1435.13,648.09,1619.68,673.93
1998-04-25,163.07,104.18,40.04,19.84,66.0,513.45,482.02,282.8,870.93,302.84
1998-04-26,150.54,102.58,32.5,12.97,45.97,209.31,268.05,183.39,381.21,176.14
1998-04-27,143.45,101.0,27.97,9.9,37.48,162.46,199.49,142.49,249.97,100.87
1998-04-28,132.82,93.63,25.16,8.1,32.46,152.25,171.55,118.75,201.66,72.39
1998-04-29,109.24,66.73,22.91,7.23,29.75,142.27,150.92,98.28,166.16,69.65
1998-04-30,100.22,66.01,20.72,6.39,28.11,137.16,159.69,97.58,180.24,56.63
1998-05-01,98.89,66.76,19.85,5.83,34.78,132.47,119.49,84.55,145.36,48.45
1998-05-02,159.97,73.4,30.4,21.46,47.62,106.65,142.5,107.17,141.64,63.34
1998-05-03,212.65,132.88,45.61,26.25,125.15,127.72,384.07,231.05,383.32,140.12
1998-05-04,149.79,104.42,25.34,12.81,58.15,116.58,250.72,156.46,233.24,71.74
1998-05-05,134.67,96.15,21.05,9.25,45.69,99.6,191.18,126.35,176.64,61.75
1998-05-06,136.96,100.06,19.81,9.33,41.26,106.05,179.9,117.38,153.6,55.37
1998-05-07,178.24,102.26,41.77,29.55,59.32,197.33,270.37,154.86,174.33,73.95
1998-05-08,200.75,104.59,59.97,32.63,61.75,214.59,274.88,145.86,205.26,74.14
1998-05-09,170.06,104.58,40.73,23.93,58.32,168.29,248.69,141.42,147.56,54.46
1998-05-10,158.33,104.18,28.81,16.16,43.32,125.59,199.82,123.14,143.91,47.76
1998-05-11,283.5,142.27,225.78,68.98,56.91,93.62,181.17,116.82,124.77,43.96
1998-05-12,551.04,318.52,435.9,115.81,110.7,169.95,496.01,323.36,146.47,60.57
1998-05-13,493.04,331.12,131.09,55.29,163.33,185.68,421.4,258.42,239.15,58.98
1998-05-14,315.16,198.8,66.9,30.22,80.31,187.42,300.54,199.66,213.12,90.96
1998-05-15,233.72,154.9,49.17,22.87,65.11,175.38,259.98,173.91,214.92,72.57
1998-05-16,293.08,155.9,66.22,37.51,87.6,209.12,280.65,191.5,528.0,201.04
1998-05-17,243.48,148.39,51.12,26.9,70.99,194.88,293.75,186.51,333.2,115.38
1998-05-18,195.91,120.99,42.63,19.43,54.66,177.89,233.17,156.88,240.62,99.38
1998-05-19,178.26,114.67,35.96,14.1,42.23,150.66,191.65,128.36,174.53,69.36
1998-05-20,161.34,109.08,29.56,11.02,34.83,142.55,172.27,111.98,177.41,56.36
1998-05-21,158.15,109.32,24.73,9.32,32.87,127.27,156.26,99.47,154.55,48.4
1998-05-22,147.32,107.84,20.3,8.54,29.57,121.1,126.46,89.47,130.16,44.01
1998-05-23,140.86,97.47,20.94,7.46,31.27,122.7,113.37,80.96,123.44,44.66
1998-05-24,138.81,99.9,21.35,6.83,30.34,79.59,107.14,76.11,158.26,62.09
1998-05-25,137.67,99.44,21.35,6.28,28.22,83.96,100.58,73.52,147.78,47.33
1998-05-26,133.78,96.73,19.82,5.96,20.94,79.88,85.64,64.45,121.28,38.07
1998-05-27,121.66,87.48,16.41,5.64,20.26,54.09,78.32,56.07,104.05,33.09
1998-05-28,118.14,85.71,14.94,5.07,17.05,76.41,76.35,56.91,105.05,34.94
1998-05-29,118.84,84.08,17.43,5.68,22.32,88.52,75.7,66.74,154.05,67.08
1998-05-30,125.81,89.08,20.79,6.25,24.85,61.87,96.91,69.34,98.97,37.01
1998-05-31,107.44,78.66,14.71,4.66,15.71,66.57,81.55,52.16,93.48,27.99
1998-06-01,95.77,70.1,10.23,3.95,14.03,60.96,69.76,41.25,83.9,23.09
1998-06-02,308.62,226.76,101.97,29.73,175.17,163.71,523.97,335.36,398.67,158.33
1998-06-03,380.58,287.21,50.28,19.31,141.52,318.96,539.98,315.04,480.17,119.88
1998-06-04,254.71,202.78,21.25,8.32,43.39,170.97,223.28,160.3,220.21,54.58
1998-06-05,147.41,108.47,17.86,6.46,35.95,130.88,160.68,127.62,193.59,51.81
1998-06-06,128.44,94.61,17.78,6.71,30.51,113.87,145.1,108.82,166.01,41.52
1998-06-07,118.58,90.3,17.3,5.08,23.03,80.14,129.1,99.52,129.57,32.67
1998-06-08,109.21,83.1,16.02,4.57,20.19,89.44,103.05,85.62,121.55,30.29
1998-06-09,178.42,125.66,60.96,20.46,63.06,414.94,281.13,176.06,611.49,282.48
1998-06-10,218.81,158.48,42.02,26.29,47.5,404.56,323.75,178.92,660.24,186.56
1998-06-11,135.01,96.71,26.03,12.36,24.95,156.36,175.24,120.49,292.59,88.06
1998-06-12,103.78,77.98,19.34,9.08,18.86,115.78,144.97,102.63,224.18,61.83
1998-06-13,372.57,349.86,108.79,85.96,247.12,885.36,1272.94,735.6,959.06,325.72
1998-06-14,303.48,229.52,50.54,36.09,94.13,542.16,657.06,419.63,926.07,254.36
1998-06-15,251.08,197.33,52.7,20.82,71.07,246.93,396.2,276.22,447.09,157.45
1998-06-16,164.42,129.9,30.22,12.12,43.9,168.65,254.12,187.56,306.2,104.04
1998-06-17,114.85,95.06,23.0,9.31,31.03,143.64,193.87,147.61,224.06,75.0
1998-06-18,96.81,83.48,19.76,8.89,22.09,118.01,163.83,126.72,195.8,66.95
1998-06-19,1040.76,878.65,534.89,139.8,674.56,753.43,1225.94,781.6,764.94,273.74
1998-06-20,709.78,457.02,109.93,48.96,232.8,334.68,676.27,439.91,492.01,162.52
1998-06-21,855.48,520.33,467.26,223.31,332.75,1034.7,1145.06,735.03,1221.06,478.12
1998-06-22,685.27,488.63,143.7,107.94,452.79,1313.63,1617.57,983.4,1550.5,418.91
1998-06-23,678.79,406.07,196.03,70.54,297.51,1117.09,1722.82,1077.71,1000.64,240.27
1998-06-24,897.74,569.42,300.32,162.99,415.49,522.08,912.37,596.12,618.49,166.05
1998-06-25,499.17,488.12,114.63,59.88,173.73,310.48,520.47,372.78,391.61,132.16
1998-06-26,438.41,233.7,102.38,122.79,121.56,217.65,344.87,256.7,294.23,96.42
1998-06-27,306.56,181.77,74.53,52.39,85.03,179.7,255.34,201.09,231.06,74.42
1998-06-28,240.84,147.94,59.01,35.02,70.59,129.09,203.69,162.52,193.47,64.82
1998-06-29,193.95,123.11,51.26,23.03,63.09,129.35,175.76,140.35,181.28,57.34
1998-06-30,181.73,115.1,43.3,20.46,149.7,138.86,168.02,136.0,164.85,51.49
1998-07-01,194.96,124.22,40.3,19.77,91.91,104.71,164.16,117.58,136.03,48.06
1998-07-02,415.74,373.42,38.46,18.3,413.46,96.08,156.86,102.32,123.58,41.6
1998-07-03,273.47,191.0,28.65,12.56,142.09,91.74,139.4,87.3,122.43,37.34
1998-07-04,185.35,132.7,24.84,11.11,85.16,87.71,122.05,74.77,111.16,34.65
1998-07-05,153.65,108.66,22.6,9.76,66.7,66.78,114.99,67.64,90.34,32.66
1998-07-06,131.67,97.89,21.85,9.09,53.6,76.1,100.59,62.99,99.98,29.9
1998-07-07,120.54,81.62,20.49,7.88,44.93,65.16,93.51,57.49,97.94,27.88
1998-07-08,109.96,77.79,18.34,7.31,38.33,68.0,87.49,54.47,90.46,26.74
1998-07-09,102.01,67.44,17.62,6.78,31.78,63.75,84.3,51.65,89.66,26.25
1998-07-10,97.26,66.86,16.56,6.55,30.1,59.35,82.51,49.38,92.36,25.56
1998-07-11,95.57,64.18,17.71,7.0,31.4,57.27,72.03,48.6,91.36,25.68
1998-07-12,227.53,147.57,38.94,13.15,88.9,58.57,95.68,63.63,98.55,25.15
1998-07-13,135.02,78.94,24.16,8.04,47.41,70.25,93.61,59.92,83.52,24.96
1998-07-14,100.66,64.37,17.5,6.22,27.49,62.96,77.48,48.97,77.68,24.42
1998-07-15,109.94,73.64,22.7,11.62,41.31,77.69,67.19,52.91,98.04,32.66
1998-07-16,140.97,78.21,47.61,11.0,44.89,115.15,97.28,52.19,105.7,41.81
1998-07-17,179.84,92.82,34.71,7.26,43.57,105.7,90.42,68.91,107.67,36.26
1998-07-18,103.69,77.26,20.75,7.26,27.13,159.62,119.31,76.42,92.04,34.86
1998-07-19,150.27,87.62,36.79,8.39,47.56,126.04,86.96,62.84,131.98,58.16
1998-07-20,116.51,74.46,22.92,7.49,27.88,76.48,84.93,51.38,81.43,36.13
1998-07-21,138.91,63.24,31.74,10.5,26.75,70.06,84.79,47.41,85.3,29.99
1998-07-22,115.54,66.24,24.79,8.69,34.13,65.75,94.53,51.87,72.66,31.53
1998-07-23,132.05,65.12,19.6,6.63,25.03,60.47,71.81,47.18,83.17,26.64
1998-07-24,126.65,53.4,20.27,6.57,35.79,69.27,58.16,43.03,94.6,24.85
1998-07-25,127.06,71.64,16.56,9.94,47.93,146.97,87.37,61.68,118.48,69.88
1998-07-26,136.89,68.86,25.99,73.13,61.33,244.6,191.87,111.13,255.73,121.32
1998-07-27,127.99,63.99,21.2,22.42,54.61,169.86,167.23,93.35,120.06,43.59
1998-07-28,123.76,63.97,22.03,13.8,40.54,138.93,156.56,77.61,87.62,30.75
1998-07-29,149.61,62.08,18.86,10.62,37.38,95.95,119.72,65.35,74.28,25.68
1998-07-30,133.76,59.92,16.73,8.25,46.6,77.01,99.04,56.4,70.8,22.95
1998-07-31,89.69,52.65,12.28,7.06,37.13,107.64,116.34,70.38,76.24,28.42
1998-08-01,84.9,45.88,12.1,6.66,36.89,133.69,130.88,63.38,74.81,23.77
1998-08-02,93.42,44.2,19.71,5.96,28.69,74.89,99.7,51.59,58.78,22.52
1998-08-03,71.09,39.52,14.34,5.8,20.37,85.25,83.56,48.14,64.69,20.42
1998-08-04,55.07,35.5,10.08,4.67,12.58,68.26,67.45,46.14,60.84,16.5
1998-08-05,45.84,35.48,8.91,3.91,5.29,60.39,60.29,41.86,56.27,13.66
1998-08-06,47.17,38.12,12.69,3.68,5.48,50.2,49.78,39.12,53.4,11.18
1998-08-07,49.45,36.99,13.08,3.47,5.2,47.26,50.99,37.23,51.27,11.0
1998-08-08,47.8,36.18,9.23,3.59,5.24,45.32,46.23,35.78,63.5,10.58
1998-08-09,88.55,36.49,9.59,3.6,7.0,40.52,53.75,35.31,51.3,11.23
1998-08-10,95.44,35.25,9.65,4.01,7.04,47.81,55.31,33.63,61.62,10.68
1998-08-11,69.68,31.95,11.29,3.55,7.14,42.33,54.94,31.44,57.88,10.3
1998-08-12,51.38,31.92,9.05,3.56,6.44,42.47,43.1,29.39,52.67,10.08
1998-08-13,46.95,31.23,10.06,3.26,6.66,41.77,43.28,28.78,50.17,9.62
1998-08-14,83.0,31.48,35.59,21.33,7.05,40.17,44.08,28.28,46.12,9.6
1998-08-15,57.15,30.39,18.35,8.96,8.04,43.86,42.34,27.9,44.8,10.75
1998-08-16,48.58,31.48,11.08,5.03,7.29,44.13,43.89,27.41,40.47,10.42
1998-08-17,213.83,42.96,38.44,10.47,15.6,52.43,42.02,26.58,49.26,10.01
1998-08-18,137.99,39.72,27.45,10.03,36.28,42.47,42.18,28.59,42.37,9.2
1998-08-19,66.08,28.62,15.04,6.33,34.13,53.65,44.89,29.16,43.83,9.18
1998-08-20,55.31,29.93,12.06,4.77,16.74,43.75,48.4,25.74,44.45,9.25
1998-08-21,50.34,28.95,9.92,4.06,9.05,39.56,41.27,23.78,47.34,11.64
1998-08-22,46.8,30.05,8.97,4.16,7.55,38.88,36.84,23.99,53.99,11.46
1998-08-23,52.1,30.14,8.88,3.78,7.15,46.83,39.02,29.0,59.56,20.57
1998-08-24,68.2,29.56,9.62,6.61,13.21,57.92,35.44,29.66,89.22,17.36
1998-08-25,53.48,29.44,9.9,5.0,11.62,90.96,49.79,29.75,60.3,15.36
1998-08-26,49.46,30.14,7.9,3.62,6.52,54.32,44.93,25.26,56.49,11.21
1998-08-27,47.48,31.0,7.48,3.38,5.42,47.75,32.52,22.69,47.32,10.2
1998-08-28,45.56,30.23,8.2,3.19,5.56,39.85,35.8,22.09,45.85,22.59
1998-08-29,43.73,32.19,7.71,2.99,5.71,43.96,34.92,22.38,66.83,15.21
1998-08-30,47.59,32.42,7.6,2.84,5.11,42.77,35.05,23.49,33.53,11.56
1998-08-31,46.48,31.81,7.13,2.71,4.26,43.59,37.37,25.37,44.16,11.66
1998-09-01,46.15,31.22,7.66,2.56,4.97,40.36,30.62,23.66,44.56,12.13
1998-09-02,45.19,30.05,7.57,2.59,5.22,37.96,29.4,22.7,44.47,11.45
1998-09-03,43.2,29.74,7.02,2.17,3.82,37.21,33.01,20.99,47.32,9.11
1998-09-04,41.82,29.71,6.8,2.21,3.4,33.87,27.62,19.9,54.18,8.77
1998-09-05,41.34,29.44,6.47,2.18,3.3,31.02,26.93,19.81,58.46,9.36
1998-09-06,44.32,31.56,6.69,2.27,4.92,60.22,37.45,24.55,86.45,46.7
1998-09-07,46.89,31.38,7.45,2.27,6.14,82.96,35.24,26.81,116.6,34.42
1998-09-08,43.06,29.9,6.86,2.08,3.97,44.97,29.83,21.26,81.97,13.82
1998-09-09,41.52,29.62,6.47,2.09,3.18,39.49,29.06,19.29,61.18,10.81
1998-09-10,45.13,29.87,6.47,1.93,4.82,36.37,25.16,17.97,56.88,9.92
1998-09-11,40.48,29.9,6.26,1.94,4.37,33.43,22.68,17.52,52.75,9.78
1998-09-12,40.12,29.71,5.92,2.37,3.48,34.09,24.7,16.51,62.29,9.68
1998-09-13,40.18,29.47,6.23,2.1,2.88,33.71,21.59,16.73,40.87,9.31
1998-09-14,40.56,29.04,6.21,1.88,2.61,39.85,20.97,16.3,42.96,9.16
1998-09-15,42.85,28.96,7.32,1.87,4.2,36.85,21.17,19.59,70.72,17.47
1998-09-16,41.3,28.86,8.9,2.17,4.84,44.78,32.72,24.4,69.05,13.52
1998-09-17,44.08,30.7,10.86,2.29,4.08,35.53,32.08,19.91,47.88,10.95
1998-09-18,45.98,30.95,8.32,2.26,4.1,33.73,25.16,20.19,98.65,39.06
1998-09-19,47.6,29.74,8.2,2.12,5.75,53.67,30.94,23.59,106.51,33.79
1998-09-20,45.07,31.24,7.51,1.84,6.25,40.68,29.94,21.35,96.72,28.58
1998-09-21,43.58,30.17,6.69,1.8,4.15,38.88,24.61,21.63,151.29,23.33
1998-09-22,43.24,31.19,7.02,1.81,4.12,38.45,26.72,19.5,86.12,19.0
1998-09-23,43.75,31.16,7.25,1.8,5.48,35.34,24.13,18.65,68.36,18.22
1998-09-24,132.26,34.03,84.74,25.52,14.85,44.87,33.83,20.11,76.22,19.68
1998-09-25,91.33,27.35,38.35,19.04,21.49,48.67,30.52,30.73,75.39,25.12
1998-09-26,63.41,26.23,16.02,8.77,22.59,45.66,54.88,28.62,105.9,27.47
1998-09-27,75.42,41.94,15.6,8.85,48.66,47.29,31.71,21.94,96.34,32.06
1998-09-28,110.6,60.79,13.07,4.92,37.12,41.6,33.59,19.99,68.77,23.6
1998-09-29,67.76,30.86,14.54,4.22,26.74,41.26,28.99,18.68,127.15,25.37
1998-09-30,61.02,30.23,13.91,4.77,24.91,53.92,30.13,24.81,144.88,43.26
1998-10-01,70.57,29.45,15.3,6.68,28.19,55.4,41.28,28.52,166.08,40.16
1998-10-02,61.51,30.73,21.56,7.36,24.9,46.09,32.5,21.24,104.15,27.43
1998-10-03,54.27,30.14,17.77,4.53,20.51,42.42,27.0,18.77,84.99,23.2
1998-10-04,55.14,29.74,12.42,4.16,18.99,40.41,20.07,17.08,75.98,20.38
1998-10-05,51.26,29.83,22.54,3.13,16.03,40.76,14.06,17.92,83.64,19.45
1998-10-06,52.34,29.01,12.34,2.9,15.83,43.67,21.82,28.64,92.54,19.27
1998-10-07,106.42,43.27,45.16,35.47,22.65,96.66,96.18,61.56,150.89,77.22
1998-10-08,72.09,34.51,26.26,11.02,17.54,62.0,47.19,37.82,117.66,26.98
1998-10-09,53.74,28.89,16.16,6.36,15.51,53.5,23.24,28.27,69.68,21.72
1998-10-10,47.71,28.95,12.92,5.02,14.94,42.74,27.22,27.73,63.21,19.28
1998-10-11,47.53,29.38,11.54,4.2,14.3,39.66,23.92,26.32,62.27,18.4
1998-10-12,90.09,63.52,30.73,6.86,37.74,45.07,34.93,30.22,269.36,39.42
1998-10-13,97.57,47.81,23.12,8.08,29.82,43.2,37.49,30.66,272.86,37.06
1998-10-14,60.85,34.31,14.8,9.16,26.84,47.71,25.05,22.16,130.86,27.66
1998-10-15,64.82,34.12,21.26,9.79,40.3,61.61,30.69,22.92,144.93,43.04
1998-10-16,72.79,36.82,18.4,8.58,32.89,268.7,102.56,63.01,246.26,90.94
1998-10-17,281.03,272.5,166.36,86.24,147.12,569.31,608.71,324.87,1087.17,346.44
1998-10-18,477.56,265.24,117.3,48.0,123.82,363.44,574.66,334.6,1128.0,234.64
1998-10-19,168.54,94.92,42.27,17.82,38.76,195.11,213.67,152.63,355.41,98.8
1998-10-20,106.52,74.02,27.55,11.19,27.64,142.13,157.64,108.04,233.78,70.25
1998-10-21,112.98,80.3,21.28,8.74,23.49,129.84,129.16,87.73,204.12,58.44
1998-10-22,86.48,43.79,18.03,7.44,21.85,126.36,96.17,72.46,170.28,51.78
1998-10-23,68.54,47.91,17.36,6.46,20.67,76.29,86.32,61.82,164.8,58.38
1998-10-24,70.08,45.71,15.84,5.62,19.02,56.6,73.95,56.25,173.19,53.94
1998-10-25,61.6,35.09,15.47,5.06,18.89,45.09,57.66,49.44,115.39,45.79
1998-10-26,54.75,39.97,13.35,4.86,18.76,44.41,53.34,46.59,105.26,43.27
1998-10-27,57.36,37.25,12.35,4.66,19.0,45.1,43.88,41.14,91.79,41.61
1998-10-28,55.39,38.95,11.79,4.19,18.68,42.41,41.67,37.19,83.69,39.99
1998-10-29,54.83,38.57,11.43,3.94,19.24,42.14,32.48,35.43,82.9,40.03
1998-10-30,53.31,36.76,11.18,3.82,19.21,44.64,44.66,33.63,75.2,37.62
1998-10-31,53.1,36.93,13.07,3.84,19.45,41.29,36.5,31.85,73.83,36.07
1998-11-01,51.52,36.38,11.54,3.49,19.0,41.59,34.28,30.48,73.08,35.02
1998-11-02,51.91,39.8,10.18,3.38,18.62,43.08,30.74,29.35,76.38,34.08
1998-11-03,52.09,35.06,9.48,3.24,18.71,42.45,29.43,28.81,75.34,33.49
1998-11-04,48.66,37.72,9.32,3.02,18.3,40.55,32.95,28.0,81.03,32.88
1998-11-05,52.65,40.97,9.45,3.15,18.48,39.79,34.46,27.16,81.11,32.7
1998-11-06,51.2,35.06,8.97,3.28,18.48,38.79,35.14,26.82,81.75,35.3
1998-11-07,46.68,35.46,8.4,3.0,19.0,41.07,39.59,26.34,98.57,34.63
1998-11-08,47.84,35.87,9.0,2.61,19.0,36.2,35.78,25.6,70.61,32.01
1998-11-09,49.32,35.87,8.69,2.78,18.59,41.36,37.1,25.07,54.9,31.26
1998-11-10,48.56,35.74,8.29,2.95,18.3,34.24,32.58,24.4,49.87,30.64
1998-11-11,47.1,36.04,8.1,2.55,17.96,33.58,28.0,22.27,47.22,30.37
1998-11-12,46.83,37.16,7.66,2.34,18.28,39.07,24.56,17.78,42.45,30.04
1998-11-13,47.38,37.6,7.42,2.32,17.9,43.36,24.17,19.04,46.0,29.67
1998-11-14,47.35,37.64,6.94,2.16,17.03,39.66,30.07,20.8,44.94,29.4
1998-11-15,47.17,37.64,7.13,2.21,16.62,40.62,27.58,20.11,42.93,28.92
1998-11-16,47.47,37.82,7.72,2.5,17.0,39.03,32.64,22.05,51.5,30.56
1998-11-17,50.71,38.12,13.34,3.55,21.89,42.17,47.05,29.38,74.0,34.39
1998-11-18,46.96,38.32,8.35,2.65,16.63,38.95,40.16,21.82,59.33,29.13
1998-11-19,46.25,37.96,7.02,2.36,15.64,37.3,30.8,19.44,49.85,28.92
1998-11-20,47.13,39.36,6.34,2.18,15.67,35.24,19.47,17.82,47.47,28.45
1998-11-21,47.29,39.32,7.13,2.16,16.1,35.71,26.84,18.57,46.72,28.21
1998-11-22,47.24,40.1,7.13,2.12,16.1,32.85,27.32,18.51,47.13,27.71
1998-11-23,47.18,40.02,7.13,2.05,15.81,33.6,34.69,18.03,46.95,27.51
1998-11-24,46.37,38.46,6.52,2.1,15.54,36.62,33.11,17.63,47.89,27.45
1998-11-25,46.23,38.5,6.56,1.96,15.37,32.99,26.29,17.24,44.95,27.31
1998-11-26,46.7,37.81,5.84,1.86,15.26,32.58,25.0,16.44,40.32,27.02
1998-11-27,44.98,36.61,6.16,1.91,15.22,32.46,24.62,17.34,48.92,27.43
1998-11-28,43.99,35.87,7.39,2.05,15.94,34.21,28.94,17.42,45.86,27.63
1998-11-29,43.75,36.72,6.64,1.86,15.16,31.98,22.49,16.51,46.13,26.79
1998-11-30,53.65,36.68,13.04,5.22,20.92,42.18,21.19,17.5,54.87,31.57
1998-12-01,52.27,36.68,13.43,6.22,25.25,45.23,31.13,21.78,72.05,33.93
1998-12-02,45.5,36.68,8.35,3.11,15.4,40.79,32.68,19.06,65.85,28.36
1998-12-03,44.51,36.68,7.52,3.25,14.92,36.92,30.52,18.12,63.0,28.76
1998-12-04,44.74,36.68,10.5,3.66,14.82,36.09,27.41,18.0,63.72,27.63
1998-12-05,43.36,36.68,7.6,3.01,14.57,33.91,23.99,17.39,61.76,26.74
1998-12-06,44.6,36.68,7.08,2.78,14.57,32.15,34.78,16.3,52.24,26.14
1998-12-07,43.57,36.68,6.91,2.3,14.2,32.29,23.12,16.14,49.94,26.34
1998-12-08,43.4,36.68,7.14,2.2,14.35,33.33,22.21,14.72,42.67,26.06
1998-12-09,43.11,35.0,7.14,2.01,14.06,31.61,22.64,14.67,40.93,25.46
1998-12-10,43.08,32.62,6.47,1.82,13.73,31.8,19.76,14.02,40.55,25.46
1998-12-11,41.52,31.38,6.06,1.88,13.72,32.34,22.38,14.6,40.06,25.46
1998-12-12,40.26,32.34,5.54,1.78,13.78,32.42,22.61,13.63,43.52,25.32
1998-12-13,41.55,32.84,5.84,1.82,13.56,32.23,21.84,13.43,38.1,24.99
1998-12-14,41.66,32.9,6.75,1.78,13.43,31.32,19.23,12.97,42.8,24.8
1998-12-15,41.71,32.52,7.83,1.78,13.41,30.62,22.18,12.85,40.22,24.8
1998-12-16,41.46,32.71,7.83,1.78,13.25,30.35,19.07,12.85,43.93,24.8
1998-12-17,41.86,33.46,7.83,1.78,13.14,30.03,18.13,11.83,40.96,24.77
1998-12-18,41.47,33.1,7.77,1.78,12.92,29.86,20.84,11.88,44.09,24.61
1998-12-19,41.35,33.0,7.48,1.78,12.91,30.23,22.44,13.2,47.57,24.47
1998-12-20,41.02,33.13,7.54,1.64,12.91,26.76,20.3,15.97,44.72,24.14
1998-12-21,41.22,33.04,7.13,1.61,12.91,28.44,19.92,13.54,47.31,24.14
1998-12-22,41.32,35.91,7.13,1.61,12.91,28.59,18.88,11.67,48.51,24.14
1998-12-23,41.03,36.21,7.45,1.61,12.91,27.65,18.83,10.39,41.33,24.14
1998-12-24,42.42,36.65,7.19,1.61,12.83,27.0,19.8,12.08,41.98,23.84
1998-12-25,41.09,35.87,7.13,1.48,12.8,41.48,17.74,12.09,40.97,23.71
1998-12-26,40.71,35.97,7.13,1.44,12.65,29.62,17.03,11.24,39.37,23.82
1998-12-27,41.38,36.68,7.19,1.44,12.59,28.58,17.33,11.38,36.92,23.49
1998-12-28,42.24,37.09,7.13,1.32,12.47,26.37,17.43,11.7,37.5,23.28
1998-12-29,43.15,37.5,7.13,1.29,12.43,29.03,17.03,11.63,35.21,23.22
1998-12-30,41.71,37.5,7.19,1.29,12.44,28.7,18.27,11.46,35.5,22.9
1998-12-31,42.18,37.88,7.45,1.29,12.46,27.84,20.05,11.39,38.68,22.85
1999-01-01,42.89,38.28,7.13,1.32,12.39,25.49,20.22,10.83,40.98,23.02
1999-01-02,41.7,37.61,7.13,1.32,12.5,25.84,19.95,10.65,45.2,23.21
1999-01-03,42.59,37.78,7.13,1.32,12.44,24.52,19.95,10.71,44.72,23.3
1999-01-04,41.03,36.44,7.13,1.32,12.22,24.39,18.19,10.71,46.68,23.35
1999-01-05,40.26,35.62,7.02,1.32,12.29,25.26,14.98,11.88,48.89,23.41
1999-01-06,42.73,36.37,6.94,1.32,12.27,24.58,14.19,12.07,50.27,23.54
1999-01-07,43.51,36.61,7.13,1.32,12.27,24.33,15.71,12.38,48.36,23.41
1999-01-08,43.73,35.82,7.45,1.32,11.69,23.95,13.84,12.35,47.85,23.02
1999-01-09,43.25,35.31,7.36,1.32,11.71,24.39,13.97,11.83,45.79,22.91
1999-01-10,42.23,34.64,7.02,1.32,12.18,24.55,13.66,11.34,44.43,22.61
1999-01-11,41.97,34.54,6.86,1.32,11.88,25.07,13.76,11.98,44.46,22.59
1999-01-12,41.94,34.87,6.72,1.32,11.95,23.95,14.35,11.61,40.43,22.91
1999-01-13,42.0,34.91,6.75,1.32,11.87,23.7,14.04,11.22,30.71,22.88
1999-01-14,42.13,34.64,6.72,1.27,11.61,22.97,14.17,11.37,35.64,22.77
1999-01-15,42.31,35.18,7.43,1.16,11.96,23.88,15.29,10.83,40.09,22.72
1999-01-16,43.02,34.94,7.13,1.16,11.95,23.37,16.09,11.53,44.8,21.97
1999-01-17,42.45,35.24,6.99,1.16,11.61,23.5,17.34,11.1,49.95,22.26
1999-01-18,42.31,35.65,6.77,1.16,11.72,23.49,17.18,11.33,46.97,22.26
1999-01-19,45.53,34.62,6.17,2.1,12.48,23.34,17.8,11.71,49.81,24.05
1999-01-20,41.73,34.73,5.34,2.92,12.59,23.66,19.95,11.72,45.43,22.78
1999-01-21,41.7,35.56,4.67,1.9,11.72,24.0,20.04,11.46,46.09,22.26
1999-01-22,42.17,35.05,4.65,1.57,11.72,22.61,19.61,10.44,41.47,22.13
1999-01-23,43.2,34.44,4.52,2.06,12.08,22.64,19.35,10.92,40.88,22.46
1999-01-24,69.46,43.72,33.44,14.92,18.16,29.96,24.82,14.83,59.98,31.45
1999-01-25,46.41,34.57,8.91,4.89,12.87,30.5,21.11,13.58,45.19,23.02
1999-01-26,40.68,34.27,6.37,3.13,12.0,26.65,20.04,10.7,38.83,22.34
1999-01-27,40.9,34.51,5.36,2.34,11.72,26.72,19.86,8.55,34.82,22.23
1999-01-28,42.47,33.61,5.31,2.21,11.72,26.95,19.27,9.19,35.45,21.67
1999-01-29,41.16,32.98,5.15,1.97,11.59,23.69,17.5,10.0,34.14,21.49
1999-01-30,41.09,33.08,4.69,1.86,11.4,24.99,16.69,11.83,36.2,21.23
1999-01-31,41.16,33.21,4.65,1.78,11.66,25.37,15.14,11.16,35.26,21.34
1999-02-01,43.37,35.1,4.58,1.86,13.3,48.8,15.31,16.1,61.67,37.6
1999-02-02,41.02,35.05,4.86,1.87,12.71,41.39,19.44,12.44,63.18,24.25
1999-02-03,43.17,34.92,5.39,1.87,12.11,45.38,20.61,10.99,46.27,22.8
1999-02-04,40.87,33.97,5.26,1.86,11.98,34.67,15.97,9.73,33.56,22.15
1999-02-05,41.21,34.47,5.59,1.86,11.59,24.96,15.97,9.58,30.74,21.75
1999-02-06,40.9,34.44,4.93,1.72,11.14,23.46,15.14,9.12,32.62,21.62
1999-02-07,40.89,34.44,4.67,1.87,10.98,24.75,15.45,9.04,31.27,21.04
1999-02-08,40.84,34.34,4.63,1.72,11.76,25.43,16.61,11.55,39.95,20.99
1999-02-09,41.17,33.54,4.47,1.52,11.89,33.3,16.39,10.75,41.05,20.99
1999-02-10,41.41,32.85,4.34,1.49,12.04,38.96,16.61,11.59,40.92,20.99
1999-02-11,50.77,38.59,8.5,2.63,17.56,27.21,17.66,11.81,40.13,21.9
1999-02-12,47.82,37.92,6.76,2.9,14.29,40.72,18.6,12.23,34.33,21.02
1999-02-13,41.1,35.62,5.32,2.02,12.34,27.58,18.92,9.88,36.75,20.6
1999-02-14,40.48,35.75,4.67,1.86,11.89,23.36,18.67,9.81,30.32,20.99
1999-02-15,40.78,34.71,4.6,1.71,11.89,31.28,18.67,10.3,34.79,20.76
1999-02-16,41.3,34.37,4.16,1.67,11.89,39.85,18.67,9.47,34.33,20.76
1999-02-17,42.36,34.64,4.23,1.67,11.89,39.97,18.93,10.64,38.79,20.89
1999-02-18,44.48,35.46,5.06,1.67,13.41,37.57,19.53,11.5,42.39,20.89
1999-02-19,42.21,35.62,5.9,1.63,12.97,27.61,20.32,12.5,30.27,20.81
1999-02-20,40.59,35.14,4.76,1.49,11.89,24.78,19.1,9.41,25.72,21.41
1999-02-21,41.59,34.74,4.69,1.49,11.89,23.61,17.82,8.32,23.22,20.99
1999-02-22,41.84,32.6,4.52,1.43,11.89,24.75,17.26,7.93,25.07,20.99
1999-02-23,41.43,32.85,4.14,1.32,11.89,24.52,16.32,11.32,24.58,20.6
1999-02-24,44.33,33.58,7.6,1.79,13.09,47.86,19.3,13.9,45.99,43.41
1999-02-25,40.74,33.62,6.49,1.94,12.63,41.0,28.11,12.39,47.31,22.59
1999-02-26,44.55,37.57,5.73,1.82,15.32,60.39,29.17,13.71,44.36,32.09
1999-02-27,51.74,37.55,9.39,2.95,21.86,69.3,46.46,27.98,74.99,34.07
1999-02-28,41.25,35.48,6.56,2.27,16.09,37.29,25.24,18.61,46.37,22.75
1999-03-01,43.13,38.93,5.49,1.87,15.82,65.11,26.04,14.31,41.82,21.75
1999-03-02,42.72,35.04,5.22,1.73,14.49,65.34,21.92,12.34,44.5,21.1
1999-03-03,40.82,34.18,4.67,1.6,14.75,55.05,16.64,11.34,43.19,20.91
1999-03-04,40.49,32.47,4.67,1.49,12.4,52.17,15.64,12.48,55.22,30.36
1999-03-05,41.39,32.66,5.03,1.49,12.84,50.29,22.67,14.04,49.91,25.2
1999-03-06,39.93,32.76,4.67,1.66,11.89,32.24,22.94,11.88,39.13,22.26
1999-03-07,42.7,33.21,5.01,1.56,14.44,86.01,52.87,36.73,128.04,71.87
1999-03-08,40.87,33.08,6.59,1.67,13.93,70.38,27.99,24.95,83.55,30.6
1999-03-09,38.13,35.14,5.57,1.67,11.89,56.94,26.01,19.18,49.95,27.17
1999-03-10,40.52,35.24,5.62,1.56,11.89,52.85,25.02,17.71,45.97,25.88
1999-03-11,41.19,33.84,5.0,1.49,11.89,66.22,35.72,18.02,55.95,33.12
1999-03-12,40.29,34.31,4.47,1.4,11.69,64.04,28.4,16.25,61.98,25.9
1999-03-13,40.32,34.88,4.34,1.32,11.59,41.46,27.21,14.93,67.25,25.7
1999-03-14,43.2,33.65,5.9,1.58,11.86,30.17,31.09,14.68,103.22,28.8
1999-03-15,58.9,33.95,15.99,7.87,16.97,60.26,41.93,29.44,219.32,71.14
1999-03-16,43.61,29.69,12.44,7.03,14.98,57.43,37.72,25.81,127.26,39.07
1999-03-17,39.17,34.38,7.49,4.23,11.64,54.56,36.59,21.43,94.29,32.22
1999-03-18,41.61,32.96,6.34,2.89,11.97,40.18,42.73,19.26,94.59,29.56
1999-03-19,43.55,29.4,7.76,5.1,17.87,62.76,44.05,33.95,146.63,63.88
1999-03-20,39.9,33.31,11.27,4.84,15.31,50.36,45.21,28.83,124.38,38.29
1999-03-21,40.96,34.44,10.31,3.79,13.57,39.22,34.65,25.42,111.56,33.53
1999-03-22,41.06,33.58,7.81,3.43,12.65,37.38,38.22,22.82,60.98,29.96
1999-03-23,39.48,33.21,6.61,2.47,11.89,36.03,33.84,20.76,70.18,28.94
1999-03-24,41.93,33.12,6.58,2.37,12.23,36.38,28.69,20.48,72.57,29.55
1999-03-25,45.64,32.11,8.7,4.11,16.09,45.15,34.99,22.59,94.25,42.89
1999-03-26,43.72,32.25,8.16,4.63,26.92,122.25,84.15,51.14,222.24,99.77
1999-03-27,46.98,32.31,10.28,5.54,24.73,116.0,127.97,61.8,196.2,59.87
1999-03-28,41.13,32.96,8.82,3.95,18.27,77.88,71.4,46.39,114.34,44.83
1999-03-29,40.46,33.94,7.17,3.2,14.93,73.53,61.09,41.11,96.99,38.59
1999-03-30,45.77,36.26,8.21,4.88,18.63,77.37,72.7,48.49,107.2,41.49
1999-03-31,51.36,38.32,9.7,6.2,20.1,68.73,72.13,45.05,96.62,37.29
1999-04-01,45.09,34.75,7.34,4.08,15.86,55.2,62.1,39.92,90.56,33.22
1999-04-02,52.7,35.85,13.39,11.28,18.48,76.21,56.09,44.5,94.78,39.59
1999-04-03,46.65,32.98,10.07,8.46,18.3,72.56,59.17,40.92,83.29,32.21
1999-04-04,41.0,33.51,7.48,6.06,13.7,55.05,54.9,36.92,76.38,29.96
1999-04-05,40.23,30.68,6.88,4.56,13.16,53.41,36.42,34.88,70.59,28.63
1999-04-06,39.2,30.25,6.83,3.69,12.19,50.85,49.6,33.35,53.59,27.69
1999-04-07,39.32,30.22,8.02,3.24,11.89,42.44,44.02,30.0,52.06,26.68
1999-04-08,36.47,30.77,6.53,2.87,11.79,42.43,40.49,26.68,50.89,26.13
1999-04-09,36.9,28.29,7.08,3.17,11.82,47.55,28.39,26.24,66.44,26.46
1999-04-10,55.71,35.83,12.31,6.5,23.43,105.48,53.93,38.15,149.1,53.09
1999-04-11,50.47,33.82,10.32,7.4,16.99,59.72,59.36,32.99,73.29,30.88
1999-04-12,43.51,30.32,8.44,7.92,14.36,76.78,48.63,30.65,71.9,29.99
1999-04-13,41.34,30.18,8.05,9.14,13.22,88.28,46.48,33.57,58.83,29.02
1999-04-14,40.33,32.86,7.22,6.25,12.44,62.82,41.92,31.66,64.75,26.86
1999-04-15,40.7,33.87,6.47,4.71,11.41,54.71,41.72,30.26,60.87,26.01
1999-04-16,41.0,35.13,6.75,4.29,11.5,45.57,34.59,29.59,65.0,26.39
1999-04-17,42.49,34.44,6.21,4.35,11.86,48.84,39.86,28.42,77.65,26.72
1999-04-18,100.45,56.28,50.92,33.0,29.85,57.68,41.62,34.76,151.74,52.93
1999-04-19,101.13,65.19,48.84,27.77,21.95,51.84,51.16,34.45,112.91,36.18
1999-04-20,75.54,49.05,24.97,14.76,15.15,46.97,40.73,30.53,89.99,33.13
1999-04-21,55.59,36.91,16.12,9.45,12.67,40.82,37.8,30.28,69.81,30.21
1999-04-22,53.37,33.54,13.08,7.03,11.89,38.9,40.79,29.98,77.97,31.7
1999-04-23,69.25,35.04,20.29,13.53,13.44,46.55,42.16,30.92,313.03,64.22
1999-04-24,68.52,36.13,13.5,8.53,11.53,46.16,44.44,26.29,202.77,45.84
1999-04-25,69.6,37.66,11.33,6.71,10.84,42.84,25.95,23.64,121.99,38.21
1999-04-26,59.89,36.96,10.28,5.87,10.15,36.04,39.54,24.13,101.77,34.45
1999-04-27,53.96,36.16,10.15,4.81,9.51,32.97,36.53,22.69,85.99,32.21
1999-04-28,42.3,36.13,9.52,4.19,9.53,32.65,33.56,20.45,70.98,30.05
1999-04-29,42.54,36.57,9.07,3.96,9.13,31.87,29.47,19.04,62.79,28.6
1999-04-30,42.24,36.61,8.08,3.56,8.73,31.46,30.15,19.49,57.81,27.19
1999-05-01,42.18,36.88,7.42,2.94,8.74,29.03,31.85,23.01,54.68,26.3
1999-05-02,42.42,36.88,7.6,2.7,8.26,28.51,30.62,22.39,51.97,25.5
1999-05-03,42.77,36.88,7.22,2.59,7.9,29.82,32.6,21.54,64.78,24.92
1999-05-04,76.89,44.84,30.99,16.46,41.25,100.55,88.15,55.44,128.95,81.25
1999-05-05,62.23,37.67,19.45,11.8,27.31,89.66,97.38,53.76,134.27,48.02
1999-05-06,45.17,36.16,10.22,6.64,13.64,80.0,53.76,37.74,72.22,34.89
1999-05-07,36.74,35.19,8.41,4.87,11.46,53.38,43.96,30.52,69.37,31.35
1999-05-08,42.15,34.07,7.63,4.02,10.41,44.82,45.85,25.9,62.92,29.25
1999-05-09,41.17,34.11,6.97,3.42,9.45,37.8,54.94,23.26,52.99,27.28
1999-05-10,40.11,34.81,6.61,3.12,5.71,42.41,30.38,21.48,65.66,26.8
1999-05-11,41.79,35.18,6.26,2.72,4.41,40.15,34.77,19.7,58.05,25.93
1999-05-12,40.81,35.01,5.74,2.53,4.96,38.33,48.39,18.65,52.17,24.75
1999-05-13,40.79,35.11,5.41,2.3,6.81,38.78,46.51,18.47,53.83,24.19
1999-05-14,38.88,33.15,5.31,2.27,6.05,35.48,31.64,17.42,54.88,23.05
1999-05-15,34.95,25.59,5.05,2.27,5.05,33.36,30.54,16.71,55.92,22.48
1999-05-16,29.49,27.9,5.05,2.27,4.11,27.96,25.49,15.77,55.53,22.13
1999-05-17,28.97,24.81,4.54,2.22,3.59,30.06,22.86,15.45,59.56,20.99
1999-05-18,28.15,24.73,4.14,2.06,4.02,32.79,23.92,17.06,76.5,34.85
1999-05-19,29.9,25.3,4.49,2.06,4.93,45.87,40.46,23.21,146.2,61.88
1999-05-20,29.79,25.13,4.14,2.06,4.15,39.63,35.4,16.71,53.85,25.02
1999-05-21,28.31,24.25,3.77,1.68,3.19,30.38,22.17,14.04,34.09,22.48
1999-05-22,26.57,24.65,9.91,1.53,2.97,29.21,19.64,13.86,32.26,21.36
1999-05-23,32.14,32.19,5.13,1.74,11.41,141.06,58.86,40.11,160.65,90.22
1999-05-24,100.1,79.7,66.97,28.06,68.7,286.6,240.86,145.98,280.28,120.14
1999-05-25,97.86,81.33,25.31,12.19,46.97,227.61,240.75,128.21,270.12,81.33
1999-05-26,82.6,76.02,11.03,6.65,18.87,168.76,141.97,78.45,181.62,66.88
1999-05-27,259.32,242.03,76.59,20.26,103.15,202.2,334.27,203.15,340.47,145.38
1999-05-28,160.32,127.13,22.88,9.76,33.8,165.86,216.54,134.02,174.37,71.63
1999-05-29,112.66,92.67,12.53,6.45,16.92,143.47,157.37,95.3,135.61,52.57
1999-05-30,89.1,77.13,10.15,5.0,12.04,84.81,118.43,75.96,102.9,38.97
1999-05-31,77.05,69.52,7.68,3.68,9.25,64.65,92.35,65.79,95.04,31.97
1999-06-01,82.31,83.87,5.64,3.18,8.25,54.97,76.48,52.88,78.06,28.4
1999-06-02,85.99,78.94,4.58,2.65,7.16,81.62,64.42,48.56,82.61,26.08
1999-06-03,84.5,79.85,4.67,2.5,7.29,63.1,67.01,49.48,88.65,32.37
1999-06-04,82.86,76.04,4.5,2.54,5.68,74.59,61.28,42.52,85.76,31.1
1999-06-05,73.23,68.85,4.71,2.24,4.07,65.35,50.31,36.41,62.12,23.84
1999-06-06,78.24,70.71,20.02,5.65,4.29,42.55,44.31,34.67,61.28,22.97
1999-06-07,663.79,453.21,387.96,120.35,174.29,196.92,324.79,208.47,194.16,116.9
1999-06-08,360.33,241.09,46.53,29.28,58.14,369.61,317.51,179.11,485.44,171.59
1999-06-09,161.96,119.53,20.87,12.53,20.09,181.41,174.8,112.98,220.7,71.42
1999-06-10,117.53,93.56,16.18,7.57,9.33,128.58,146.92,87.71,161.57,48.68
1999-06-11,86.45,54.72,14.61,5.97,6.33,84.18,104.01,74.77,146.61,48.74
1999-06-12,53.14,41.66,10.55,4.43,3.31,53.72,80.69,57.18,109.58,37.18
1999-06-13,50.67,44.95,10.87,4.81,2.97,52.66,76.15,56.66,157.54,79.22
1999-06-14,46.57,37.48,9.39,3.79,,56.22,70.71,49.13,163.12,46.77
1999-06-15,34.99,35.2,8.85,3.93,,37.5,60.66,45.38,96.51,34.42
1999-06-16,26.48,42.77,8.41,4.11,,37.2,51.24,44.41,91.11,35.57
1999-06-17,52.11,75.85,20.85,7.09,,82.23,92.45,60.0,166.67,94.51
1999-06-18,166.01,157.88,57.58,11.33,31.87,107.87,108.29,82.6,164.12,93.24
1999-06-19,369.21,306.38,61.54,18.79,130.07,365.28,661.21,368.26,490.24,250.47
1999-06-20,206.88,148.77,23.98,8.23,34.52,193.08,314.0,193.19,317.85,112.08
1999-06-21,106.96,89.65,14.67,5.22,12.77,128.7,188.75,129.92,188.5,74.71
1999-06-22,84.9,60.22,13.37,4.17,9.79,91.93,157.63,105.05,166.24,65.35
1999-06-23,98.44,84.99,18.97,9.82,49.67,477.42,354.32,242.76,560.49,373.2
1999-06-24,1381.71,1304.85,308.28,85.35,625.0,450.17,631.59,353.94,573.98,210.74
1999-06-25,3011.07,2003.53,314.56,151.92,,932.86,1014.61,598.83,814.29,282.8
1999-06-26,1414.53,1055.07,317.2,210.65,399.23,611.89,1029.97,648.38,729.29,232.64
1999-06-27,1595.86,1075.93,288.58,156.83,413.85,976.87,1887.1,1225.53,684.85,216.7
1999-06-28,497.64,349.35,84.25,40.33,171.86,672.32,1135.44,689.45,621.4,225.89
1999-06-29,1701.51,922.37,701.13,311.78,555.08,475.96,857.97,520.21,632.89,220.5
1999-06-30,977.96,542.87,228.45,80.5,274.85,406.72,806.26,477.57,540.12,149.5
1999-07-01,450.75,274.07,97.04,42.09,140.13,234.84,486.46,306.86,350.99,110.81
1999-07-02,490.53,241.69,298.55,191.12,140.27,190.72,327.88,222.02,258.87,90.8
1999-07-03,858.47,613.91,282.22,97.9,317.83,344.0,698.69,434.44,703.86,333.4
1999-07-04,395.01,257.51,94.53,39.28,124.43,215.48,410.4,266.06,412.59,131.95
1999-07-05,301.12,171.72,62.59,25.26,81.29,142.07,287.02,191.42,251.91,93.66
1999-07-06,195.83,126.47,52.0,18.83,59.53,124.18,223.02,151.88,197.71,74.83
1999-07-07,158.04,107.61,40.93,14.66,44.54,100.36,177.4,120.67,168.02,67.29
1999-07-08,148.75,98.3,38.79,13.22,35.66,86.33,164.22,104.3,174.46,62.42
1999-07-09,124.91,81.26,28.08,11.29,,74.05,148.23,90.56,146.81,54.81
1999-07-10,124.9,81.47,28.19,11.07,,68.54,122.09,84.56,120.2,50.99
1999-07-11,118.73,74.11,27.03,10.45,,58.52,119.09,78.91,121.16,48.5
1999-07-12,118.26,73.0,28.15,10.19,,64.75,110.82,74.97,123.3,48.15
1999-07-13,106.29,68.74,23.28,8.62,,65.14,113.46,72.62,295.66,167.76
1999-07-14,97.57,63.43,19.95,7.7,18.03,57.71,88.55,58.29,166.84,58.5
1999-07-15,89.76,56.76,18.98,7.18,16.43,50.12,66.93,51.96,124.65,48.47
1999-07-16,91.27,57.37,17.64,6.88,16.51,44.13,67.55,46.78,109.08,44.23
1999-07-17,95.57,54.52,35.22,11.85,17.39,47.73,74.81,45.92,96.27,43.56
1999-07-18,156.18,70.31,80.01,17.56,34.39,58.66,82.38,50.12,95.66,44.46
1999-07-19,96.72,60.31,27.05,8.63,18.09,61.16,69.82,42.67,80.84,38.2
1999-07-20,79.91,48.14,21.49,7.45,15.2,62.5,62.55,42.77,84.1,41.93
1999-07-21,87.87,44.9,23.54,7.22,20.71,60.12,67.67,43.98,167.07,74.2
1999-07-22,75.12,41.7,18.62,8.06,16.56,76.98,68.47,52.97,320.59,89.1
1999-07-23,190.38,66.79,43.79,111.53,85.61,73.81,76.24,48.86,179.12,59.52
1999-07-24,127.33,53.92,29.74,61.26,47.15,58.41,62.11,42.78,136.05,49.1
1999-07-25,84.93,31.66,21.16,29.77,29.83,46.2,57.52,38.0,165.24,82.84
1999-07-26,126.78,53.31,40.83,28.59,100.9,369.12,396.09,327.77,2192.64,795.79
1999-07-27,143.81,84.96,36.16,31.46,48.87,771.73,946.34,638.89,3252.7,964.94
1999-07-28,98.33,54.87,32.28,22.69,27.11,328.42,515.54,285.57,1007.85,308.85
1999-07-29,221.38,52.59,89.59,325.68,103.76,644.22,761.0,364.69,890.45,275.9
1999-07-30,135.77,64.3,53.5,102.35,76.59,289.54,528.05,304.5,644.18,178.23
1999-07-31,97.11,44.38,30.93,37.21,44.74,219.08,307.17,195.26,474.26,134.16
1999-08-01,81.16,36.48,22.87,24.06,33.77,162.25,245.34,169.98,579.46,175.73
1999-08-02,88.73,62.52,27.35,18.47,31.63,209.48,404.98,359.08,1363.74,344.05
1999-08-03,93.54,63.9,74.63,15.33,29.41,220.49,544.85,437.8,1223.45,288.45
1999-08-04,77.8,50.62,32.91,12.22,23.05,174.58,299.12,247.68,725.75,175.34
1999-08-05,70.6,42.23,34.11,11.15,21.33,136.5,241.74,191.21,966.34,379.05
1999-08-06,107.06,86.25,49.57,13.32,32.25,598.28,582.52,481.21,3549.86,1330.35
1999-08-07,155.22,128.9,42.73,13.52,26.79,701.14,855.48,608.66,3386.18,966.25
1999-08-08,112.14,72.39,31.52,15.59,19.69,336.86,521.48,359.0,1690.69,667.97
1999-08-09,74.1,50.17,25.02,9.76,11.35,237.85,323.35,232.5,1197.72,383.39
1999-08-10,60.55,37.77,22.12,7.66,6.01,161.89,236.91,172.34,711.15,245.78
1999-08-11,53.44,35.86,21.04,6.87,3.55,173.62,200.36,142.33,532.3,186.12
1999-08-12,51.74,33.57,21.04,6.22,3.51,195.06,172.85,123.14,396.43,145.72
1999-08-13,52.47,36.03,21.19,6.5,4.46,143.8,153.12,98.97,361.19,127.14
1999-08-14,55.51,37.84,20.85,6.15,3.58,114.94,136.66,83.45,280.1,108.09
1999-08-15,58.92,34.26,31.56,6.19,3.19,90.89,113.44,75.64,234.77,99.09
1999-08-16,58.14,36.64,32.51,7.07,3.19,141.49,107.97,75.38,294.63,128.57
1999-08-17,62.29,36.29,26.23,6.56,4.48,531.35,157.32,101.36,1308.06,759.43
1999-08-18,90.11,48.19,35.01,6.89,16.25,645.11,175.87,108.94,1298.75,515.37
1999-08-19,97.34,50.51,28.27,6.31,20.66,294.17,137.38,105.76,603.39,227.93
1999-08-20,70.27,37.89,26.26,7.57,9.91,371.53,230.52,153.06,432.3,186.71
1999-08-21,118.72,36.24,41.09,10.61,8.45,302.45,197.07,141.69,361.96,143.32
1999-08-22,69.94,31.28,33.82,8.03,6.15,185.57,157.14,111.48,288.0,119.59
1999-08-23,178.87,50.9,90.05,50.86,10.49,195.12,134.87,108.48,260.66,119.17
1999-08-24,129.16,50.25,65.52,19.67,14.91,208.78,142.91,109.23,282.22,114.26
1999-08-25,76.1,35.02,40.38,10.25,7.62,163.32,110.87,84.96,222.09,96.54
1999-08-26,117.43,59.04,49.37,12.31,244.38,142.66,106.08,78.85,210.65,92.09
1999-08-27,511.21,451.38,74.19,38.55,570.25,121.97,97.15,66.98,205.09,89.9
1999-08-28,336.74,201.96,57.58,23.59,154.71,76.22,86.33,61.87,179.03,83.21
1999-08-29,210.09,131.93,56.21,14.73,84.48,115.73,90.17,58.59,171.24,78.46
1999-08-30,172.34,107.05,61.53,24.94,46.82,114.17,96.49,58.45,149.82,78.9
1999-08-31,350.35,94.85,109.87,61.4,73.46,100.1,99.11,61.98,160.39,78.08
1999-09-01,613.17,327.85,189.05,154.27,359.45,105.38,116.32,75.58,177.65,86.42
1999-09-02,427.85,248.01,91.86,51.79,179.52,105.12,130.7,77.08,165.63,79.13
1999-09-03,263.56,154.5,70.34,26.77,86.96,70.44,106.8,63.75,140.53,74.14
1999-09-04,199.23,119.0,58.92,19.13,65.23,62.9,94.07,58.85,147.18,75.85
1999-09-05,219.43,112.48,57.6,16.85,55.58,59.2,91.33,54.39,145.13,72.7
1999-09-06,325.45,123.69,61.43,55.08,96.12,68.96,83.76,54.73,121.79,70.83
1999-09-07,259.19,134.85,53.89,38.96,84.44,108.3,69.8,53.51,128.11,68.8
1999-09-08,163.66,96.61,46.83,22.78,55.41,112.16,89.61,53.56,134.0,71.52
1999-09-09,125.14,68.42,41.41,16.73,39.5,99.27,74.93,48.03,122.44,66.11
1999-09-10,236.65,79.05,49.53,124.7,104.26,126.01,119.7,79.24,141.86,76.14
1999-09-11,404.23,256.35,60.65,93.5,745.54,439.47,410.01,206.45,318.1,143.81
1999-09-12,287.2,175.44,44.51,33.93,383.41,195.04,330.85,203.44,204.35,80.82
1999-09-13,350.92,197.52,42.86,35.48,177.48,133.92,221.86,149.63,147.87,75.35
1999-09-14,236.44,139.34,40.41,24.16,122.05,165.48,310.09,278.37,789.75,698.63
1999-09-15,392.9,320.3,72.43,18.29,112.19,232.55,719.59,557.65,1869.67,647.53
1999-09-16,307.44,194.96,62.56,15.49,99.38,205.88,379.45,301.27,592.43,188.05
1999-09-17,235.83,147.88,57.26,12.41,75.93,156.96,243.57,204.43,563.25,174.64
1999-09-18,172.28,120.55,45.98,10.68,54.21,104.78,198.88,164.53,1127.33,292.84
1999-09-19,156.94,109.2,40.35,9.59,45.27,103.23,170.2,141.06,884.35,210.21
1999-09-20,140.48,102.56,36.52,9.04,35.1,141.19,156.29,120.01,519.97,150.82
1999-09-21,270.26,149.56,79.87,27.53,62.64,168.61,152.85,116.76,435.48,144.64
1999-09-22,357.43,180.54,105.16,38.3,78.76,181.16,161.98,118.84,588.46,161.29
1999-09-23,300.74,168.49,66.92,27.37,74.37,313.16,245.9,250.26,1343.67,334.9
1999-09-24,1620.04,944.01,361.31,120.47,289.37,1361.14,2005.9,1481.24,2627.49,725.81
1999-09-25,637.93,384.22,116.9,48.8,154.24,394.55,884.17,599.54,948.9,240.18
1999-09-26,352.01,203.34,75.72,23.85,100.11,227.44,448.67,339.78,552.2,163.27
1999-09-27,225.44,126.79,61.02,18.03,77.09,204.11,297.95,231.13,428.41,132.38
1999-09-28,186.9,119.31,56.05,14.56,66.81,205.67,216.43,175.55,320.03,116.23
1999-09-29,154.37,90.21,52.93,12.63,59.35,202.74,180.5,146.02,260.64,106.03
1999-09-30,123.12,73.42,49.71,11.27,49.28,209.37,152.23,115.4,239.67,97.46
1999-10-01,116.29,63.25,48.39,10.32,47.57,177.03,141.44,98.39,199.1,92.04
1999-10-02,118.2,62.13,48.48,13.22,49.08,93.66,123.15,84.31,181.0,89.9
1999-10-03,129.52,58.46,48.94,10.93,49.53,66.13,117.73,78.11,205.54,107.2
1999-10-04,96.09,48.42,40.55,8.64,43.8,56.9,105.0,71.41,161.47,84.56
1999-10-05,92.01,42.41,42.52,8.1,41.63,53.37,96.51,63.85,157.87,81.15
1999-10-06,89.43,40.83,23.77,7.58,40.79,67.63,101.99,87.44,141.01,78.83
1999-10-07,93.09,56.82,28.2,7.84,41.34,63.36,137.15,78.8,145.54,76.55
1999-10-08,105.98,63.66,25.43,7.76,43.95,54.66,85.35,63.98,154.54,75.3
1999-10-09,99.54,62.04,20.66,7.11,39.67,55.59,82.93,58.66,142.41,72.9
1999-10-10,93.73,59.05,19.44,6.83,37.86,53.97,78.58,54.2,130.99,71.06
1999-10-11,91.35,58.21,18.39,6.93,38.94,61.61,73.52,50.79,124.4,70.42
1999-10-12,90.8,59.14,18.39,5.67,36.62,64.5,71.01,47.78,122.33,68.82
1999-10-13,88.53,52.35,17.41,6.15,35.35,50.36,62.7,44.2,128.76,67.87
1999-10-14,77.97,41.59,17.39,6.22,38.26,44.66,64.85,40.55,116.71,66.8
1999-10-15,76.74,50.68,16.47,5.96,37.54,44.77,58.61,39.81,109.05,65.25
1999-10-16,81.64,51.37,17.5,5.91,36.83,46.22,56.56,39.84,106.9,63.71
1999-10-17,78.31,47.92,15.96,5.61,38.94,45.63,49.76,37.29,93.69,62.37
1999-10-18,76.91,49.56,14.7,5.16,34.52,46.85,52.4,36.27,97.19,61.46
1999-10-19,74.37,47.98,14.21,4.65,34.22,52.06,44.3,34.95,96.3,61.31
1999-10-20,74.37,51.44,14.21,4.5,33.3,45.72,43.71,33.19,102.27,60.57
1999-10-21,75.01,49.98,14.21,4.41,32.33,45.26,43.38,32.35,108.63,59.52
1999-10-22,73.56,48.78,13.78,4.7,31.88,51.09,45.0,32.13,114.43,58.93
1999-10-23,66.45,32.24,13.55,4.4,31.59,49.12,45.16,31.06,118.27,58.46
1999-10-24,56.1,30.65,12.83,4.7,31.0,45.25,44.45,30.38,120.9,57.58
1999-10-25,58.8,41.88,12.42,4.44,31.0,53.31,43.56,29.75,118.7,56.89
1999-10-26,67.55,46.51,12.84,4.07,31.53,65.25,47.7,31.9,122.56,68.16
1999-10-27,78.67,56.22,16.1,5.01,37.24,94.43,69.09,43.64,146.75,71.76
1999-10-28,78.21,53.14,13.14,4.32,32.37,57.55,40.77,30.11,90.28,58.86
1999-10-29,75.53,54.88,12.38,4.29,31.0,53.14,35.1,27.95,108.22,56.85
1999-10-30,64.09,30.84,12.38,3.84,30.0,38.83,35.43,33.75,68.83,55.81
1999-10-31,51.01,31.47,11.66,4.41,29.66,44.65,42.9,33.05,79.92,55.16
1999-11-01,131.84,89.39,40.85,17.92,71.97,80.75,113.88,64.62,105.38,71.62
1999-11-02,88.02,54.86,15.92,7.22,34.68,56.12,72.87,45.05,103.36,56.17
1999-11-03,75.04,52.99,13.55,5.27,31.26,46.92,47.91,37.71,97.51,54.56
1999-11-04,74.44,53.37,12.61,4.26,29.67,54.5,53.41,33.58,103.78,53.64
1999-11-05,73.63,51.3,11.67,3.76,29.25,59.84,38.55,33.0,96.04,52.91
1999-11-06,61.58,30.02,11.51,4.01,29.07,45.8,52.5,30.35,73.3,52.63
1999-11-07,50.54,30.89,11.66,3.49,28.58,47.36,40.53,30.35,75.52,52.11
1999-11-08,59.02,50.67,11.24,4.58,27.95,54.64,41.18,28.75,72.58,51.59
1999-11-09,68.88,48.88,11.81,4.48,27.75,49.86,42.22,28.73,74.93,50.9
1999-11-10,66.68,47.84,10.47,3.72,27.37,42.1,37.96,28.56,89.93,50.25
1999-11-11,66.25,48.58,10.0,2.99,26.66,44.36,38.17,28.1,82.08,49.91
1999-11-12,85.87,53.5,23.75,13.77,33.61,47.78,36.97,30.34,81.18,51.09
1999-11-13,65.46,30.87,12.98,7.23,29.45,39.75,32.6,29.11,83.23,49.31
1999-11-14,49.97,29.68,11.16,5.01,26.27,37.55,30.21,27.09,76.95,48.5
1999-11-15,65.43,50.95,18.5,5.34,25.98,43.99,29.68,26.87,85.84,48.27
1999-11-16,69.99,52.59,19.84,6.43,27.87,37.43,26.95,25.03,67.23,47.5
1999-11-17,61.45,48.19,14.56,5.35,27.54,42.35,33.46,23.44,64.62,46.81
1999-11-18,60.42,47.62,12.98,4.84,29.57,42.11,30.61,24.49,68.1,46.71
1999-11-19,56.8,48.17,11.77,4.0,28.96,41.43,22.76,24.03,68.35,46.16
1999-11-20,51.25,32.56,11.02,3.93,28.65,38.74,31.82,23.57,70.23,46.16
1999-11-21,46.63,37.5,10.5,4.45,28.16,35.85,28.85,23.18,78.75,45.45
1999-11-22,46.86,37.31,10.14,3.46,28.23,39.89,37.76,23.07,83.4,44.96
1999-11-23,53.79,44.46,15.29,5.24,39.34,44.17,48.16,29.57,112.32,49.09
1999-11-24,86.14,75.89,15.53,5.98,44.5,47.14,50.54,27.62,101.92,46.16
1999-11-25,68.75,53.8,11.76,5.04,31.6,43.39,37.96,24.58,102.03,45.03
1999-11-26,56.7,42.2,10.71,4.17,26.4,39.9,37.6,23.24,77.44,44.55
1999-11-27,50.15,37.71,10.14,3.84,22.92,39.26,37.61,22.81,85.09,43.84
1999-11-28,50.77,39.56,13.19,6.45,23.42,34.96,33.2,22.23,80.4,44.06
1999-11-29,51.33,44.37,10.69,5.1,22.11,41.81,31.67,21.85,65.43,43.08
1999-11-30,51.49,40.22,10.0,4.43,25.06,30.7,33.21,21.54,50.82,43.08
1999-12-01,51.47,47.15,9.74,3.98,25.73,40.8,25.72,21.67,61.92,43.34
1999-12-02,70.9,58.3,13.6,4.59,33.92,40.39,41.17,27.68,64.27,49.28
1999-12-03,60.73,47.66,10.65,4.03,27.24,36.51,35.2,22.68,63.43,43.27
1999-12-04,54.3,46.71,9.74,3.69,25.98,32.06,39.13,20.96,56.0,42.86
1999-12-05,56.13,48.68,9.87,3.8,25.45,31.43,34.12,19.02,58.26,42.8
1999-12-06,55.4,45.21,9.87,3.95,25.59,35.08,34.01,18.79,57.74,42.27
1999-12-07,53.07,44.96,9.32,3.42,24.86,33.29,31.21,17.77,56.23,41.46
1999-12-08,47.93,39.37,8.72,3.0,24.22,33.81,24.98,17.72,56.7,41.09
1999-12-09,49.51,44.07,8.38,3.29,24.41,35.61,28.88,17.72,59.91,41.03
1999-12-10,50.67,44.24,8.41,3.23,24.15,36.18,28.33,17.72,60.9,40.84
1999-12-11,50.65,43.35,8.57,2.92,23.64,33.46,21.99,17.62,58.48,40.51
1999-12-12,49.12,41.9,8.14,2.55,23.07,31.15,25.99,17.12,58.33,40.11
1999-12-13,48.02,40.81,8.08,2.43,22.88,32.97,21.02,17.12,54.14,39.9
1999-12-14,48.3,41.71,7.79,2.64,22.7,33.43,24.99,16.54,46.01,39.84
1999-12-15,48.19,41.48,7.59,2.52,22.54,31.46,21.55,16.49,46.76,39.48
1999-12-16,47.71,41.77,7.5,2.31,22.85,34.53,19.36,17.34,56.07,39.39
1999-12-17,47.84,42.17,7.64,2.27,22.33,37.27,20.39,17.38,55.77,39.39
1999-12-18,46.18,41.19,7.64,2.24,21.66,32.28,25.21,17.55,39.65,38.88
1999-12-19,45.59,40.03,7.3,2.17,21.29,30.57,24.35,18.56,37.66,38.67
1999-12-20,46.06,40.25,10.4,2.88,21.11,33.78,28.77,18.31,39.26,38.52
1999-12-21,45.47,39.83,9.36,2.64,21.05,29.08,26.58,18.34,43.67,38.67
1999-12-22,47.34,44.14,8.29,2.46,20.48,28.22,35.03,18.2,49.91,38.19
1999-12-23,44.49,37.82,8.2,2.27,20.69,27.57,18.8,18.32,55.94,37.83
1999-12-24,43.11,39.24,8.64,2.16,20.69,29.99,24.58,17.8,58.84,37.89
1999-12-25,45.0,39.57,10.24,2.44,21.08,28.93,18.28,18.09,49.6,37.34
1999-12-26,44.15,39.33,9.74,2.23,20.01,27.76,20.88,17.31,44.87,37.43
1999-12-27,43.8,39.12,9.26,2.06,19.98,28.98,20.54,17.21,53.85,37.19
1999-12-28,43.24,38.06,8.66,2.04,19.58,29.44,20.83,17.29,62.43,37.46
1999-12-29,42.14,38.39,8.35,1.93,19.29,29.37,23.21,16.76,36.13,37.13
1999-12-30,42.02,36.95,8.35,2.06,19.29,30.24,20.7,15.99,32.92,36.64
1999-12-31,40.5,38.64,8.35,1.86,19.33,19.47,24.51,15.92,40.1,36.55
2000-01-01,43.49,38.19,8.01,1.89,18.38,39.64,19.04,15.65,34.84,36.49
2000-01-02,41.22,38.18,7.74,1.85,18.75,28.35,21.17,16.58,35.8,38.51
2000-01-03,42.57,39.1,7.8,1.93,18.47,29.98,23.7,16.45,44.77,36.76
2000-01-04,42.67,38.0,7.62,1.91,18.05,30.36,22.38,15.53,44.01,36.29
2000-01-05,41.56,37.62,7.38,1.91,17.78,32.0,20.47,16.75,60.9,38.74
2000-01-06,42.52,35.1,9.31,1.93,19.2,35.22,20.37,17.29,94.93,40.59
2000-01-07,40.41,39.47,8.32,2.18,17.97,36.41,22.67,16.71,85.48,36.82
2000-01-08,44.0,39.7,7.5,1.92,17.67,33.07,20.04,16.23,46.75,35.97
2000-01-09,44.93,39.97,8.75,2.33,21.37,32.34,32.48,16.73,49.29,38.16
2000-01-10,55.93,41.78,18.7,5.26,24.58,30.99,32.98,17.35,46.67,36.88
2000-01-11,43.02,37.04,9.85,3.17,18.78,30.01,33.71,16.6,34.94,35.94
2000-01-12,48.27,39.69,12.4,4.45,17.49,40.37,32.97,17.13,57.24,44.65
2000-01-13,56.63,46.15,13.68,5.12,21.76,33.24,27.25,18.51,89.44,41.96
2000-01-14,47.06,37.76,8.67,3.75,17.65,31.82,24.3,17.03,38.39,37.05
2000-01-15,42.32,37.21,7.77,3.03,16.55,30.23,22.61,15.36,43.37,36.12
2000-01-16,42.0,37.94,7.24,2.64,16.34,32.92,24.47,14.71,34.43,35.92
2000-01-17,43.33,37.79,6.92,2.53,15.95,30.28,23.85,16.19,36.19,35.6
2000-01-18,41.84,37.55,6.64,2.42,15.82,28.22,20.25,14.93,36.98,35.25
2000-01-19,41.97,39.69,7.71,2.68,15.62,28.63,21.48,14.08,58.35,35.05
2000-01-20,43.72,39.8,8.49,2.8,15.49,27.97,21.2,14.06,80.24,34.63
2000-01-21,42.74,39.69,7.24,2.44,15.39,27.28,20.17,13.76,74.54,34.43
2000-01-22,41.99,39.27,6.56,2.25,15.62,28.34,17.81,14.3,43.86,34.43
2000-01-23,64.67,49.94,19.22,9.59,27.46,41.12,28.91,24.12,45.79,40.43
2000-01-24,69.26,53.65,14.76,7.86,31.2,45.99,67.8,42.2,51.93,38.73
2000-01-25,62.36,50.28,12.71,6.18,24.69,40.12,58.91,34.98,41.47,39.9
2000-01-26,60.79,43.41,21.63,5.08,20.61,34.99,35.9,28.01,38.86,35.86
2000-01-27,50.8,41.09,14.68,3.93,19.03,35.92,30.6,28.11,56.55,34.85
2000-01-28,47.97,38.52,13.23,3.8,18.11,35.0,33.22,28.73,67.71,34.57
2000-01-29,44.69,37.35,10.82,3.25,16.81,30.77,35.74,26.81,32.94,34.32
2000-01-30,43.0,37.84,9.7,2.98,16.87,26.78,39.87,24.26,34.29,34.29
2000-01-31,43.47,38.39,9.33,2.78,16.37,40.21,34.04,22.26,32.03,33.9
2000-02-01,42.78,38.52,8.5,2.39,16.05,36.09,32.98,20.0,49.76,33.9
2000-02-02,42.37,38.52,8.04,2.42,15.75,33.33,26.12,19.89,77.5,33.62
2000-02-03,42.57,38.42,8.04,2.32,15.88,36.05,28.28,19.49,75.42,33.37
2000-02-04,42.3,37.69,7.65,2.21,15.49,35.35,28.8,19.09,74.02,32.88
2000-02-05,41.35,38.05,7.24,2.13,15.21,29.43,29.19,18.68,36.04,33.04
2000-02-06,67.71,50.46,11.74,5.41,29.47,36.62,47.53,25.82,52.56,43.86
2000-02-07,63.53,47.28,11.03,4.65,23.67,39.87,44.05,26.04,55.27,35.4
2000-02-08,52.55,43.86,10.42,4.3,19.26,36.82,47.04,22.05,39.29,34.35
2000-02-09,50.5,42.58,8.67,3.54,17.84,36.3,28.25,23.33,54.05,33.57
2000-02-10,48.29,41.15,7.56,3.13,16.87,29.47,45.93,28.97,73.57,33.23
2000-02-11,45.65,39.54,7.38,2.88,16.42,28.81,37.54,28.67,33.64,33.23
2000-02-12,43.99,38.95,7.12,2.59,15.85,26.79,46.13,28.68,27.68,32.71
2000-02-13,43.78,38.52,6.92,2.41,15.62,27.21,46.56,28.01,32.81,32.57
2000-02-14,42.8,38.52,6.84,2.33,15.62,27.52,34.37,20.13,29.05,32.57
2000-02-15,42.97,38.95,6.98,2.32,15.14,26.58,22.29,16.57,26.82,32.38
2000-02-16,42.75,39.06,6.67,2.11,14.96,26.97,20.38,16.17,30.83,32.02
2000-02-17,42.61,39.32,6.64,2.04,14.42,28.63,18.13,15.96,49.51,31.91
2000-02-18,42.66,38.68,6.42,1.91,14.18,27.54,20.11,15.54,53.98,31.8
2000-02-19,46.38,40.71,7.79,2.27,16.55,32.98,32.5,17.73,56.82,45.64
2000-02-20,57.98,49.9,15.02,3.18,22.34,38.32,47.52,21.4,70.72,40.91
2000-02-21,50.73,44.48,8.65,2.86,17.25,31.22,41.23,17.69,53.7,34.29
2000-02-22,48.65,42.05,7.33,2.36,15.77,29.83,28.76,17.18,47.52,33.34
2000-02-23,45.25,40.45,6.87,2.12,15.77,27.85,28.93,17.98,40.5,32.85
2000-02-24,43.02,38.95,6.73,2.04,14.72,36.75,31.64,16.57,41.19,32.54
2000-02-25,42.93,39.83,6.53,1.91,14.52,35.92,27.07,16.53,48.41,32.05
2000-02-26,43.86,38.55,6.29,1.91,13.83,24.83,27.69,16.87,49.23,31.88
2000-02-27,42.13,38.61,6.42,1.91,13.81,25.2,31.4,16.6,44.55,31.27
2000-02-28,41.68,39.32,6.04,1.8,13.83,27.02,25.76,16.39,48.27,31.56
2000-02-29,43.38,38.84,5.86,1.73,13.55,26.33,24.97,16.37,41.96,31.32
2000-03-01,41.35,38.63,5.84,1.73,13.15,25.89,23.5,17.03,37.73,31.08
2000-03-02,41.96,38.68,5.46,1.72,12.68,25.06,22.55,15.72,41.43,31.3
2000-03-03,41.89,38.57,5.53,1.63,12.01,24.67,22.05,15.41,48.58,31.35
2000-03-04,54.06,43.39,12.08,2.7,15.53,25.63,25.1,16.31,49.33,31.68
2000-03-05,70.83,55.76,15.46,4.41,21.58,24.67,23.7,18.08,61.08,31.46
2000-03-06,49.68,40.3,8.11,2.45,14.52,25.94,25.59,16.6,62.47,30.89
2000-03-07,44.59,39.32,7.15,2.07,13.19,23.98,24.73,15.49,62.63,30.62
2000-03-08,42.78,38.52,6.54,1.88,13.38,25.52,23.55,15.09,52.5,30.62
2000-03-09,41.85,38.52,6.13,1.83,12.92,29.35,25.7,14.88,48.3,30.62
2000-03-10,41.89,38.52,5.99,1.73,12.35,23.68,22.21,15.9,46.18,30.62
2000-03-11,47.83,44.84,8.18,2.05,18.59,40.58,38.04,29.24,91.71,47.9
2000-03-12,76.74,63.82,16.61,3.56,26.88,45.86,74.68,35.61,93.52,40.14
2000-03-13,59.32,51.09,9.38,2.64,17.51,41.76,50.82,28.42,52.38,32.93
2000-03-14,51.81,45.33,7.57,2.13,14.69,33.89,43.26,22.62,49.88,31.51
2000-03-15,51.22,46.82,7.2,1.95,14.56,36.87,38.68,22.74,55.98,32.15
2000-03-16,85.43,62.63,17.97,7.53,24.91,52.91,73.59,41.61,79.52,56.89
2000-03-17,73.47,58.09,14.53,5.44,19.76,45.2,84.25,45.55,53.6,36.15
2000-03-18,60.3,51.11,9.41,4.03,16.68,35.58,53.08,43.97,79.28,33.87
2000-03-19,57.12,45.5,10.18,5.38,16.29,35.54,51.0,36.02,84.96,47.94
2000-03-20,50.05,42.06,9.22,5.57,16.4,34.53,40.64,32.23,80.52,36.83
2000-03-21,47.45,41.71,7.77,3.63,14.65,34.96,42.1,29.65,63.24,34.24
2000-03-22,46.6,40.07,7.15,4.2,13.46,30.26,42.75,26.46,63.24,33.54
2000-03-23,69.3,47.73,21.6,12.55,21.53,60.19,45.68,35.73,62.34,51.06
2000-03-24,82.37,59.16,23.06,16.25,33.37,79.37,89.98,50.54,88.73,46.43
2000-03-25,58.4,46.05,11.07,7.93,20.3,46.01,61.73,42.64,53.59,36.5
2000-03-26,50.72,42.6,9.3,5.57,17.46,35.91,52.39,38.28,47.66,34.6
2000-03-27,50.01,40.88,8.35,4.64,16.16,36.71,53.07,32.89,51.62,33.43
2000-03-28,64.85,54.78,17.19,9.98,21.23,52.96,46.59,32.23,58.2,41.26
2000-03-29,77.07,60.84,14.09,8.32,23.19,64.73,47.15,32.15,45.25,34.44
2000-03-30,59.72,47.6,9.41,5.8,18.01,61.67,39.13,31.05,46.27,32.96
2000-03-31,54.23,46.89,9.61,4.94,16.79,64.5,36.56,28.33,44.51,32.3
2000-04-01,58.3,50.39,10.96,4.78,17.47,52.94,43.58,27.25,44.45,31.99
2000-04-02,54.17,46.08,8.35,4.06,15.62,40.53,41.88,26.64,50.64,33.36
2000-04-03,50.0,44.04,7.56,3.63,15.44,59.28,41.69,26.86,54.17,33.93
2000-04-04,49.93,44.57,7.47,3.39,15.51,44.35,44.87,26.2,73.22,35.9
2000-04-05,80.13,62.8,25.54,6.34,20.93,48.0,46.56,27.95,99.04,39.21
2000-04-06,62.32,50.38,11.4,4.22,16.98,43.36,46.33,26.14,70.05,34.24
2000-04-07,55.3,47.95,9.01,3.48,15.59,32.54,41.2,24.22,60.76,32.82
2000-04-08,51.19,44.93,8.29,3.24,14.23,38.66,36.37,23.54,54.51,32.1
2000-04-09,48.87,42.97,7.56,2.79,13.76,31.09,33.69,22.88,49.6,31.27
2000-04-10,54.98,44.62,8.95,2.79,24.44,53.93,49.78,32.17,59.37,40.81
2000-04-11,51.38,43.62,8.68,2.99,19.98,37.26,50.4,31.64,54.07,34.76
2000-04-12,45.06,40.34,7.21,2.32,14.87,32.96,40.51,25.88,50.46,32.49
2000-04-13,44.88,39.8,7.01,2.13,13.55,31.67,42.64,25.93,52.19,31.73
2000-04-14,44.41,39.8,6.64,2.1,13.26,27.12,44.8,26.15,52.88,31.27
2000-04-15,45.52,40.12,8.34,2.25,13.17,35.67,36.95,25.77,62.55,37.84
2000-04-16,44.19,39.75,7.84,2.23,13.05,29.99,38.96,24.75,57.77,32.27
2000-04-17,42.12,39.05,7.07,1.92,11.09,30.22,40.11,23.18,50.64,31.13
2000-04-18,42.19,39.37,6.4,1.85,11.78,26.93,37.1,21.42,49.66,30.62
2000-04-19,47.46,38.7,10.14,2.94,13.94,32.09,34.48,22.53,61.65,35.99
2000-04-20,44.25,39.8,8.71,3.37,13.9,79.93,33.34,23.11,62.07,33.64
2000-04-21,44.36,39.69,7.75,2.27,13.49,35.99,35.19,20.99,59.27,31.86
2000-04-22,43.05,39.75,7.92,2.11,13.39,30.09,35.86,20.29,49.02,31.03
2000-04-23,41.69,40.39,7.09,1.88,11.47,27.99,30.34,19.24,39.9,30.62
2000-04-24,41.48,38.55,6.84,1.72,11.13,25.69,30.64,18.59,41.85,30.81
2000-04-25,49.23,51.56,6.67,1.74,10.63,25.57,23.7,18.21,46.76,30.62
2000-04-26,122.73,74.55,88.26,9.91,23.83,40.7,63.97,33.9,119.36,60.56
2000-04-27,82.55,58.56,35.13,6.17,18.49,44.88,51.63,28.57,67.66,36.31
2000-04-28,53.18,43.43,17.53,3.78,14.2,32.07,38.55,24.26,48.18,33.07
2000-04-29,46.95,40.98,12.14,2.99,13.03,30.86,32.89,23.11,49.46,31.72
2000-04-30,46.23,39.43,12.86,3.1,12.64,29.72,35.45,22.24,59.11,51.21
2000-05-01,44.65,40.66,11.32,3.63,12.85,38.78,33.95,24.9,122.86,54.2
2000-05-02,42.11,39.8,9.01,2.66,10.85,32.11,43.46,27.92,56.63,38.23
2000-05-03,41.79,39.91,8.56,2.24,10.74,27.98,41.71,28.31,60.74,35.43
2000-05-04,41.68,40.61,8.04,1.91,10.22,27.34,45.42,27.75,61.63,33.9
2000-05-05,41.93,41.05,8.04,1.91,9.85,25.79,41.83,27.03,61.01,32.98
2000-05-06,42.7,41.86,8.04,1.81,9.49,24.41,34.12,26.72,54.6,31.94
2000-05-07,43.14,41.81,8.19,1.72,8.64,23.52,35.59,26.1,51.12,31.22
2000-05-08,42.37,41.64,7.95,1.71,8.63,33.27,32.0,18.35,47.23,30.73
2000-05-09,42.41,41.7,7.54,1.55,8.35,28.22,31.26,17.0,42.05,30.65
2000-05-10,41.86,41.04,6.21,1.55,,29.24,22.12,15.87,46.17,30.62
2000-05-11,50.72,46.72,10.94,2.33,8.14,30.62,28.03,18.62,41.48,31.52
2000-05-12,47.42,41.94,7.68,1.83,,31.43,30.46,19.08,39.61,30.62
2000-05-13,43.06,43.28,7.24,2.0,6.74,27.57,21.36,17.81,38.59,30.62
2000-05-14,44.83,41.48,7.26,2.34,7.35,25.86,24.92,18.06,37.19,30.62
2000-05-15,41.23,41.37,6.64,1.85,,28.07,30.18,17.12,45.45,30.62
2000-05-16,42.64,41.04,7.15,2.16,,38.13,48.38,18.58,54.68,34.75
2000-05-17,45.59,40.91,10.31,2.9,14.91,57.38,62.46,31.32,90.3,42.22
2000-05-18,39.09,39.92,7.01,2.71,8.48,50.63,43.99,20.66,66.02,31.0
2000-05-19,41.18,42.03,5.71,2.21,5.18,32.38,27.62,18.78,55.75,30.62
2000-05-20,40.71,42.37,7.39,2.1,4.89,31.62,19.57,17.99,49.84,30.62
2000-05-21,43.32,43.88,9.78,1.93,4.1,24.35,20.58,16.28,40.95,30.62
2000-05-22,31.29,22.97,6.26,1.82,3.41,27.81,21.0,16.6,35.01,30.62
2000-05-23,21.88,22.97,5.71,1.72,3.72,36.1,17.74,16.63,33.89,30.62
2000-05-24,22.99,22.54,5.58,1.71,,29.42,16.99,15.97,30.05,30.62
2000-05-25,21.61,22.48,5.48,1.55,,30.91,18.19,15.76,27.85,28.14
2000-05-26,23.24,24.4,5.21,1.51,,26.26,23.44,16.47,29.93,30.62
2000-05-27,61.43,67.95,25.66,6.37,84.24,148.0,258.25,157.49,531.87,423.44
2000-05-28,87.81,59.83,14.86,4.96,56.76,176.8,251.9,128.81,524.24,214.85
2000-05-29,39.4,33.64,7.08,2.8,16.44,91.79,133.68,64.73,200.33,74.81
2000-05-30,41.93,50.99,5.66,2.18,14.86,69.2,78.99,47.25,115.05,55.05
2000-05-31,320.38,275.27,87.01,37.44,183.72,119.39,120.72,74.24,173.72,119.59
2000-06-01,419.59,375.12,35.13,22.14,120.79,71.87,158.98,102.19,199.15,83.39
2000-06-02,163.98,128.08,10.34,8.33,39.55,88.77,122.49,68.63,120.73,54.71
2000-06-03,158.96,160.44,16.69,13.96,179.35,791.4,974.83,470.65,1100.35,748.16
2000-06-04,275.63,264.86,13.5,9.76,96.14,965.92,750.39,399.62,1180.85,552.75
2000-06-05,144.09,119.55,8.5,5.99,42.48,256.68,375.55,225.38,529.14,196.56
2000-06-06,110.78,96.42,7.47,4.49,28.36,172.45,233.03,150.57,290.85,106.05
2000-06-07,93.88,83.97,7.33,3.41,19.56,129.88,180.55,111.6,182.92,77.08
2000-06-08,106.04,83.24,11.56,15.53,28.75,196.37,190.94,136.87,188.89,150.06
2000-06-09,180.63,127.4,31.29,32.72,62.68,371.98,275.85,175.92,635.94,328.59
2000-06-10,116.09,82.68,12.32,11.41,21.33,146.65,197.61,123.46,239.51,115.63
2000-06-11,100.97,86.69,16.75,9.95,31.6,159.34,215.96,141.72,362.72,173.3
2000-06-12,81.06,69.22,10.71,6.57,20.93,141.39,182.89,114.84,255.46,130.78
2000-06-13,71.13,63.28,8.85,5.51,16.69,108.8,162.76,101.55,335.71,165.54
2000-06-14,68.61,64.36,7.98,4.32,17.22,79.11,152.61,89.72,228.74,94.74
2000-06-15,52.41,42.26,7.09,3.55,7.32,59.82,115.9,79.84,172.68,75.03
2000-06-16,31.59,41.48,6.48,3.15,3.01,47.48,107.9,64.38,160.09,66.11
2000-06-17,492.9,477.57,118.65,70.95,254.14,158.89,410.72,264.93,354.81,139.36
2000-06-18,429.96,324.62,43.25,28.8,118.47,211.04,420.67,263.47,387.37,122.47
2000-06-19,191.51,153.97,20.41,12.5,41.0,130.31,254.17,171.54,272.89,81.42
2000-06-20,124.9,102.24,13.98,8.57,27.58,91.65,197.63,131.67,208.01,67.35
2000-06-21,201.78,97.89,113.56,53.21,29.25,121.28,208.16,145.08,232.48,123.99
2000-06-22,116.1,84.47,34.02,19.84,27.25,121.87,170.57,117.23,181.28,73.62
2000-06-23,129.33,97.01,36.86,18.53,45.8,101.31,187.84,123.88,152.25,65.29
2000-06-24,180.61,118.1,58.93,25.46,65.28,825.42,1060.3,588.67,947.49,499.65
2000-06-25,258.34,211.57,66.88,32.22,99.72,909.68,1096.25,649.84,1823.45,683.27
2000-06-26,175.25,133.27,35.06,15.94,46.76,266.22,472.0,302.18,569.5,209.19
2000-06-27,274.0,167.18,67.44,26.5,60.72,168.0,294.21,198.24,328.79,128.48
2000-06-28,1545.56,1102.33,289.74,107.42,514.06,205.11,355.52,246.58,403.36,155.21
2000-06-29,624.97,423.42,96.71,47.85,205.06,218.27,317.44,216.45,385.7,129.02
2000-06-30,290.34,213.59,56.04,21.9,96.78,165.87,239.71,157.84,262.87,92.37
2000-07-01,185.04,133.38,37.87,14.42,60.1,95.63,186.54,123.94,200.29,76.35
2000-07-02,137.76,112.16,27.35,10.72,45.59,72.1,177.37,114.4,169.92,69.23
2000-07-03,157.06,114.82,31.84,8.57,49.41,125.73,184.36,110.99,156.33,65.66
2000-07-04,151.1,102.62,27.22,7.35,47.16,85.36,164.01,103.57,167.51,60.38
2000-07-05,136.7,97.41,19.76,6.76,47.39,71.67,161.79,118.37,153.22,56.89
2000-07-06,97.9,74.85,17.05,5.42,26.41,78.81,160.02,89.89,131.59,53.99
2000-07-07,85.66,64.84,14.87,5.05,21.27,57.64,120.03,74.48,130.96,51.44
2000-07-08,76.23,61.0,13.74,4.3,15.14,50.15,121.29,71.65,112.93,49.53
2000-07-09,72.96,52.86,12.65,3.79,13.04,46.65,106.8,67.55,87.32,48.59
2000-07-10,76.09,57.89,12.53,4.16,13.2,53.14,108.09,65.12,87.7,48.86
2000-07-11,100.88,71.76,31.69,12.28,35.54,48.71,100.71,71.78,78.81,49.16
2000-07-12,204.73,159.48,26.92,27.21,123.66,140.2,242.54,173.22,131.37,114.68
2000-07-13,137.02,93.35,16.22,10.23,44.3,148.98,276.22,170.34,155.55,71.28
2000-07-14,109.88,81.0,16.32,6.87,36.55,103.8,410.62,275.98,105.86,60.63
2000-07-15,92.76,70.28,12.28,5.67,24.24,66.09,216.63,153.39,90.93,50.21
2000-07-16,75.25,59.18,9.73,4.64,16.31,50.92,171.77,113.01,84.48,46.86
2000-07-17,64.99,49.28,9.08,4.16,14.97,58.19,139.82,92.5,70.86,44.52
2000-07-18,58.81,47.09,7.98,3.7,13.37,45.63,120.2,79.42,73.61,42.94
2000-07-19,78.16,45.12,10.29,3.88,11.75,47.91,122.82,81.48,66.76,49.84
2000-07-20,98.73,52.04,15.0,5.18,14.48,71.88,107.01,77.18,81.85,59.4
2000-07-21,54.8,27.44,8.14,3.56,12.39,55.04,82.41,70.65,99.98,47.9
2000-07-22,47.36,38.31,6.95,2.86,12.64,47.79,94.01,58.9,59.5,41.72
2000-07-23,55.4,33.99,6.29,2.69,15.41,37.02,76.96,55.18,56.58,40.76
2000-07-24,120.3,50.65,121.75,125.82,22.6,87.17,93.91,58.81,74.74,46.63
2000-07-25,165.16,73.95,71.82,63.37,72.83,809.13,241.09,192.73,303.58,252.73
2000-07-26,76.92,37.44,26.83,18.63,35.21,416.93,397.03,218.16,413.81,230.58
2000-07-27,61.83,35.98,20.02,11.95,32.45,216.9,203.61,126.19,274.39,124.18
2000-07-28,61.79,36.72,21.62,10.83,27.01,148.48,169.83,100.15,357.71,110.19
2000-07-29,45.57,34.19,12.12,7.57,20.81,104.96,134.18,86.23,368.31,133.47
2000-07-30,39.56,36.05,10.61,6.79,17.18,108.66,146.91,92.21,399.04,154.23
2000-07-31,54.86,40.79,14.67,32.33,35.4,514.44,507.33,338.85,704.77,291.48
2000-08-01,69.75,37.44,24.48,14.85,53.19,390.7,508.79,309.35,762.88,222.91
2000-08-02,61.3,34.55,26.04,14.73,28.76,223.52,347.53,231.94,490.01,169.53
2000-08-03,70.81,34.37,35.58,13.15,25.31,188.91,278.66,179.53,499.56,167.4
2000-08-04,53.8,35.62,16.64,9.74,14.85,139.69,221.02,137.72,375.89,123.84
2000-08-05,42.76,37.09,10.17,6.73,7.58,114.78,176.22,109.08,254.59,91.82
2000-08-06,49.28,39.33,8.3,5.86,5.38,87.42,159.32,90.66,179.53,77.07
2000-08-07,75.85,44.82,7.82,4.97,4.13,81.8,128.65,76.58,152.32,66.67
2000-08-08,77.3,35.48,7.89,4.36,6.4,69.09,121.08,67.44,147.82,61.69
2000-08-09,63.37,46.79,8.33,4.55,7.83,61.82,94.58,60.49,119.52,55.2
2000-08-10,70.38,42.84,7.42,4.35,17.4,56.21,97.02,53.41,113.63,50.97
2000-08-11,53.14,36.64,7.09,4.48,6.78,49.71,96.38,48.96,101.77,47.56
2000-08-12,43.94,36.42,7.09,4.47,5.18,50.16,71.74,45.12,109.45,45.62
2000-08-13,42.67,37.88,7.09,4.11,5.74,41.31,70.77,42.73,95.64,43.9
2000-08-14,40.56,30.05,6.92,3.79,4.01,44.51,71.44,40.12,88.82,41.29
2000-08-15,42.2,26.17,6.76,3.38,4.13,40.82,73.57,38.1,82.94,39.97
2000-08-16,36.7,28.37,7.92,3.58,3.63,43.16,71.96,37.66,85.77,41.47
2000-08-17,50.21,27.46,7.09,12.45,6.89,893.75,218.7,67.53,130.14,123.58
2000-08-18,87.89,33.34,7.15,9.16,22.23,770.06,734.18,141.47,448.55,410.31
2000-08-19,137.84,38.08,23.27,10.93,33.83,579.68,340.86,100.4,269.3,157.96
2000-08-20,171.39,61.79,44.05,27.98,28.95,455.29,285.54,104.1,215.41,124.81
2000-08-21,256.82,61.07,66.26,69.03,158.02,335.09,301.82,118.34,186.85,114.29
2000-08-22,140.13,59.61,27.58,18.7,131.29,209.89,222.92,99.94,152.27,82.71
2000-08-23,92.26,41.43,18.75,10.64,56.55,133.02,170.39,78.14,114.4,67.92
2000-08-24,60.33,32.15,13.93,8.13,26.5,112.28,152.4,65.9,118.33,67.47
2000-08-25,67.59,37.61,16.59,6.87,16.31,94.91,134.68,63.08,101.22,57.38
2000-08-26,51.55,34.52,10.27,5.82,11.62,67.95,108.56,55.61,94.73,52.36
2000-08-27,47.98,35.86,8.14,5.15,8.83,56.21,109.1,50.46,95.72,48.6
2000-08-28,47.62,34.52,7.83,4.87,6.8,68.63,92.51,45.86,97.66,49.49
2000-08-29,42.99,31.27,7.09,4.6,6.09,60.43,83.29,42.89,144.64,68.87
2000-08-30,40.58,31.12,7.09,4.4,5.78,65.51,79.8,44.85,344.05,131.89
2000-08-31,40.4,31.88,7.61,4.22,6.52,83.98,91.61,46.71,342.79,132.15
2000-09-01,95.36,28.19,15.17,35.46,10.92,60.22,98.24,57.44,261.31,101.82
2000-09-02,64.52,34.69,12.02,12.67,14.0,47.97,73.08,44.75,198.95,72.75
2000-09-03,215.31,62.19,55.29,8.37,19.81,46.69,70.98,41.48,162.37,64.97
2000-09-04,122.65,42.38,26.76,10.75,24.71,70.33,121.49,69.32,265.71,100.98
2000-09-05,64.08,30.73,14.73,6.9,12.11,61.87,76.92,50.75,194.32,62.66
2000-09-06,52.35,30.6,11.57,5.59,7.6,58.21,58.72,42.88,145.29,56.13
2000-09-07,50.81,33.15,10.08,4.98,5.73,63.99,55.27,38.76,126.12,51.64
2000-09-08,51.61,33.76,10.25,4.87,5.49,71.07,52.85,38.9,176.84,71.51
2000-09-09,64.08,31.76,24.07,17.19,7.06,53.06,65.31,44.48,288.45,99.27
2000-09-10,56.61,30.94,15.47,12.33,8.23,52.17,67.23,41.0,210.44,74.39
2000-09-11,53.76,33.18,12.18,7.61,6.16,67.62,54.12,37.26,221.11,81.71
2000-09-12,50.97,33.08,11.38,6.03,5.3,47.56,52.64,36.34,221.94,94.15
2000-09-13,98.53,32.7,26.79,6.96,61.69,94.56,205.97,227.73,1235.5,314.03
2000-09-14,91.2,51.69,25.43,8.94,62.91,141.34,548.52,470.92,1798.09,373.27
2000-09-15,95.28,52.78,20.04,6.99,39.8,119.91,608.62,481.49,1945.21,374.65
2000-09-16,75.09,35.92,14.69,6.61,25.6,129.1,351.91,274.73,784.32,233.74
2000-09-17,55.68,32.88,11.85,6.15,16.12,57.89,236.59,175.36,417.95,145.4
2000-09-18,52.69,31.2,9.87,4.98,9.11,65.29,183.06,127.34,307.96,110.13
2000-09-19,47.06,31.21,8.61,4.69,6.59,77.82,152.41,97.5,241.06,90.65
2000-09-20,47.01,33.99,8.39,4.25,5.37,58.64,128.37,86.52,192.88,80.0
2000-09-21,51.56,34.33,19.38,4.4,5.93,57.34,128.39,80.07,233.3,76.74
2000-09-22,82.0,31.14,50.98,7.0,9.73,57.53,116.07,75.79,197.78,78.07
2000-09-23,93.54,30.75,57.1,13.0,28.99,66.03,118.33,73.83,211.93,89.22
2000-09-24,54.15,30.08,22.29,6.5,17.83,47.68,104.73,61.37,163.2,68.66
2000-09-25,48.8,30.02,17.34,4.97,21.38,57.78,91.65,54.91,149.18,64.99
2000-09-26,46.54,30.53,14.62,5.02,21.24,49.27,80.76,49.61,142.97,62.8
2000-09-27,43.79,29.49,12.93,4.55,20.22,46.68,82.12,48.14,147.87,61.19
2000-09-28,41.33,30.45,12.12,4.76,19.44,48.36,69.0,46.4,137.09,59.34
2000-09-29,53.23,28.67,28.68,4.68,22.05,46.7,71.59,40.08,134.16,59.27
2000-09-30,149.1,44.55,57.2,13.68,45.88,62.9,66.41,41.67,127.64,59.8
2000-10-01,148.13,67.49,53.31,15.34,101.34,123.72,115.5,59.35,152.03,95.58
2000-10-02,90.5,39.47,33.06,9.24,43.3,84.38,87.18,46.61,131.09,69.12
2000-10-03,114.59,56.61,51.53,14.83,37.28,58.08,100.09,59.49,116.16,67.06
2000-10-04,77.18,41.07,29.6,8.3,30.13,46.31,90.28,50.02,103.38,59.91
2000-10-05,63.48,31.68,33.29,6.61,24.57,43.61,79.89,45.02,93.21,57.66
2000-10-06,57.27,31.91,21.73,5.65,22.4,39.09,62.05,42.01,88.04,55.9
2000-10-07,53.98,31.51,18.22,5.25,20.75,38.28,74.44,40.59,90.36,53.8
2000-10-08,57.18,30.89,17.49,5.45,26.45,45.16,74.88,45.58,158.12,94.23
2000-10-09,78.2,37.06,30.02,16.48,28.58,51.73,95.76,49.12,155.59,70.48
2000-10-10,58.82,31.82,19.43,9.07,21.73,48.89,74.49,44.81,104.02,60.55
2000-10-11,55.36,32.94,16.5,6.88,19.71,47.82,65.37,40.82,109.34,57.4
2000-10-12,49.53,31.58,14.62,6.13,18.48,47.05,58.68,37.71,103.08,54.91
2000-10-13,46.79,31.58,13.66,5.57,18.27,49.88,48.84,35.79,114.73,52.83
2000-10-14,46.11,32.59,12.61,6.05,21.88,47.92,62.04,35.79,122.35,51.11
2000-10-15,45.4,31.58,12.26,4.6,25.66,48.0,58.03,35.79,107.25,49.28
2000-10-16,43.95,34.46,11.61,4.4,23.07,48.52,48.24,33.42,109.29,47.89
2000-10-17,47.55,32.15,11.19,3.82,20.22,45.27,37.65,29.47,91.41,47.96
2000-10-18,49.2,31.42,15.44,5.19,21.88,44.56,36.12,31.52,104.98,69.76
2000-10-19,43.14,32.35,11.76,4.31,19.8,38.3,36.88,32.98,74.19,50.74
2000-10-20,51.1,30.92,18.09,5.83,31.37,46.45,62.75,42.94,141.88,61.13
2000-10-21,43.79,30.95,13.44,5.42,22.95,38.27,52.31,44.24,98.52,50.8
2000-10-22,42.26,33.32,11.09,4.42,20.04,37.28,60.51,38.78,85.97,48.56
2000-10-23,46.81,31.9,13.08,5.53,20.01,39.54,58.17,36.88,86.12,47.28
2000-10-24,44.84,31.22,13.75,7.27,20.81,43.26,60.06,30.34,84.42,46.61
2000-10-25,47.14,30.55,18.44,11.02,21.31,46.47,47.5,30.48,88.42,46.07
2000-10-26,42.28,31.68,13.46,7.67,20.07,43.27,63.18,31.21,87.23,44.82
2000-10-27,41.62,34.11,11.46,5.65,19.01,40.46,48.45,32.03,93.34,44.3
2000-10-28,44.66,31.53,11.51,5.84,20.8,43.89,62.2,41.33,122.93,75.71
2000-10-29,41.98,31.24,12.87,6.06,23.65,54.42,113.8,54.87,153.89,73.63
2000-10-30,41.21,33.93,10.68,5.42,19.29,49.15,66.73,39.16,100.28,53.77
2000-10-31,43.05,34.33,10.32,4.67,19.02,38.57,69.86,32.15,106.12,50.8
2000-11-01,203.42,86.95,112.72,32.68,76.8,184.35,200.38,100.44,150.46,89.05
2000-11-02,870.25,472.68,432.08,143.79,317.61,221.6,508.95,246.44,205.0,94.82
2000-11-03,258.91,137.86,86.26,37.24,85.12,146.63,319.47,177.27,163.33,70.35
2000-11-04,146.29,82.05,55.28,18.31,47.18,108.49,200.65,119.97,152.73,61.66
2000-11-05,114.51,66.68,41.88,13.05,36.05,71.72,158.14,97.08,128.96,57.03
2000-11-06,95.12,58.0,32.82,10.31,30.87,73.04,134.12,85.52,115.44,53.4
2000-11-07,83.04,53.55,27.78,8.74,28.16,45.84,126.81,75.07,104.79,50.97
2000-11-08,76.63,48.94,24.5,7.66,26.23,41.86,108.8,64.37,106.75,49.07
2000-11-09,71.7,46.14,21.99,6.85,25.13,41.75,95.56,60.03,90.67,47.28
2000-11-10,66.61,44.14,20.15,6.49,24.42,45.72,105.59,56.74,105.41,53.29
2000-11-11,63.61,42.39,18.63,6.03,22.96,44.1,64.31,54.16,91.91,45.58
2000-11-12,61.92,42.41,17.55,5.4,22.18,43.25,109.24,51.93,87.63,43.72
2000-11-13,58.76,41.23,16.37,4.83,21.88,42.7,63.67,50.23,86.33,42.82
2000-11-14,55.57,40.24,15.22,4.44,20.93,39.35,72.75,43.42,82.66,42.41
2000-11-15,59.33,42.93,18.8,4.63,26.71,42.3,60.84,39.61,87.98,41.78
2000-11-16,60.5,43.42,17.08,4.6,25.07,40.56,70.12,42.06,70.9,41.05
2000-11-17,62.75,47.03,17.94,4.68,29.44,50.83,64.34,43.75,69.61,43.2
2000-11-18,57.67,42.16,15.66,4.29,22.37,35.73,64.61,38.88,63.7,40.0
2000-11-19,52.56,41.59,14.15,3.76,21.09,34.45,66.45,36.77,72.43,39.08
2000-11-20,76.98,43.25,23.04,9.39,27.46,44.96,63.58,42.66,93.87,52.65
2000-11-21,82.6,48.96,28.48,10.94,39.52,50.7,96.88,48.96,103.71,46.18
2000-11-22,59.5,43.63,16.69,6.17,25.66,41.82,67.91,41.74,79.94,40.74
2000-11-23,56.55,41.86,15.13,4.77,22.75,38.23,64.39,35.67,73.83,39.78
2000-11-24,53.52,39.96,13.83,4.46,21.72,39.11,66.51,34.38,76.48,39.05
2000-11-25,52.02,39.85,12.92,4.09,21.28,39.08,52.07,33.68,79.72,38.8
2000-11-26,51.9,39.96,12.88,4.47,20.87,37.25,56.6,30.86,78.95,39.48
2000-11-27,50.92,39.84,12.61,3.62,20.19,41.6,41.64,29.14,76.18,37.65
2000-11-28,48.61,37.57,11.91,3.65,19.58,36.9,46.84,28.2,70.88,36.94
2000-11-29,46.13,35.44,11.27,3.43,19.04,37.64,52.35,27.35,64.76,36.41
2000-11-30,46.98,35.06,11.49,3.34,18.57,34.76,38.21,28.09,72.97,36.87
2000-12-01,46.48,36.19,11.19,3.33,23.85,41.79,57.18,36.86,97.61,62.32
2000-12-02,46.66,35.55,10.61,3.2,19.92,35.39,51.47,34.85,95.76,41.92
2000-12-03,47.82,34.81,10.68,3.14,21.77,34.97,57.12,35.3,79.57,45.57
2000-12-04,45.29,34.44,10.46,2.98,19.65,39.19,37.72,30.67,78.28,40.0
2000-12-05,43.88,34.64,10.21,2.88,17.8,38.36,43.49,27.72,70.6,38.59
2000-12-06,43.21,34.26,9.83,2.58,18.04,38.14,37.57,26.8,70.68,37.59
2000-12-07,43.75,37.28,9.38,2.54,17.13,36.71,34.4,25.84,71.66,36.74
2000-12-08,44.88,36.99,9.38,2.52,17.44,36.03,32.18,25.7,62.72,36.38
2000-12-09,43.34,37.66,9.38,2.49,17.26,35.84,42.65,25.18,83.14,36.0
2000-12-10,46.91,37.17,13.63,2.88,18.75,37.52,48.23,26.85,97.31,44.01
2000-12-11,44.76,37.69,11.08,3.08,17.55,36.55,41.81,25.32,80.82,36.44
2000-12-12,44.47,37.79,9.38,2.58,16.48,36.75,38.62,23.62,77.0,35.3
2000-12-13,43.85,37.84,9.38,3.2,16.48,33.53,29.72,23.27,77.44,34.98
2000-12-14,43.46,37.45,9.38,1.93,16.56,35.46,37.77,23.98,76.5,36.78
2000-12-15,42.56,37.55,8.91,2.1,16.07,33.41,41.7,22.78,66.44,34.75
2000-12-16,42.9,37.94,8.58,2.24,15.74,31.76,35.04,22.22,60.33,34.15
2000-12-17,52.02,37.35,14.13,3.28,19.96,35.26,31.25,27.76,76.02,38.53
2000-12-18,46.04,37.22,11.13,3.26,19.34,36.32,32.79,25.9,74.0,40.22
2000-12-19,43.62,35.35,10.47,3.05,24.82,32.85,33.3,26.31,67.61,38.7
2000-12-20,42.9,39.05,9.38,2.56,17.93,31.51,34.58,22.78,76.01,35.83
2000-12-21,44.62,39.86,9.35,2.42,16.78,30.03,43.03,23.66,57.61,35.42
2000-12-22,44.3,36.04,8.91,2.31,16.15,29.29,32.15,24.03,65.44,33.95
2000-12-23,40.5,37.96,9.03,2.3,16.15,30.13,30.07,22.63,65.38,33.38
2000-12-24,43.48,39.48,9.19,2.29,16.01,28.4,29.34,22.28,66.07,32.71
2000-12-25,43.81,40.67,9.66,2.37,15.95,30.21,31.21,21.84,68.62,32.26
2000-12-26,43.78,40.07,8.88,2.1,16.21,28.88,41.98,22.41,60.26,31.68
2000-12-27,43.31,40.28,8.42,2.1,15.07,29.06,28.47,21.3,57.14,31.66
2000-12-28,42.57,40.07,7.82,1.97,14.75,30.0,29.87,21.19,59.75,31.49
2000-12-29,42.28,40.18,7.82,1.91,14.08,28.59,33.15,19.46,56.89,30.95
2000-12-30,42.63,40.45,7.82,1.98,13.93,28.97,30.7,20.49,59.2,30.68
2000-12-31,42.85,40.29,7.82,1.92,14.99,28.56,29.34,20.39,63.51,30.33
2001-01-01,43.52,41.08,7.82,1.63,15.29,30.33,35.59,20.23,55.08,29.87
2001-01-02,43.13,41.56,8.47,1.63,15.02,30.21,39.0,20.1,54.73,29.69
2001-01-03,44.12,42.2,8.39,1.65,14.84,32.05,38.97,20.29,50.95,29.53
2001-01-04,43.15,41.27,7.82,1.63,14.78,31.9,36.43,19.68,52.85,29.15
2001-01-05,42.3,41.37,8.04,1.63,14.43,44.37,34.94,19.11,53.55,29.02
2001-01-06,42.45,41.17,7.82,1.51,14.7,34.81,36.6,19.38,62.8,29.02
2001-01-07,49.91,40.07,13.61,2.04,20.07,37.81,36.57,20.77,85.44,56.47
2001-01-08,46.7,40.73,13.3,2.91,18.73,41.82,37.21,23.85,116.97,38.87
2001-01-09,56.53,44.83,12.83,3.48,19.74,55.08,40.3,21.46,105.06,33.89
2001-01-10,64.65,39.2,22.26,6.6,29.86,43.47,45.57,26.93,105.67,32.7
2001-01-11,45.5,39.82,12.83,3.64,20.05,40.66,33.34,24.2,99.29,30.57
2001-01-12,44.69,40.22,13.26,3.51,17.58,36.55,43.18,22.41,90.42,30.06
2001-01-13,44.95,40.54,10.61,2.58,17.22,38.71,37.76,21.86,87.7,30.49
2001-01-14,45.27,40.73,11.21,2.54,16.95,35.57,39.78,21.6,77.12,29.74
2001-01-15,45.69,40.89,10.61,2.25,15.78,47.51,27.23,21.31,65.48,28.97
2001-01-16,45.43,41.09,10.21,2.05,15.55,53.45,34.17,20.42,63.97,28.58
2001-01-17,44.47,41.18,9.9,1.82,15.37,54.05,34.07,20.22,60.49,28.4
2001-01-18,45.02,42.3,10.08,1.82,15.05,50.59,35.23,19.56,60.04,28.4
2001-01-19,45.31,42.16,9.38,1.82,14.97,35.8,32.84,19.45,60.35,28.22
2001-01-20,52.34,40.72,17.64,2.87,21.05,32.09,40.05,23.29,77.24,30.02
2001-01-21,52.55,40.86,20.02,2.83,24.28,34.16,50.67,31.36,55.17,28.72
2001-01-22,46.72,40.45,13.02,2.38,18.19,34.31,48.69,26.45,64.04,29.59
2001-01-23,44.96,39.87,11.42,2.22,18.33,46.71,30.53,29.6,75.61,33.16
2001-01-24,44.0,39.39,10.25,1.88,16.6,30.45,37.05,27.78,85.89,28.48
2001-01-25,108.35,55.86,61.09,21.65,21.71,72.12,45.58,37.35,160.93,62.46
2001-01-26,109.59,65.04,50.18,14.78,24.23,44.6,64.65,41.5,161.18,40.3
2001-01-27,125.74,78.44,57.31,13.1,35.43,54.69,68.24,44.15,129.84,36.57
2001-01-28,124.2,74.69,50.53,11.63,30.06,51.78,89.63,48.71,87.69,33.27
2001-01-29,93.16,53.72,41.46,10.66,26.79,47.84,71.42,48.67,73.78,32.49
2001-01-30,67.48,43.87,27.51,7.74,22.67,41.44,61.36,41.74,83.54,31.22
2001-01-31,55.76,38.87,21.68,5.88,20.92,41.99,47.92,42.69,72.6,30.71
2001-02-01,80.4,70.94,24.57,7.23,35.16,60.57,91.28,61.57,101.8,45.48
2001-02-02,84.23,62.58,19.57,5.35,26.27,61.66,95.59,61.12,76.58,32.99
2001-02-03,73.76,59.87,16.52,4.43,22.73,45.19,82.2,56.19,90.67,31.55
2001-02-04,74.97,60.19,17.6,4.55,22.75,44.66,84.2,53.67,107.87,37.46
2001-02-05,78.86,60.94,20.3,5.25,24.64,63.03,92.26,60.36,128.77,45.41
2001-02-06,81.19,59.02,28.11,6.17,26.16,60.17,86.5,55.52,117.28,37.15
2001-02-07,80.11,62.71,23.43,5.85,27.95,55.88,90.14,61.64,111.01,44.13
2001-02-08,80.79,65.58,20.74,5.65,26.0,54.28,110.65,67.02,111.84,38.18
2001-02-09,74.11,60.19,16.91,5.05,22.29,50.64,94.83,59.99,115.98,35.68
2001-02-10,64.96,49.69,15.44,4.5,20.1,45.35,88.91,56.37,115.11,34.29
2001-02-11,55.06,39.87,14.36,3.79,19.56,39.96,71.71,51.69,95.09,33.04
2001-02-12,48.77,40.45,13.41,3.7,19.94,39.68,66.62,49.09,107.41,34.0
2001-02-13,51.02,44.12,13.25,3.62,22.55,55.78,83.4,53.08,97.01,42.76
2001-02-14,55.93,48.03,14.21,3.47,19.8,48.12,76.34,47.53,96.28,34.59
2001-02-15,52.59,44.81,11.23,3.43,18.25,46.89,63.39,42.98,90.04,33.02
2001-02-16,52.97,45.03,14.08,3.53,18.08,47.78,56.28,41.67,90.06,32.4
2001-02-17,49.49,40.4,11.09,3.3,17.44,46.37,53.67,39.98,84.59,31.36
2001-02-18,45.52,40.58,10.36,3.15,17.16,37.52,49.77,37.51,81.46,30.92
2001-02-19,46.6,40.49,10.39,3.16,17.35,43.66,45.14,36.62,80.22,30.68
2001-02-20,45.27,40.78,10.04,2.86,17.11,43.93,40.0,34.18,85.55,30.12
2001-02-21,47.34,40.79,10.97,2.65,17.52,47.47,28.52,32.87,82.77,29.66
2001-02-22,60.76,50.98,15.81,3.18,26.34,46.2,26.41,35.48,72.96,29.31
2001-02-23,60.86,52.04,17.37,5.34,20.31,42.6,29.18,34.74,69.21,28.92
2001-02-24,198.16,88.87,78.49,31.57,46.89,45.34,66.27,52.95,79.08,31.21
2001-02-25,102.05,63.79,35.16,11.18,30.79,42.28,54.96,47.39,62.94,28.32
2001-02-26,84.56,65.19,22.14,7.25,24.24,40.66,43.66,41.81,58.08,27.77
2001-02-27,81.44,64.04,18.41,5.75,22.63,44.88,28.08,41.1,54.97,27.77
2001-02-28,85.27,58.44,22.48,11.14,27.45,55.23,50.86,42.06,63.8,33.17
2001-03-01,98.6,75.54,23.55,11.22,32.05,75.2,56.3,51.06,73.06,30.55
2001-03-02,112.52,76.46,40.31,8.41,28.8,79.33,58.16,54.38,65.07,28.79
2001-03-03,94.23,71.79,24.65,7.06,25.18,47.36,59.92,52.61,63.59,28.44
2001-03-04,103.13,71.63,29.93,7.34,34.91,54.28,84.41,63.11,70.64,42.48
2001-03-05,93.85,73.27,22.4,5.75,27.54,58.29,57.8,61.45,58.86,33.03
2001-03-06,85.35,60.33,18.45,5.68,25.16,62.39,60.32,57.64,46.77,30.09
2001-03-07,87.56,72.47,18.59,7.03,32.47,70.7,94.74,68.74,60.55,31.91
2001-03-08,92.99,73.2,16.37,5.67,25.14,68.92,75.44,61.0,55.58,29.13
2001-03-09,81.61,64.98,16.37,4.75,23.33,84.97,64.55,50.76,64.8,28.5
2001-03-10,74.1,60.02,14.09,4.36,22.79,47.64,46.5,45.34,69.16,27.85
2001-03-11,71.42,59.0,13.21,4.02,22.2,39.49,41.99,42.47,70.32,27.77
2001-03-12,67.85,54.99,13.66,4.06,20.8,55.78,40.14,39.49,72.43,27.77
2001-03-13,63.34,53.68,12.7,3.43,20.23,64.03,34.73,36.88,68.85,27.77
2001-03-14,60.84,52.82,12.1,3.26,19.5,44.03,34.06,35.71,56.69,27.77
2001-03-15,62.11,52.99,11.98,3.37,19.5,41.89,30.33,35.79,55.27,27.93
2001-03-16,58.8,49.21,11.53,2.87,18.39,38.18,44.65,34.61,50.82,27.77
2001-03-17,94.08,72.51,27.63,6.59,29.19,62.94,62.99,50.16,128.9,72.51
2001-03-18,86.67,65.84,19.9,5.58,23.89,44.87,54.87,44.44,78.01,33.73
2001-03-19,70.27,58.8,15.01,4.28,20.17,43.53,59.1,40.51,57.18,30.2
2001-03-20,65.68,53.54,13.05,3.49,18.75,35.76,66.12,38.58,56.92,28.87
2001-03-21,61.01,51.48,12.1,3.2,18.13,40.09,63.3,41.14,56.26,28.4
2001-03-22,60.04,51.05,11.49,3.03,17.57,42.98,76.95,41.9,58.82,27.88
2001-03-23,57.78,48.08,10.9,2.89,17.43,40.64,61.51,45.99,62.95,27.77
2001-03-24,56.52,49.6,10.61,2.75,17.52,36.07,68.79,45.95,70.98,27.88
2001-03-25,60.0,51.87,12.93,2.76,19.5,39.7,68.93,42.52,90.01,41.53
2001-03-26,64.83,57.35,12.64,2.87,18.15,45.14,59.25,36.7,85.08,30.13
2001-03-27,59.21,51.82,10.61,2.49,16.76,41.85,44.8,34.02,89.55,28.19
2001-03-28,55.52,47.6,10.28,2.24,16.33,39.5,57.55,33.1,87.98,29.06
2001-03-29,53.22,49.04,15.04,2.66,15.67,46.21,51.69,31.77,55.93,28.63
2001-03-30,58.72,52.99,13.27,2.8,15.15,44.94,51.58,30.32,65.69,29.02
2001-03-31,87.77,74.89,21.15,4.32,18.37,36.35,61.62,31.46,65.09,29.05
2001-04-01,77.2,61.92,14.24,3.06,15.61,34.01,57.87,29.16,57.7,29.45
2001-04-02,63.94,55.64,11.95,2.3,14.95,37.45,51.94,27.69,54.0,29.74
2001-04-03,59.26,50.42,11.08,2.26,14.82,70.48,59.44,32.24,66.23,31.23
2001-04-04,56.57,50.47,10.65,2.25,14.59,58.26,56.43,28.61,59.78,29.24
2001-04-05,52.87,49.08,9.83,1.99,14.41,49.69,58.47,28.02,60.85,27.67
2001-04-06,52.63,47.8,9.59,1.8,14.03,45.31,49.34,25.02,65.34,25.26
2001-04-07,49.03,46.04,9.35,1.73,13.48,39.44,55.56,23.91,63.86,25.26
2001-04-08,50.32,48.37,9.08,1.69,14.17,36.05,46.67,23.16,71.63,25.46
2001-04-09,53.37,48.6,9.45,1.84,15.84,40.32,46.49,23.3,193.96,55.15
2001-04-10,54.61,49.36,9.49,2.48,15.3,40.65,54.71,23.55,199.34,72.27
2001-04-11,49.48,47.28,8.65,1.95,13.27,41.95,46.42,22.14,103.87,42.04
2001-04-12,50.25,47.29,8.88,1.82,12.86,36.35,42.83,21.63,82.97,33.71
2001-04-13,47.08,44.33,8.3,1.69,11.64,35.63,40.8,20.38,65.93,31.15
2001-04-14,45.72,43.88,7.82,1.63,11.53,31.94,40.06,20.0,59.87,29.32
2001-04-15,44.22,42.7,7.82,1.63,11.35,31.49,34.61,19.58,54.67,27.98
2001-04-16,43.2,44.02,7.73,1.63,11.18,36.57,35.27,19.08,59.56,27.06
2001-04-17,44.46,43.19,7.09,1.48,11.26,40.64,31.69,19.41,63.33,26.91
2001-04-18,44.5,42.16,7.65,1.54,11.86,38.39,32.27,20.75,70.99,34.46
2001-04-19,43.15,43.34,8.41,1.57,11.57,36.88,34.14,20.08,60.41,28.69
2001-04-20,42.3,42.64,9.38,1.46,11.51,32.05,33.03,18.85,55.18,27.14
2001-04-21,51.63,42.65,13.19,1.97,17.76,46.83,44.59,24.5,124.8,73.89
2001-04-22,45.92,43.34,12.06,2.46,17.69,50.28,55.3,26.64,130.28,50.8
2001-04-23,42.86,43.74,9.83,1.82,12.28,40.31,46.89,21.07,86.42,36.77
2001-04-24,45.65,44.14,11.38,3.1,12.43,36.11,41.51,19.46,92.46,34.5
2001-04-25,44.25,43.99,12.57,4.7,12.32,35.43,35.86,18.86,74.43,33.16
2001-04-26,42.32,43.84,10.75,2.67,11.47,33.06,32.22,18.2,66.06,30.55
2001-04-27,41.99,45.01,10.21,2.08,11.08,31.96,31.92,17.15,58.33,29.16
2001-04-28,42.2,43.79,10.14,1.95,10.79,33.01,25.43,17.91,74.29,29.06
2001-04-29,44.97,46.19,10.49,2.56,12.78,50.07,47.74,28.59,131.98,63.85
2001-04-30,51.77,44.71,17.21,3.47,15.2,59.98,52.76,34.71,165.05,77.06
2001-05-01,45.96,44.14,14.21,3.75,13.2,47.34,45.09,27.27,168.55,51.6
2001-05-02,92.93,54.7,60.83,46.44,29.56,47.26,50.72,29.84,215.18,64.09
2001-05-03,57.51,44.09,33.6,15.17,19.08,42.93,59.44,33.3,135.61,49.23
2001-05-04,46.63,43.99,19.99,7.98,13.96,40.95,48.63,31.28,111.03,43.06
2001-05-05,44.83,44.65,15.75,6.08,12.63,37.88,54.83,30.95,109.64,39.26
2001-05-06,44.19,45.05,13.9,4.47,11.83,39.81,56.45,29.85,125.4,42.19
2001-05-07,42.85,45.3,12.49,3.97,11.18,50.81,63.38,30.66,201.72,68.88
2001-05-08,42.97,45.62,11.46,3.93,10.45,48.09,46.54,23.54,141.74,49.4
2001-05-09,41.78,46.18,10.21,3.44,11.08,45.34,49.67,20.85,112.26,43.61
2001-05-10,41.67,45.97,10.04,2.89,7.83,44.59,34.46,19.74,97.77,39.7
2001-05-11,41.21,47.48,9.8,2.43,7.36,42.87,28.13,18.83,85.06,36.56
2001-05-12,43.88,48.47,9.8,2.21,6.01,45.98,34.43,19.96,80.3,34.38
2001-05-13,42.4,48.95,9.73,2.11,5.82,40.52,32.24,19.57,75.38,32.29
2001-05-14,42.96,49.27,10.21,2.02,7.54,36.56,29.13,19.47,74.31,31.38
2001-05-15,42.91,48.68,10.21,2.02,5.78,33.25,31.33,19.15,65.13,30.95
2001-05-16,40.94,45.49,10.04,1.83,4.65,32.7,28.75,17.73,58.47,29.13
2001-05-17,37.59,41.42,9.38,1.82,4.02,40.59,21.76,17.56,60.25,27.77
2001-05-18,38.53,40.79,9.38,1.68,4.21,39.29,19.35,17.87,60.82,27.26
2001-05-19,38.73,41.08,9.38,2.25,4.32,38.7,21.37,17.14,55.74,26.6
2001-05-20,39.02,41.76,9.38,1.74,3.93,34.18,19.91,16.49,52.71,25.31
2001-05-21,42.57,41.27,14.73,2.53,4.34,34.41,21.56,17.9,106.21,36.33
2001-05-22,44.5,39.45,25.74,4.7,6.25,34.92,35.06,18.25,115.66,31.12
2001-05-23,39.99,30.55,12.78,2.57,5.8,34.34,30.18,23.38,108.13,37.12
2001-05-24,42.63,50.12,15.02,2.96,9.08,28.31,72.4,37.06,123.12,45.39
2001-05-25,45.54,41.01,12.81,3.27,7.94,28.39,28.01,20.82,83.16,27.96
2001-05-26,31.76,24.39,11.23,2.23,5.68,26.27,27.18,18.24,72.52,25.46
2001-05-27,30.41,26.64,10.28,1.72,4.68,25.27,21.66,17.52,59.25,23.18
2001-05-28,30.57,24.71,10.21,1.52,4.25,24.2,20.93,17.2,55.16,22.16
2001-05-29,30.01,23.9,9.48,1.46,3.7,23.99,20.19,16.53,47.99,20.35
2001-05-30,35.37,30.78,19.91,2.97,4.01,27.15,26.19,19.75,75.35,40.96
2001-05-31,51.89,35.71,35.07,5.57,5.09,29.88,49.88,22.22,84.79,32.18
2001-06-01,32.63,24.71,10.38,2.66,3.58,32.56,27.41,16.76,60.01,21.91
2001-06-02,29.94,24.06,6.52,1.82,2.38,24.3,20.83,15.96,64.91,20.27
2001-06-03,28.63,23.3,5.74,1.63,1.98,24.03,20.43,16.17,54.2,18.91
2001-06-04,28.64,22.93,5.46,1.63,1.94,24.36,20.52,15.53,56.11,18.1
2001-06-05,30.34,24.08,7.25,2.17,1.97,31.57,26.29,21.52,116.89,58.16
2001-06-06,51.82,60.32,25.01,3.07,29.05,54.29,76.72,41.3,223.75,97.13
2001-06-07,68.88,61.79,10.88,2.0,8.19,48.14,49.72,26.19,145.24,40.3
2001-06-08,48.76,52.3,8.78,1.63,2.44,37.75,41.27,20.91,85.48,30.34
2001-06-09,39.84,45.59,7.46,1.66,2.0,22.82,27.02,19.56,76.76,27.44
2001-06-10,39.12,44.54,7.0,1.4,1.97,21.39,26.78,19.0,65.75,25.0
2001-06-11,33.45,27.51,6.54,1.42,1.96,20.94,26.81,19.26,59.91,24.47
2001-06-12,30.62,27.07,6.46,1.43,1.93,20.63,24.52,16.55,55.19,22.78
2001-06-13,43.65,48.87,30.28,5.61,1.96,80.44,40.33,48.88,207.34,196.64
2001-06-14,182.97,164.5,104.8,28.43,11.65,269.94,290.05,182.84,728.23,204.71
2001-06-15,69.56,58.93,31.99,7.38,3.14,94.6,119.43,56.08,219.84,65.57
2001-06-16,36.52,47.77,16.94,3.82,1.96,49.99,71.46,35.92,139.59,48.12
2001-06-17,30.63,39.03,11.85,2.6,1.98,38.56,52.97,29.18,107.43,41.14
2001-06-18,29.17,38.31,14.56,2.35,1.97,36.77,52.82,27.78,106.89,45.88
2001-06-19,702.98,499.06,492.7,175.81,50.29,88.18,428.17,384.27,193.08,125.94
2001-06-20,1760.51,1045.23,948.99,231.43,213.93,837.72,1626.67,980.95,718.82,314.62
2001-06-21,575.0,494.59,100.66,39.63,231.96,1209.27,1466.03,887.62,1463.16,755.32
2001-06-22,305.6,225.31,66.76,20.36,75.02,769.01,1053.21,669.8,1177.7,584.73
2001-06-23,291.81,172.02,161.39,129.46,53.85,875.94,1094.38,667.67,733.5,251.4
2001-06-24,391.21,168.74,514.24,313.73,40.0,406.27,817.87,507.31,472.98,141.86
2001-06-25,337.31,125.17,321.9,145.31,24.58,194.78,424.74,300.79,310.15,103.01
2001-06-26,218.2,114.03,111.61,63.64,30.13,154.67,293.26,216.07,233.75,81.45
2001-06-27,244.4,164.94,70.55,34.17,90.39,145.32,338.28,234.74,211.29,92.87
2001-06-28,370.93,260.68,59.72,46.38,135.25,405.68,446.56,298.7,292.4,167.87
2001-06-29,1466.67,1184.29,81.2,82.58,845.65,244.98,505.8,349.24,279.53,108.62
2001-06-30,619.27,436.47,55.17,43.89,199.8,146.66,368.25,263.64,171.86,75.39
2001-07-01,294.1,208.08,46.67,25.55,91.19,111.47,263.98,191.91,153.98,63.02
2001-07-02,194.84,135.66,40.48,17.33,56.82,98.11,206.0,146.96,132.75,55.68
2001-07-03,142.59,99.7,34.53,13.09,38.99,75.92,177.93,120.54,159.82,51.17
2001-07-04,122.51,82.53,30.07,10.34,30.59,63.59,160.73,104.9,173.04,47.76
2001-07-05,161.83,75.19,56.57,11.32,25.85,62.94,152.29,96.63,168.22,45.36
2001-07-06,1614.29,1066.77,405.73,194.83,348.61,150.0,617.6,376.3,202.92,85.15
2001-07-07,624.5,393.97,96.44,70.86,177.18,330.49,903.62,499.97,419.08,115.59
2001-07-08,286.97,191.79,58.15,33.47,64.48,217.26,528.2,319.6,299.15,65.81
2001-07-09,195.29,132.44,48.44,20.24,64.48,134.01,313.61,203.45,206.82,61.19
2001-07-10,178.57,111.48,46.78,16.36,61.25,128.38,246.11,158.47,170.0,54.07
2001-07-11,216.14,117.01,54.75,29.83,148.78,105.19,214.5,140.38,138.13,47.06
2001-07-12,1601.51,821.82,452.56,134.58,1001.29,146.52,232.11,175.49,139.08,68.26
2001-07-13,826.79,406.09,179.14,74.41,311.15,146.79,292.05,187.92,174.85,66.03
2001-07-14,352.53,221.36,78.73,39.08,120.57,123.25,231.55,145.77,122.01,49.34
2001-07-15,375.45,281.1,101.03,26.3,99.91,115.36,210.25,133.86,145.68,73.4
2001-07-16,387.36,212.7,102.77,38.43,75.44,105.95,196.98,117.86,198.62,59.77
2001-07-17,434.76,354.94,95.01,32.44,236.47,138.64,219.53,139.53,165.24,76.02
2001-07-18,473.05,356.07,65.84,26.09,130.54,211.49,233.29,133.18,233.67,112.31
2001-07-19,257.5,176.87,53.91,17.15,70.77,157.36,193.98,109.87,162.2,69.82
2001-07-20,178.98,114.59,48.34,13.89,53.99,112.38,168.99,91.35,161.73,62.08
2001-07-21,129.19,61.27,45.01,11.61,44.61,78.01,158.93,84.85,153.02,58.49
2001-07-22,115.42,69.4,40.94,10.23,40.21,68.92,141.57,82.13,128.46,55.3
2001-07-23,111.47,67.34,36.69,9.09,49.85,68.45,122.0,73.65,128.51,49.94
2001-07-24,102.96,60.62,33.18,7.7,40.63,65.2,100.41,61.53,117.81,56.43
2001-07-25,94.43,54.68,30.78,7.69,36.17,62.03,81.44,57.53,121.57,65.61
2001-07-26,94.8,55.21,29.13,6.52,33.7,62.13,81.47,58.46,126.4,54.81
2001-07-27,75.95,49.81,28.41,6.16,31.17,57.16,60.32,49.78,98.98,48.77
2001-07-28,71.64,61.35,36.51,5.43,32.72,48.66,66.59,50.53,91.42,48.55
2001-07-29,100.37,57.89,38.34,5.49,29.93,45.88,66.77,57.1,97.18,46.61
2001-07-30,72.95,51.7,28.22,5.18,22.68,60.09,68.77,54.05,84.69,41.64
2001-07-31,59.8,46.45,23.96,4.88,14.94,50.67,71.19,60.55,94.15,38.17
2001-08-01,53.31,51.36,21.13,8.56,16.36,48.65,66.95,53.15,83.25,40.11
2001-08-02,71.1,44.74,21.24,16.67,11.87,44.76,59.25,45.14,77.47,34.91
2001-08-03,52.49,41.62,18.6,6.6,7.04,42.79,53.85,40.7,72.58,32.41
2001-08-04,48.1,41.76,17.35,5.06,4.32,37.25,44.49,39.16,71.13,31.52
2001-08-05,48.97,43.79,16.8,4.73,4.94,34.39,52.41,37.77,66.19,32.88
2001-08-06,52.86,40.28,16.76,4.98,5.92,38.26,49.13,34.85,76.24,33.82
2001-08-07,50.15,39.33,15.49,4.42,3.39,39.53,46.87,32.93,71.48,31.72
2001-08-08,51.86,36.41,15.59,12.58,3.48,35.9,46.82,32.61,70.81,29.95
2001-08-09,94.06,36.2,18.42,22.45,11.09,35.06,51.18,32.99,62.92,29.66
2001-08-10,198.2,46.87,77.47,17.21,21.03,44.66,64.88,36.12,54.79,29.42
2001-08-11,123.37,56.54,33.53,18.68,26.23,44.52,47.38,33.94,51.26,29.38
2001-08-12,87.03,44.62,24.32,10.37,22.5,45.55,51.72,34.37,50.13,30.94
2001-08-13,82.73,35.26,18.07,9.41,22.01,43.75,66.29,35.9,92.4,37.27
2001-08-14,56.37,35.2,26.25,7.96,9.36,39.27,55.77,34.22,99.28,40.69
2001-08-15,58.78,35.23,17.41,6.46,5.59,38.63,59.38,31.0,70.33,32.25
2001-08-16,59.67,35.23,15.03,5.12,3.95,33.7,40.11,28.55,72.41,30.78
2001-08-17,48.92,34.68,12.74,4.26,2.94,31.57,39.87,27.66,83.65,29.88
2001-08-18,45.58,34.8,12.44,3.73,2.74,44.74,47.26,26.46,117.68,29.74
2001-08-19,45.22,36.55,12.52,3.99,3.01,44.63,55.16,26.77,189.29,53.98
2001-08-20,48.39,36.1,12.11,3.77,3.31,41.05,48.34,29.25,400.56,248.7
2001-08-21,50.51,35.17,15.39,4.52,5.36,41.39,47.98,29.63,276.77,123.49
2001-08-22,56.83,33.53,13.66,3.72,5.0,37.97,41.03,25.61,130.14,59.57
2001-08-23,58.46,33.27,11.02,3.62,3.25,30.73,43.67,24.4,94.58,43.96
2001-08-24,45.24,31.92,10.37,3.24,2.87,30.86,37.48,22.85,69.35,38.04
2001-08-25,41.37,31.66,13.85,3.23,2.43,26.97,38.31,22.9,60.15,37.65
2001-08-26,43.47,33.12,17.93,3.41,3.87,31.97,54.37,27.27,60.41,37.94
2001-08-27,40.63,32.25,15.14,3.2,3.44,38.52,48.65,23.8,59.44,33.18
2001-08-28,37.64,28.18,13.98,2.95,1.99,34.81,43.66,22.38,60.3,30.76
2001-08-29,35.6,29.57,13.71,2.79,1.65,32.19,40.73,21.97,58.98,29.82
2001-08-30,125.37,62.89,47.59,9.84,10.03,39.01,42.17,27.7,67.21,36.95
2001-08-31,149.54,71.62,44.49,9.15,32.03,57.25,71.63,37.4,86.7,42.5
2001-09-01,58.92,32.93,25.03,4.94,11.15,37.26,43.72,26.55,92.47,33.76
2001-09-02,47.37,32.09,20.29,3.97,12.33,48.8,47.28,34.48,115.92,60.3
2001-09-03,184.63,71.22,61.24,8.43,54.09,59.61,44.74,37.1,132.28,57.12
2001-09-04,82.59,41.33,32.52,5.13,20.32,42.51,46.87,28.36,88.83,37.92
2001-09-05,82.07,43.39,25.18,5.89,29.78,43.17,39.04,27.8,131.42,61.47
2001-09-06,177.03,61.66,39.15,85.44,46.46,90.88,91.42,67.68,441.92,314.87
2001-09-07,125.43,54.41,44.6,52.04,41.98,96.46,117.05,70.01,518.02,234.85
2001-09-08,72.79,38.98,29.86,14.8,19.47,62.67,44.07,45.63,312.94,120.98
2001-09-09,59.86,32.45,24.94,9.67,10.38,48.82,43.42,39.62,273.61,96.72
2001-09-10,52.03,30.65,19.65,7.6,6.33,59.92,39.74,32.77,170.2,68.76
2001-09-11,47.16,34.14,15.42,6.93,3.83,47.02,33.1,28.48,114.56,56.41
2001-09-12,51.22,33.69,14.58,5.76,2.23,41.35,32.73,27.51,104.32,50.8
2001-09-13,58.74,31.4,13.98,5.29,12.3,36.83,28.45,26.18,112.6,53.47
2001-09-14,75.67,35.3,29.21,11.32,19.46,44.12,38.77,39.71,843.19,384.47
2001-09-15,98.21,28.44,41.81,20.79,13.66,48.11,45.38,55.67,390.11,154.23
2001-09-16,51.13,30.53,21.33,9.21,11.17,61.04,71.78,53.01,259.21,97.38
2001-09-17,44.44,29.57,16.98,6.76,3.88,68.81,47.32,37.69,202.27,72.63
2001-09-18,41.59,31.19,14.78,5.44,2.85,57.07,44.97,31.66,169.92,61.63
2001-09-19,42.17,31.1,13.79,4.9,2.64,53.74,43.79,28.57,150.63,54.59
2001-09-20,41.09,31.48,12.77,4.81,2.86,51.32,45.04,27.84,130.49,49.88
2001-09-21,42.1,31.16,12.82,4.76,3.41,51.19,47.92,27.6,117.61,57.19
2001-09-22,39.57,30.16,11.9,4.39,2.9,51.25,50.69,26.55,125.36,60.06
2001-09-23,37.7,29.83,11.26,3.6,2.4,56.57,49.96,25.63,96.05,47.73
2001-09-24,38.17,30.44,11.4,3.63,3.54,55.32,44.99,26.13,96.27,46.12
2001-09-25,38.62,29.74,11.65,3.61,8.24,58.5,44.44,26.28,93.17,45.07
2001-09-26,39.81,29.29,11.44,3.62,9.77,58.81,42.74,25.46,88.58,45.61
2001-09-27,43.95,30.39,11.84,3.39,15.58,58.77,45.81,23.19,101.76,45.19
2001-09-28,52.49,30.28,12.3,3.54,20.79,60.05,50.49,23.08,106.91,51.25
2001-09-29,41.16,29.52,11.09,3.27,15.88,58.94,46.75,22.17,96.97,44.71
2001-09-30,95.81,35.59,32.06,13.22,40.69,71.96,51.17,32.96,199.8,100.05
2001-10-01,183.64,56.94,48.85,36.77,83.3,124.62,194.28,99.93,369.8,200.58
2001-10-02,68.83,31.83,22.2,10.57,32.26,68.83,93.74,46.15,161.68,70.36
2001-10-03,57.21,31.78,18.62,6.67,24.6,62.93,53.24,35.1,122.12,59.94
2001-10-04,53.36,31.08,17.02,5.55,21.9,56.75,41.74,30.11,121.56,55.04
2001-10-05,59.04,31.36,26.36,5.11,19.08,54.07,36.68,27.91,110.54,52.48
2001-10-06,53.71,31.51,14.09,5.02,18.48,52.55,39.35,32.15,108.84,49.05
2001-10-07,47.89,31.89,12.59,4.58,17.86,50.55,33.68,31.48,94.36,47.06
2001-10-08,46.39,31.71,12.19,3.54,17.61,48.51,33.62,29.68,109.09,45.76
2001-10-09,68.03,31.86,25.42,29.09,23.19,49.67,37.17,29.52,100.05,50.18
2001-10-10,84.94,33.19,36.68,36.46,30.75,47.62,37.87,34.9,77.98,47.49
2001-10-11,49.37,31.42,14.18,13.27,19.77,47.62,26.99,28.41,63.75,42.07
2001-10-12,46.66,31.17,10.34,8.71,17.83,44.62,24.89,25.64,73.99,40.41
2001-10-13,43.19,30.1,8.9,7.12,16.58,45.44,25.76,23.95,89.2,39.12
2001-10-14,41.69,29.74,8.49,6.46,16.09,43.15,44.62,22.66,103.88,38.02
2001-10-15,40.08,30.74,7.84,5.42,21.03,42.71,27.38,22.22,101.9,37.45
2001-10-16,66.44,41.24,22.45,7.34,24.09,87.64,61.14,32.13,294.12,229.24
2001-10-17,144.79,83.02,40.64,26.82,68.07,126.19,135.11,57.81,336.65,174.75
2001-10-18,106.3,57.65,22.42,16.77,40.24,67.45,79.62,42.11,212.7,97.06
2001-10-19,64.56,35.69,14.11,9.96,29.1,54.91,52.66,31.85,130.49,70.14
2001-10-20,50.34,31.51,12.01,7.65,25.56,50.06,40.52,27.69,112.11,59.68
2001-10-21,55.96,34.86,14.19,9.66,36.32,50.12,67.01,38.32,132.64,58.15
2001-10-22,91.26,51.85,38.67,23.18,47.47,71.26,95.92,57.25,198.65,84.35
2001-10-23,86.69,48.02,31.64,18.0,37.08,56.73,89.55,62.04,171.77,64.74
2001-10-24,62.02,37.98,18.25,11.02,30.23,51.6,63.45,57.13,124.96,56.4
2001-10-25,52.01,32.59,14.34,8.4,25.75,49.22,48.84,51.63,116.87,51.59
2001-10-26,47.67,33.63,12.16,7.05,24.19,51.14,52.7,47.95,108.19,48.2
2001-10-27,47.14,32.32,10.48,6.26,22.96,51.28,41.75,44.9,92.9,45.76
2001-10-28,74.5,32.81,15.57,40.58,33.19,103.33,74.04,59.0,153.67,95.0
2001-10-29,53.99,30.33,19.74,20.03,28.95,75.5,79.02,60.71,134.62,59.7
2001-10-30,48.15,32.29,13.17,12.39,24.79,61.52,47.89,49.26,121.36,52.93
2001-10-31,46.56,31.83,10.52,9.45,22.85,59.91,40.7,37.62,96.7,49.12
2001-11-01,44.31,33.59,9.94,7.62,23.05,62.24,32.18,35.81,109.93,48.85
2001-11-02,46.49,33.84,9.3,6.55,22.78,59.42,37.18,34.08,103.31,45.83
2001-11-03,66.05,46.16,21.42,7.9,30.65,76.03,55.55,40.19,145.29,66.25
2001-11-04,87.61,46.42,24.27,8.31,32.01,71.41,67.75,43.63,117.87,53.46
2001-11-05,61.6,39.55,20.19,8.7,27.21,69.79,52.2,39.71,111.63,50.02
2001-11-06,114.48,62.52,43.97,20.59,43.93,75.33,107.45,57.9,103.78,50.16
2001-11-07,80.57,46.38,25.96,10.99,30.96,62.61,82.5,53.91,95.83,45.1
2001-11-08,61.68,37.54,20.2,8.5,26.93,57.85,58.4,47.94,84.01,43.38
2001-11-09,51.48,32.88,18.02,7.64,24.19,55.31,42.77,43.29,83.21,42.19
2001-11-10,52.66,34.82,32.06,13.26,23.0,52.91,57.75,49.01,77.54,40.72
2001-11-11,49.54,36.1,18.66,8.49,22.12,52.29,64.82,50.01,83.26,39.85
2001-11-12,47.74,34.24,16.37,7.3,21.22,53.97,59.27,46.07,75.98,38.97
2001-11-13,45.81,34.07,14.74,6.28,20.4,51.13,50.29,38.3,82.76,37.87
2001-11-14,46.56,34.29,18.26,6.37,19.93,50.73,41.57,36.4,82.87,37.15
2001-11-15,45.72,34.29,15.48,6.17,20.19,48.69,44.13,37.05,87.61,36.41
2001-11-16,43.35,34.29,13.34,5.49,19.54,46.97,38.37,35.98,91.08,35.77
2001-11-17,43.34,35.83,12.37,5.05,18.9,43.0,19.92,28.1,79.85,34.93
2001-11-18,44.39,36.69,11.72,4.69,18.07,45.05,27.42,25.81,80.96,34.38
2001-11-19,44.11,36.52,11.59,4.27,17.55,46.96,38.07,25.8,75.46,34.15
2001-11-20,43.75,35.97,10.85,3.96,17.35,44.96,36.31,26.7,72.36,33.81
2001-11-21,42.8,37.3,10.5,3.9,16.81,43.68,33.03,26.88,65.86,33.36
2001-11-22,44.07,37.69,10.11,3.62,16.51,43.83,35.77,26.03,59.28,32.99
2001-11-23,43.86,37.61,9.18,3.51,16.22,42.09,41.3,23.7,57.63,32.6
2001-11-24,43.0,38.73,9.58,3.41,16.15,43.87,32.6,22.27,56.67,32.29
2001-11-25,44.02,38.77,9.55,3.23,15.96,43.59,35.81,21.73,57.3,31.91
2001-11-26,43.68,39.09,9.65,3.1,15.86,45.0,33.09,21.43,56.31,31.3
2001-11-27,45.16,40.05,10.79,3.39,16.06,42.22,37.44,20.98,50.89,31.0
2001-11-28,44.27,39.87,9.24,3.14,15.86,41.29,33.36,20.9,56.33,31.0
2001-11-29,102.56,69.85,52.27,32.28,46.28,49.85,32.86,22.36,63.87,34.53
2001-11-30,276.36,186.12,89.92,57.23,122.27,76.36,101.21,68.73,95.7,45.06
2001-12-01,118.75,75.77,29.33,16.74,36.19,50.4,58.69,41.58,74.96,32.35
2001-12-02,67.01,38.33,19.09,10.47,27.93,42.28,43.16,31.88,69.88,32.36
2001-12-03,52.33,36.02,16.38,8.41,24.91,42.41,40.87,27.97,,31.0
2001-12-04,57.77,43.27,29.07,10.8,24.46,42.93,39.32,27.71,,32.39
2001-12-05,54.85,43.09,17.2,7.75,21.79,44.95,44.29,26.4,60.82,30.78
2001-12-06,52.99,36.85,17.77,7.67,20.84,40.85,38.02,24.85,42.46,30.24
2001-12-07,46.58,37.81,14.82,6.55,19.93,39.13,38.46,24.19,53.86,29.63
2001-12-08,48.05,38.59,13.49,5.73,19.22,38.85,40.35,23.05,52.31,29.07
2001-12-09,46.9,38.41,12.63,5.27,18.59,38.45,40.81,22.36,52.48,29.07
2001-12-10,46.01,38.68,12.19,5.07,18.55,41.48,35.27,22.19,50.28,28.92
2001-12-11,44.99,37.61,11.26,4.88,18.2,39.09,35.69,21.62,48.8,28.71
2001-12-12,47.02,38.23,12.06,5.67,18.14,38.28,37.2,21.14,56.36,28.83
2001-12-13,82.57,43.21,50.72,16.38,26.24,72.11,58.16,43.86,103.98,60.47
2001-12-14,59.72,45.27,24.39,9.41,19.95,54.43,52.04,34.8,76.44,32.11
2001-12-15,53.66,38.77,17.73,7.73,18.03,46.78,33.43,28.43,62.99,30.22
2001-12-16,47.43,38.46,14.86,6.43,17.21,45.4,39.59,26.37,55.55,29.12
2001-12-17,50.12,40.39,14.66,6.61,21.97,48.13,51.47,31.66,74.42,36.88
2001-12-18,49.88,38.95,13.26,6.54,20.77,50.12,47.98,33.13,57.98,31.82
2001-12-19,46.64,38.19,12.09,5.58,17.76,48.52,43.16,28.16,59.94,29.87
2001-12-20,46.01,38.59,11.26,5.07,17.49,45.53,37.47,27.3,52.79,29.18
2001-12-21,45.3,38.64,11.33,5.19,16.68,44.03,36.59,25.93,58.6,29.02
2001-12-22,46.27,38.64,10.81,5.05,16.32,43.16,36.01,25.31,54.61,28.45
2001-12-23,44.96,38.64,10.04,4.44,16.02,38.7,39.8,24.31,52.66,27.9
2001-12-24,44.72,38.73,9.87,4.25,15.42,34.02,34.0,23.74,48.7,27.74
2001-12-25,47.03,38.5,12.46,8.83,16.89,41.99,43.27,26.23,63.05,30.72
2001-12-26,49.36,38.86,13.26,13.97,17.89,38.74,44.57,26.53,50.83,28.53
2001-12-27,45.7,38.77,10.17,8.5,15.61,38.53,40.8,24.19,51.99,27.41
2001-12-28,44.22,38.46,9.71,6.87,15.2,36.91,38.75,23.52,53.04,27.24
2001-12-29,44.32,38.95,9.94,6.08,15.29,33.65,34.94,22.82,55.46,27.29
2001-12-30,44.27,38.95,10.9,6.44,14.98,34.89,37.14,22.77,61.06,26.8
2001-12-31,44.0,39.09,9.39,5.4,14.44,35.22,33.68,22.06,61.05,26.6
2002-01-01,44.28,39.24,10.9,5.49,14.63,30.6,36.03,22.18,58.59,26.52
2002-01-02,44.78,39.46,10.6,5.63,14.25,32.88,34.3,22.76,47.84,26.28
2002-01-03,43.96,38.97,9.16,4.83,14.19,34.48,32.74,22.01,43.76,26.32
2002-01-04,43.25,39.14,8.73,4.46,13.81,31.97,32.35,21.24,42.11,26.03
2002-01-05,43.3,39.59,8.91,4.5,13.63,33.18,38.57,20.99,42.43,25.94
2002-01-06,43.21,40.21,8.21,4.21,13.57,29.97,43.2,20.54,39.16,25.48
2002-01-07,44.49,40.66,8.06,4.0,12.82,34.42,35.69,20.33,46.9,25.77
2002-01-08,43.9,40.21,8.09,4.05,11.41,31.28,34.68,20.69,39.2,25.6
2002-01-09,43.46,40.21,7.57,3.63,10.88,31.17,37.23,20.41,38.05,25.41
2002-01-10,44.26,39.68,7.37,3.48,13.2,29.55,44.66,19.81,40.76,25.32
2002-01-11,45.93,39.77,7.37,3.78,14.89,29.14,35.22,19.57,42.49,25.46
2002-01-12,44.56,39.77,7.1,3.49,13.32,27.66,32.83,19.16,42.44,25.34
2002-01-13,45.08,39.81,6.82,3.49,13.14,29.96,31.92,18.87,49.24,25.3
2002-01-14,45.91,39.59,8.48,3.87,13.63,31.25,38.39,20.55,46.01,27.31
2002-01-15,44.98,38.41,9.93,4.24,14.29,34.88,36.83,25.26,57.45,25.65
2002-01-16,59.12,38.78,15.77,6.53,19.93,47.15,75.31,50.61,62.35,34.3
2002-01-17,46.9,38.78,12.64,6.58,19.67,48.84,83.66,58.32,46.93,26.99
2002-01-18,48.15,39.32,9.8,5.15,15.98,40.97,69.89,56.27,45.19,26.64
2002-01-19,44.17,38.61,8.7,4.65,14.47,34.02,72.18,52.02,45.19,28.99
2002-01-20,44.98,38.83,8.43,4.53,14.32,33.35,60.96,48.77,51.14,26.52
2002-01-21,54.82,37.53,18.93,6.28,19.29,36.4,62.75,45.52,42.59,26.3
2002-01-22,48.09,38.57,14.36,6.75,15.62,35.98,37.72,32.68,37.15,25.46
2002-01-23,47.41,38.97,12.28,6.03,14.51,34.93,43.34,30.37,34.54,25.08
2002-01-24,46.45,38.7,10.16,5.93,14.0,35.35,41.78,28.51,37.81,24.77
2002-01-25,44.47,39.06,9.29,5.61,13.39,33.64,40.99,27.23,46.1,24.66
2002-01-26,85.28,49.34,48.58,26.05,21.16,39.77,42.32,32.86,96.27,36.4
2002-01-27,141.32,74.45,72.07,36.24,34.98,42.76,56.44,37.88,80.86,30.38
2002-01-28,84.79,49.46,27.69,16.88,21.96,37.76,54.93,36.4,58.89,26.81
2002-01-29,57.04,36.33,19.86,11.04,18.72,36.04,44.35,33.83,60.35,25.91
2002-01-30,47.78,35.5,15.61,9.64,17.0,36.75,47.83,31.14,60.8,25.46
2002-01-31,47.83,36.82,14.03,9.45,16.01,32.93,46.93,29.88,61.17,25.06
2002-02-01,46.89,36.18,12.31,8.73,15.28,32.5,42.46,27.96,57.96,24.89
2002-02-02,45.14,36.24,11.59,7.76,14.83,31.78,52.06,33.55,59.25,28.73
2002-02-03,45.08,37.31,11.17,6.69,14.28,32.59,62.38,33.7,62.86,26.86
2002-02-04,45.43,37.48,10.72,6.44,13.7,31.06,46.88,30.99,54.51,24.89
2002-02-05,44.55,37.36,10.15,6.42,13.75,31.69,45.75,25.69,46.5,25.46
2002-02-06,44.25,37.39,9.57,6.1,13.66,29.0,39.45,24.74,41.4,26.22
2002-02-07,44.14,37.32,9.44,6.0,12.93,30.73,34.44,24.11,43.96,24.75
2002-02-08,43.99,37.53,9.0,5.41,13.08,28.59,34.01,22.87,39.99,24.33
2002-02-09,43.76,37.34,8.79,5.18,13.51,28.81,41.05,23.02,41.92,24.19
2002-02-10,43.5,37.11,8.58,4.88,12.75,28.47,43.51,22.12,43.82,23.8
2002-02-11,44.08,37.72,8.85,4.3,12.34,29.89,41.8,22.06,43.83,23.77
2002-02-12,43.52,37.81,8.03,4.16,12.31,37.88,41.23,21.69,52.09,23.77
2002-02-13,43.67,37.36,8.01,4.29,12.67,34.61,39.47,21.3,44.63,23.59
2002-02-14,43.45,37.46,7.48,4.47,12.25,42.24,37.63,21.07,52.71,23.45
2002-02-15,43.35,37.22,7.34,4.05,12.11,26.85,40.75,20.49,40.08,23.22
2002-02-16,42.96,37.83,7.26,3.72,12.31,25.54,38.52,19.7,39.59,23.22
2002-02-17,43.67,38.79,7.01,3.1,12.5,30.52,41.54,23.14,69.41,34.22
2002-02-18,43.87,39.32,7.23,3.07,12.92,36.68,45.62,24.22,52.55,25.49
2002-02-19,43.16,39.01,6.99,2.81,11.65,29.94,43.67,20.65,42.38,23.73
2002-02-20,42.76,38.75,6.71,2.82,11.45,31.01,34.18,20.08,40.26,23.22
2002-02-21,42.81,38.97,6.47,2.74,11.02,27.03,37.12,25.52,39.35,23.2
2002-02-22,54.11,37.76,10.27,4.11,22.04,32.25,48.77,29.0,43.01,25.07
2002-02-23,44.38,38.89,8.35,3.57,17.39,36.91,49.66,27.9,48.13,23.82
2002-02-24,43.17,39.06,7.26,2.82,13.51,30.29,46.79,24.96,43.26,23.87
2002-02-25,42.89,39.06,6.69,2.86,12.31,31.11,41.73,24.59,47.66,23.15
2002-02-26,42.77,39.14,6.31,2.75,12.31,28.49,38.55,24.29,47.67,23.06
2002-02-27,44.19,38.92,6.54,2.91,12.93,29.76,36.22,34.96,54.07,23.11
2002-02-28,105.98,76.24,27.85,8.03,40.14,41.29,67.64,70.69,62.17,24.89
2002-03-01,81.58,53.22,12.88,5.34,33.53,38.72,77.77,77.24,60.86,23.61
2002-03-02,54.06,40.97,9.57,4.08,23.13,35.62,71.49,66.08,55.13,26.0
2002-03-03,45.02,38.06,8.34,3.77,19.62,36.37,74.1,61.25,47.85,26.16
2002-03-04,47.9,45.52,7.61,3.23,21.96,40.93,59.33,54.47,44.85,23.7
2002-03-05,123.6,72.09,47.54,15.61,31.58,43.34,67.26,57.3,45.77,28.22
2002-03-06,295.12,162.66,117.24,37.33,107.32,69.71,149.15,114.43,61.04,29.73
2002-03-07,119.88,65.08,29.08,13.02,42.97,61.92,145.07,100.87,47.8,25.18
2002-03-08,82.45,54.66,19.23,8.43,29.89,45.77,110.12,85.52,52.6,24.26
2002-03-09,76.13,52.17,14.91,6.47,25.95,39.04,99.62,76.96,51.51,23.47
2002-03-10,73.86,54.59,12.71,5.7,23.48,34.94,82.33,71.64,44.65,23.24
2002-03-11,70.64,53.3,11.22,5.3,22.02,46.62,67.24,60.86,47.35,23.2
2002-03-12,67.44,52.17,10.12,4.97,19.55,46.54,46.65,43.12,53.3,22.86
2002-03-13,60.48,52.16,9.44,4.61,17.59,44.86,42.89,40.55,50.17,22.59
2002-03-14,70.92,52.96,11.58,7.07,17.66,46.5,51.66,39.63,56.86,27.29
2002-03-15,75.45,54.08,16.19,18.58,18.07,49.49,47.13,39.73,70.1,27.74
2002-03-16,64.54,53.2,9.94,8.05,16.55,37.65,44.33,38.21,58.82,23.22
2002-03-17,63.16,51.6,8.51,6.16,15.25,29.71,41.7,36.03,52.18,22.79
2002-03-18,61.42,51.67,8.01,5.61,14.41,36.0,39.24,34.23,53.06,22.3
2002-03-19,62.04,51.6,7.35,4.78,13.39,37.05,36.41,31.78,46.06,22.14
2002-03-20,61.42,51.71,6.58,4.41,13.23,37.43,45.28,30.63,38.95,22.07
2002-03-21,85.16,56.17,9.6,9.26,17.22,33.31,36.42,28.77,37.47,24.32
2002-03-22,80.26,51.16,12.89,12.08,23.78,41.25,65.62,33.74,56.65,30.99
2002-03-23,70.93,54.69,9.62,10.47,18.72,44.38,51.03,31.97,58.16,28.66
2002-03-24,65.44,51.7,6.95,7.43,14.48,35.37,37.49,30.21,38.79,23.77
2002-03-25,64.19,52.27,4.79,6.3,12.81,37.38,40.14,26.36,38.63,23.22
2002-03-26,64.73,51.83,4.99,6.18,13.2,41.09,38.27,28.3,44.84,23.76
2002-03-27,125.67,72.52,33.86,23.14,28.11,63.52,53.89,36.87,98.04,41.19
2002-03-28,87.61,64.37,10.01,11.26,17.67,50.04,45.49,37.06,73.21,25.32
2002-03-29,82.89,59.63,10.78,9.79,17.52,79.31,63.19,43.39,126.5,55.43
2002-03-30,79.45,61.81,9.37,8.58,16.7,84.17,56.18,42.54,160.43,38.69
2002-03-31,72.99,59.0,7.02,7.05,14.44,60.9,65.05,32.7,83.86,30.04
2002-04-01,68.57,54.9,6.29,5.89,13.39,48.01,49.13,32.07,66.64,27.28
2002-04-02,59.39,42.39,6.03,5.18,12.81,43.67,45.47,31.59,63.64,26.5
2002-04-03,49.23,38.66,6.54,5.24,12.34,39.72,45.15,30.41,55.73,25.91
2002-04-04,46.0,38.53,5.86,4.55,11.67,38.37,50.91,28.93,50.02,24.89
2002-04-05,44.54,38.44,5.08,4.22,10.92,34.03,42.5,27.33,46.87,24.26
2002-04-06,86.12,45.29,15.23,69.86,21.63,38.12,45.99,29.51,55.96,26.24
2002-04-07,145.48,52.36,47.48,95.74,51.84,205.02,101.61,62.84,162.74,84.36
2002-04-08,70.41,50.3,13.41,25.55,23.89,67.31,58.42,42.27,109.74,35.43
2002-04-09,64.71,43.36,9.35,14.28,16.96,68.78,48.35,36.04,78.41,30.9
2002-04-10,55.2,41.21,7.66,9.99,15.02,59.98,50.79,32.13,64.24,28.86
2002-04-11,54.72,42.31,7.34,8.3,15.05,54.7,46.25,33.5,75.34,33.17
2002-04-12,55.4,42.37,7.67,7.46,17.57,55.87,60.39,38.64,76.39,31.77
2002-04-13,49.87,39.54,6.58,6.43,13.67,49.24,43.5,31.83,65.71,27.55
2002-04-14,47.92,39.63,6.19,5.63,11.93,42.29,48.62,29.13,58.09,26.5
2002-04-15,57.16,46.34,19.32,8.67,13.12,58.47,52.02,29.12,68.22,26.25
2002-04-16,80.47,52.94,20.88,14.09,19.52,63.35,52.61,28.6,66.43,25.63
2002-04-17,108.76,74.98,23.52,12.03,47.48,75.03,72.23,47.72,58.24,34.41
2002-04-18,82.88,62.01,11.8,7.81,27.23,73.97,67.83,43.04,60.16,27.35
2002-04-19,76.75,63.19,8.65,6.34,19.12,63.33,59.51,37.05,48.0,26.67
2002-04-20,79.34,61.02,8.57,7.54,24.99,70.0,73.07,43.57,85.78,39.38
2002-04-21,152.1,84.3,45.53,50.4,96.86,171.21,194.57,131.32,196.29,89.75
2002-04-22,119.93,87.49,21.76,18.31,44.2,130.65,159.19,99.51,131.12,46.02
2002-04-23,173.2,87.74,51.99,30.89,54.4,172.67,170.31,127.64,211.43,93.61
2002-04-24,131.06,83.51,30.13,23.11,43.62,175.52,171.87,110.67,254.7,66.04
2002-04-25,118.84,84.47,17.57,14.19,31.88,151.6,143.35,89.72,151.0,51.32
2002-04-26,95.07,68.41,12.83,10.06,26.34,113.4,109.05,74.87,137.41,44.33
2002-04-27,83.97,63.13,10.91,8.17,22.78,87.93,99.19,66.78,129.74,39.37
2002-04-28,76.61,58.08,10.01,7.39,21.69,58.25,101.0,59.1,109.34,38.79
2002-04-29,70.39,56.5,9.08,6.47,19.45,54.65,73.37,55.79,111.94,34.93
2002-04-30,68.72,55.79,7.99,5.8,17.72,57.69,76.51,53.09,102.5,33.47
2002-05-01,372.7,218.18,73.79,53.82,118.19,94.81,126.95,103.3,120.92,42.77
2002-05-02,242.57,149.17,23.34,20.58,70.61,92.86,140.09,88.92,118.45,36.16
2002-05-03,261.13,129.07,70.9,23.02,55.17,67.54,107.93,78.58,122.3,41.69
2002-05-04,300.25,136.4,104.86,59.67,70.23,88.59,121.54,82.09,168.88,50.74
2002-05-05,238.2,133.56,57.98,49.6,56.82,84.52,110.84,75.36,145.03,47.85
2002-05-06,176.3,105.97,30.02,24.61,43.02,92.44,111.04,74.29,182.04,66.32
2002-05-07,146.25,88.67,24.33,19.01,35.69,97.68,106.28,71.24,134.35,48.54
2002-05-08,140.03,79.9,25.89,18.33,44.24,90.65,88.85,65.75,124.44,44.8
2002-05-09,102.21,66.99,17.72,13.04,32.34,79.32,79.16,48.52,101.19,40.17
2002-05-10,143.24,102.19,36.38,14.97,75.87,97.41,101.83,66.55,177.69,70.09
2002-05-11,199.88,135.66,28.05,12.73,54.44,104.26,116.85,72.6,139.17,49.17
2002-05-12,151.83,103.02,20.52,10.69,32.98,73.12,108.41,68.02,124.16,43.17
2002-05-13,131.3,91.47,16.28,8.92,31.13,80.11,102.67,62.92,109.08,39.49
2002-05-14,111.84,80.32,14.26,7.94,24.78,67.12,73.34,58.26,108.95,38.27
2002-05-15,774.34,682.11,393.1,113.79,254.23,98.12,214.08,177.86,169.46,67.81
2002-05-16,1107.16,783.95,261.48,77.33,307.52,148.52,515.45,317.29,193.99,62.53
2002-05-17,533.23,388.0,73.29,30.2,94.52,103.38,240.19,177.44,134.2,45.5
2002-05-18,266.83,149.04,46.54,20.04,63.25,95.5,175.85,133.15,122.1,41.84
2002-05-19,221.53,129.17,36.96,17.84,49.61,68.87,135.87,107.16,103.17,38.58
2002-05-20,170.32,98.23,28.45,12.84,41.08,64.69,117.72,89.55,99.64,35.6
2002-05-21,128.31,82.75,22.57,10.3,34.99,74.82,99.28,77.39,79.96,33.5
2002-05-22,122.39,79.09,19.98,9.45,32.15,56.58,94.9,72.27,87.87,32.87
2002-05-23,123.42,78.36,16.33,8.64,30.67,51.98,76.49,67.82,87.01,33.41
2002-05-24,108.34,72.15,14.77,7.25,24.52,45.59,80.71,58.23,85.96,30.27
2002-05-25,96.72,63.9,12.7,6.75,23.48,60.48,61.98,51.58,79.84,27.45
2002-05-26,85.54,56.64,11.37,5.73,21.86,44.26,60.98,47.15,79.72,25.8
2002-05-27,80.68,55.4,10.1,5.47,17.6,41.42,51.38,43.91,75.34,24.68
2002-05-28,79.72,53.89,9.73,5.07,17.79,42.2,53.5,40.02,66.08,22.61
2002-05-29,76.32,53.2,9.95,4.98,16.87,42.38,50.37,38.56,59.48,21.81
2002-05-30,80.04,54.79,9.73,5.56,20.01,38.36,60.5,38.71,69.03,23.92
2002-05-31,75.06,53.34,9.79,5.27,21.78,54.68,67.82,48.84,105.91,38.92
2002-06-01,68.95,49.48,9.73,5.08,13.73,43.22,56.13,37.09,66.5,23.42
2002-06-02,62.69,44.91,9.73,3.9,11.38,35.51,35.62,33.74,52.82,20.17
2002-06-03,57.36,40.05,9.73,3.16,10.88,37.31,43.28,31.95,51.56,19.08
2002-06-04,50.9,39.82,9.46,3.2,9.23,36.9,36.81,31.02,41.97,18.4
2002-06-05,49.63,40.02,9.02,3.05,7.73,34.44,36.94,30.7,38.57,18.04
2002-06-06,49.12,40.46,9.02,2.72,9.64,30.91,41.83,32.54,37.71,17.58
2002-06-07,46.63,37.9,9.02,2.53,4.82,26.44,34.5,29.22,37.72,17.64
2002-06-08,44.6,39.45,9.02,2.67,3.66,23.1,34.11,28.87,44.31,17.62
2002-06-09,44.88,41.14,9.02,2.83,2.24,20.3,30.85,29.06,49.87,17.15
2002-06-10,46.5,41.41,10.14,2.54,3.01,32.02,41.67,30.26,56.52,19.64
2002-06-11,55.11,55.52,14.63,5.15,16.51,38.01,57.7,43.21,66.35,35.16
2002-06-12,70.6,51.49,12.24,4.25,12.9,35.28,56.21,44.61,65.25,28.47
2002-06-13,42.26,38.1,8.46,5.92,1.66,27.94,36.32,30.97,56.34,20.81
2002-06-14,35.39,35.77,16.19,8.67,1.49,24.37,39.37,28.83,50.68,19.37
2002-06-15,37.34,42.86,9.56,3.96,1.76,22.64,38.34,27.55,43.86,18.85
2002-06-16,36.33,41.23,8.77,3.75,2.22,22.1,33.75,27.39,40.86,18.96
2002-06-17,33.18,36.49,8.34,3.4,1.57,31.92,45.77,31.29,44.95,41.14
2002-06-18,26.48,34.13,8.54,3.01,1.02,74.99,75.3,46.41,158.55,81.21
2002-06-19,26.71,33.8,8.34,2.76,0.98,41.75,39.08,30.0,66.5,27.92
2002-06-20,79.81,58.02,12.1,11.57,21.35,358.0,143.87,95.14,222.39,166.41
2002-06-21,48.59,36.01,5.15,5.19,6.45,136.91,124.92,62.19,169.02,58.11
2002-06-22,34.96,28.34,4.06,4.16,1.94,77.46,65.2,44.14,109.48,52.76
2002-06-23,33.59,25.65,3.4,3.23,2.15,63.11,57.97,36.86,87.44,34.93
2002-06-24,161.24,92.88,58.32,8.48,19.36,115.95,68.41,48.75,150.34,63.86
2002-06-25,237.3,123.9,42.81,11.54,41.34,185.06,95.19,60.04,184.6,98.08
2002-06-26,94.68,61.43,12.07,4.99,14.04,88.65,65.58,44.02,126.58,56.05
2002-06-27,60.12,45.48,5.85,3.59,4.54,71.36,71.7,40.45,100.68,43.55
2002-06-28,51.23,36.14,4.74,3.15,2.37,68.13,60.74,39.4,106.57,43.94
2002-06-29,75.48,61.7,6.79,3.62,36.51,794.69,684.98,342.91,716.72,391.14
2002-06-30,280.51,212.33,54.11,11.27,138.14,1505.03,1522.37,860.51,804.11,265.61
2002-07-01,739.65,365.47,246.0,102.38,158.75,958.35,917.72,544.32,565.84,157.14
2002-07-02,306.01,165.03,40.84,26.43,58.09,236.68,359.64,266.21,268.95,91.76
2002-07-03,128.47,81.15,18.55,11.27,25.5,169.67,234.77,180.26,218.06,69.94
2002-07-04,98.26,61.79,14.23,8.33,19.93,157.14,180.11,144.69,211.26,61.68
2002-07-05,99.34,59.66,20.57,10.19,25.66,224.96,201.91,147.36,312.42,130.95
2002-07-06,257.11,151.39,55.28,32.07,122.97,593.9,691.47,357.88,925.88,276.5
2002-07-07,166.56,93.55,23.31,13.44,33.97,227.37,370.0,244.58,442.44,124.4
2002-07-08,100.03,66.55,17.96,8.41,20.21,147.67,229.8,173.51,336.84,85.88
2002-07-09,99.95,68.76,20.33,8.94,16.04,140.06,208.48,161.09,401.15,145.43
2002-07-10,89.77,59.33,18.83,6.93,12.52,118.84,160.89,123.22,329.81,91.5
2002-07-11,68.62,47.45,15.95,5.73,7.99,74.11,142.16,93.09,204.05,68.13
2002-07-12,58.91,44.24,12.94,4.37,5.82,62.53,112.09,79.36,172.95,58.48
2002-07-13,54.17,38.95,11.89,3.87,8.43,70.75,129.89,86.81,162.34,53.91
2002-07-14,49.99,39.43,11.31,3.53,6.86,55.37,97.61,68.12,160.8,49.79
2002-07-15,50.18,40.02,10.1,3.58,5.65,64.4,97.56,66.81,177.5,66.24
2002-07-16,49.8,36.07,12.19,3.33,6.44,65.15,95.34,63.21,145.91,57.31
2002-07-17,93.54,58.61,29.44,10.55,32.97,104.44,176.59,153.08,130.29,50.43
2002-07-18,161.64,72.48,18.21,8.67,36.31,98.24,147.14,109.23,127.89,80.99
2002-07-19,279.13,161.79,48.8,22.67,135.19,387.16,387.24,290.27,589.29,266.35
2002-07-20,457.26,329.12,43.67,17.33,238.34,335.83,459.28,335.72,399.81,101.34
2002-07-21,223.29,98.28,25.26,10.47,93.79,167.74,261.12,208.9,251.52,72.57
2002-07-22,108.24,60.29,16.97,6.87,46.14,128.35,184.51,153.44,210.0,62.78
2002-07-23,86.9,49.98,12.94,5.43,30.63,93.64,153.15,121.44,160.48,53.64
2002-07-24,70.49,42.45,11.79,4.88,27.43,84.39,144.14,105.37,160.65,48.66
2002-07-25,67.95,50.55,11.07,5.05,26.51,76.51,130.58,118.57,373.88,291.46
2002-07-26,122.01,93.94,13.65,6.55,31.46,336.65,344.17,361.86,1770.13,
2002-07-27,85.59,56.65,10.52,4.42,24.06,183.16,236.54,233.12,849.36,
2002-07-28,51.77,43.82,9.06,3.51,20.48,120.83,180.29,167.83,619.54,183.8
2002-07-29,49.38,44.75,8.34,2.92,17.18,99.45,149.88,124.41,367.77,116.4
2002-07-30,65.49,45.63,11.11,2.43,13.02,84.03,127.02,107.13,258.89,95.19
2002-07-31,69.61,45.94,13.05,2.5,13.1,81.6,123.21,98.84,214.55,76.52
2002-08-01,48.37,41.95,10.27,2.19,7.1,66.72,107.09,76.97,156.87,61.61
2002-08-02,41.51,37.2,8.55,2.11,1.54,56.49,77.83,63.23,130.58,54.21
2002-08-03,38.86,33.68,7.43,2.11,1.25,47.69,65.3,58.76,130.17,50.24
2002-08-04,40.45,33.17,7.06,2.04,2.29,44.17,73.59,54.98,107.11,48.36
2002-08-05,42.57,32.28,7.75,1.91,2.03,51.25,68.95,47.83,113.39,44.14
2002-08-06,38.03,31.19,7.01,2.04,2.95,51.72,66.25,44.97,98.81,41.76
2002-08-07,43.32,30.89,7.75,3.35,2.34,54.75,58.39,44.07,109.52,46.83
2002-08-08,38.15,30.72,6.99,4.12,2.08,48.91,51.93,41.42,140.45,44.74
2002-08-09,35.86,32.41,6.46,3.75,2.21,44.24,61.81,39.59,111.11,40.72
2002-08-10,60.41,40.08,7.06,8.69,2.93,47.99,66.58,41.87,100.22,40.72
2002-08-11,80.96,35.1,14.77,11.97,10.12,52.82,72.71,49.43,94.46,41.98
2002-08-12,68.45,34.72,17.43,6.52,11.77,61.77,70.76,45.01,102.62,47.91
2002-08-13,50.11,32.93,12.56,4.25,5.78,50.26,64.34,39.63,113.57,54.19
2002-08-14,42.06,32.62,11.01,3.63,3.21,48.72,70.69,39.55,114.72,52.04
2002-08-15,42.3,31.69,9.58,2.93,4.75,54.39,54.77,45.55,86.7,43.08
2002-08-16,39.05,29.46,8.29,2.55,2.55,44.29,61.65,37.95,69.13,37.97
2002-08-17,38.39,33.43,7.99,2.22,1.79,49.37,81.74,58.85,84.3,38.84
2002-08-18,37.71,29.14,7.69,2.11,1.39,39.03,63.59,38.18,97.72,36.42
2002-08-19,35.98,28.85,7.56,2.13,1.27,40.62,56.34,34.54,86.19,35.03
2002-08-20,33.42,27.65,7.06,2.12,1.17,38.8,55.0,31.69,86.21,33.99
2002-08-21,33.25,26.2,6.49,1.85,1.8,34.24,71.25,30.89,85.92,33.3
2002-08-22,32.54,25.13,6.46,1.78,1.6,34.59,65.06,30.28,85.03,31.78
2002-08-23,36.01,26.05,6.46,2.56,3.55,33.34,48.7,29.97,83.3,31.99
2002-08-24,116.64,33.8,25.61,7.62,17.44,63.8,123.86,90.04,102.76,39.8
2002-08-25,65.14,31.41,16.48,6.15,13.89,175.43,146.53,103.12,204.61,123.34
2002-08-26,45.61,40.75,14.18,3.89,5.19,115.95,105.83,58.75,150.44,63.49
2002-08-27,55.68,51.06,11.53,3.61,2.61,68.17,76.29,62.89,148.18,47.97
2002-08-28,65.4,56.79,9.09,4.45,2.07,89.0,81.57,92.75,147.35,53.43
2002-08-29,48.86,33.97,8.02,6.58,2.81,121.4,41.91,86.79,322.08,219.93
2002-08-30,41.22,36.64,9.25,4.61,5.13,299.19,629.72,636.61,2141.75,518.97
2002-08-31,61.83,53.94,9.69,28.32,7.46,437.46,917.67,799.08,1594.84,310.32
2002-09-01,52.85,40.25,10.27,21.77,4.65,180.04,573.6,482.55,669.44,177.98
2002-09-02,41.46,35.18,8.55,7.04,2.79,121.3,305.72,276.16,389.96,117.42
2002-09-03,38.66,32.05,7.43,4.98,2.23,94.42,199.25,186.47,270.18,84.18
2002-09-04,36.95,30.89,7.06,3.91,2.79,62.42,155.94,139.46,228.23,78.56
2002-09-05,35.58,28.95,7.75,3.28,2.86,63.63,138.69,111.47,230.82,94.02
2002-09-06,36.44,28.97,7.01,3.05,2.85,40.88,108.42,86.95,197.75,66.69
2002-09-07,34.72,27.84,7.75,3.11,3.14,27.43,98.83,75.84,178.81,56.53
2002-09-08,33.99,27.62,6.99,2.82,3.55,48.76,90.96,67.8,166.0,50.68
2002-09-09,32.39,26.7,6.46,2.55,2.78,58.39,77.86,60.52,161.1,46.82
2002-09-10,31.94,26.96,7.06,2.41,2.79,50.16,83.82,56.32,141.79,44.08
2002-09-11,31.78,26.06,14.77,2.26,2.57,44.71,78.53,54.06,132.06,42.97
2002-09-12,31.91,26.91,17.43,2.36,2.38,50.27,71.37,49.41,106.73,42.01
2002-09-13,31.88,28.99,12.56,2.14,2.25,49.32,75.82,46.77,96.34,41.44
2002-09-14,32.48,25.4,11.01,2.22,2.15,40.37,64.2,44.67,89.65,39.06
2002-09-15,31.42,26.46,9.58,2.36,2.3,41.83,68.85,43.76,79.17,38.64
2002-09-16,255.02,35.95,8.29,258.63,8.55,41.82,68.98,45.44,87.94,38.02
2002-09-17,297.41,40.12,7.99,123.49,67.98,71.94,178.3,140.94,126.05,50.21
2002-09-18,63.02,29.86,7.69,27.0,15.0,53.15,104.97,67.63,95.74,39.19
2002-09-19,44.96,26.61,7.56,14.89,6.79,55.5,67.25,54.34,90.66,37.74
2002-09-20,41.58,28.15,7.06,11.04,3.93,51.97,66.35,50.6,105.72,38.22
2002-09-21,41.7,28.38,6.49,9.23,3.21,51.61,63.5,46.93,108.56,39.13
2002-09-22,40.66,28.03,6.46,8.79,3.15,41.92,56.23,44.47,108.68,37.35
2002-09-23,39.34,28.23,6.46,7.97,2.53,39.89,57.68,42.36,102.2,36.65
2002-09-24,38.44,27.51,25.61,6.68,3.28,47.26,51.57,40.99,88.45,36.45
2002-09-25,37.86,25.76,16.48,5.51,6.34,46.05,34.67,39.92,86.21,37.06
2002-09-26,39.69,26.76,14.18,5.95,8.75,48.12,57.23,39.18,98.11,41.38
2002-09-27,69.34,28.74,11.53,5.71,12.33,52.42,56.99,38.88,107.81,41.54
2002-09-28,78.22,27.32,9.09,6.42,18.16,45.72,50.26,38.11,82.18,40.23
2002-09-29,43.87,25.52,8.02,4.85,13.92,38.77,44.04,36.63,77.63,39.48
2002-09-30,41.54,27.69,9.25,4.54,12.37,43.36,34.58,35.31,75.31,38.79
2002-10-01,42.92,28.37,13.56,4.28,11.46,38.52,35.5,30.72,75.58,38.35
2002-10-02,48.53,27.96,11.35,4.27,11.08,38.84,30.18,29.1,66.1,37.55
2002-10-03,42.56,27.68,11.12,4.64,10.52,43.0,32.76,28.28,74.93,37.23
2002-10-04,42.09,28.57,10.63,4.22,10.18,40.46,26.73,27.75,81.71,36.85
2002-10-05,49.06,27.75,22.81,4.53,10.03,43.75,23.25,27.24,88.25,36.88
2002-10-06,57.31,31.53,16.23,8.19,15.96,48.57,27.62,28.0,119.92,47.05
2002-10-07,58.33,31.39,22.05,10.84,23.68,59.82,26.16,28.86,122.47,40.5
2002-10-08,42.34,27.6,14.08,5.85,15.36,47.75,35.88,26.19,95.08,38.03
2002-10-09,42.66,28.44,11.53,4.53,12.95,42.21,27.3,25.48,78.2,36.05
2002-10-10,40.26,28.82,10.72,4.42,11.28,40.02,24.86,24.96,70.44,34.91
2002-10-11,41.26,29.68,9.98,4.5,10.98,39.5,22.44,24.84,75.06,34.27
2002-10-12,41.14,29.13,9.73,3.87,10.48,40.73,24.43,24.24,67.89,34.1
2002-10-13,46.21,28.04,10.55,6.06,11.52,37.13,26.6,24.04,70.29,33.57
2002-10-14,39.6,28.4,9.98,5.06,10.05,34.96,33.07,23.6,69.26,32.86
2002-10-15,53.47,30.89,13.12,4.32,12.05,39.16,33.16,23.79,68.92,34.8
2002-10-16,50.2,29.5,12.99,5.03,15.49,45.48,31.88,24.51,61.89,35.5
2002-10-17,40.33,28.88,10.2,4.16,17.65,39.02,38.02,22.39,64.76,32.34
2002-10-18,40.48,29.1,9.56,4.01,16.6,38.17,35.75,22.4,65.91,32.15
2002-10-19,45.05,29.07,14.88,4.66,14.16,53.16,48.98,34.75,120.45,56.57
2002-10-20,44.31,33.06,21.15,7.6,14.34,49.75,33.48,27.71,116.17,36.99
2002-10-21,54.76,42.11,18.63,6.32,18.17,46.7,34.34,34.05,101.38,35.14
2002-10-22,41.96,28.82,12.88,5.52,13.65,44.58,35.91,26.72,94.75,32.8
2002-10-23,39.15,30.01,10.98,4.59,13.36,37.68,27.81,22.67,88.86,32.04
2002-10-24,40.12,30.99,10.51,3.67,13.03,36.18,33.69,22.83,85.89,31.26
2002-10-25,39.82,31.41,10.25,3.27,13.13,34.94,30.95,22.03,75.75,30.86
2002-10-26,39.44,31.39,10.41,3.76,12.57,36.49,35.78,21.62,82.15,30.7
2002-10-27,40.19,34.09,9.77,3.78,11.48,33.08,37.57,20.61,68.82,30.02
2002-10-28,42.43,33.95,9.26,3.19,11.91,34.23,22.93,20.27,53.07,29.6
2002-10-29,42.39,33.44,8.91,3.0,12.39,34.59,26.25,21.69,50.47,29.6
2002-10-30,41.88,34.13,8.65,2.95,11.68,29.7,15.89,21.07,51.3,29.26
2002-10-31,48.04,35.05,9.73,4.17,11.81,24.75,24.05,20.83,59.66,29.64
2002-11-01,138.36,58.91,49.28,36.75,28.31,31.5,32.47,23.88,75.28,34.22
2002-11-02,61.08,31.92,18.28,12.38,16.31,31.8,37.97,21.27,73.69,29.65
2002-11-03,42.3,29.86,15.22,9.12,14.03,30.15,33.27,20.75,84.06,29.27
2002-11-04,45.33,32.29,16.72,9.84,15.15,40.03,44.19,25.73,85.15,30.98
2002-11-05,40.98,29.72,12.2,6.48,13.33,36.79,38.49,23.09,79.43,28.88
2002-11-06,40.56,29.98,10.76,5.2,12.57,31.11,38.15,21.36,70.76,28.47
2002-11-07,42.36,30.69,10.29,5.19,12.84,31.2,38.51,19.17,71.18,28.4
2002-11-08,49.36,30.69,13.44,7.5,23.22,53.93,72.79,34.46,77.31,34.46
2002-11-09,41.62,30.69,12.57,5.75,15.81,42.68,52.88,35.01,57.77,29.03
2002-11-10,40.56,30.99,10.51,4.72,13.52,37.98,42.89,27.43,47.12,28.17
2002-11-11,43.93,31.7,10.26,4.49,16.35,34.79,39.65,25.27,45.87,28.45
2002-11-12,49.34,32.91,10.79,6.76,49.32,43.39,48.08,29.67,56.75,37.12
2002-11-13,41.57,30.95,9.98,5.24,20.53,36.23,51.88,30.92,63.17,29.27
2002-11-14,39.91,30.85,9.46,4.47,16.31,39.71,33.31,26.95,46.53,28.84
2002-11-15,40.47,32.05,9.17,4.31,15.48,51.69,40.18,29.04,74.94,38.82
2002-11-16,40.67,32.75,9.02,4.55,14.59,44.65,32.78,26.06,65.17,31.53
2002-11-17,39.8,33.19,8.85,4.14,14.16,40.83,34.25,24.31,60.32,29.45
2002-11-18,41.11,33.68,8.85,4.0,14.14,33.66,32.79,23.3,60.96,28.5
2002-11-19,41.82,35.59,8.34,3.23,13.39,34.42,30.83,22.48,52.94,28.19
2002-11-20,42.53,35.66,8.34,3.2,12.97,34.68,28.51,21.87,59.65,27.76
2002-11-21,43.18,35.1,8.34,3.25,12.94,35.87,36.3,21.56,63.41,28.86
2002-11-22,42.19,34.75,8.34,3.25,12.73,33.84,32.35,22.41,63.71,31.35
2002-11-23,42.36,34.47,8.04,3.11,12.07,33.12,33.08,21.1,67.32,28.07
2002-11-24,41.56,34.55,7.69,3.02,12.17,34.85,31.92,20.55,62.81,27.51
2002-11-25,41.98,35.7,8.12,2.99,11.96,29.18,39.09,20.03,58.21,27.11
2002-11-26,42.6,36.4,8.15,2.76,11.58,30.05,35.85,19.38,49.82,26.57
2002-11-27,42.98,36.37,8.06,2.62,11.07,30.83,31.79,19.14,46.44,26.57
2002-11-28,42.6,36.81,7.06,2.33,11.17,32.47,27.94,18.71,45.32,26.23
2002-11-29,38.93,25.39,6.99,2.35,11.94,33.12,31.5,19.47,46.38,26.03
2002-11-30,35.67,28.33,6.87,3.12,17.88,35.37,36.55,21.76,57.66,34.84
2002-12-01,40.03,31.24,7.61,3.19,21.03,41.09,39.07,25.79,82.69,34.79
2002-12-02,36.36,26.88,7.06,2.68,13.06,32.82,29.2,21.55,70.86,27.94
2002-12-03,39.3,28.16,9.52,3.84,13.88,34.38,38.24,23.81,90.62,32.59
2002-12-04,84.58,52.4,36.46,18.16,41.56,110.18,231.05,122.47,397.21,152.51
2002-12-05,48.23,31.05,12.37,6.23,20.91,58.26,107.5,59.36,149.69,43.04
2002-12-06,37.22,29.17,9.56,4.45,15.68,46.89,60.78,40.36,92.18,35.86
2002-12-07,39.67,36.19,9.86,4.4,20.55,55.6,62.51,40.32,121.35,53.41
2002-12-08,44.44,35.54,9.65,3.45,19.8,42.3,47.91,37.64,100.3,38.81
2002-12-09,40.33,34.14,14.15,3.81,16.16,40.19,55.08,35.06,72.62,35.17
2002-12-10,38.42,31.38,10.58,3.69,13.41,30.24,51.72,32.5,63.48,33.0
2002-12-11,37.21,29.6,9.59,3.2,13.02,28.08,37.86,30.24,59.87,31.69
2002-12-12,37.5,31.15,9.6,3.13,11.48,27.81,37.37,30.36,56.8,30.7
2002-12-13,35.16,26.16,8.62,2.85,10.09,24.18,36.07,29.89,55.54,29.86
2002-12-14,33.02,31.85,8.2,2.7,11.35,26.15,32.82,28.24,53.93,29.14
2002-12-15,41.29,36.44,7.88,2.51,11.5,26.61,34.03,26.31,53.8,28.65
2002-12-16,43.81,34.55,11.49,4.07,11.76,35.97,49.59,29.56,61.67,32.24
2002-12-17,39.72,32.06,13.48,5.55,13.62,38.61,40.16,31.24,58.79,29.35
2002-12-18,39.98,35.42,9.32,4.35,11.5,35.99,40.04,28.18,62.08,28.45
2002-12-19,50.96,33.06,17.98,5.73,16.07,85.11,91.41,59.31,168.99,88.14
2002-12-20,40.69,34.72,14.1,5.26,14.82,65.28,102.92,58.64,136.1,41.9
2002-12-21,105.72,78.92,65.41,15.25,46.46,67.72,106.2,64.63,123.39,45.17
2002-12-22,87.69,51.94,25.96,10.37,27.27,53.85,99.18,64.87,104.13,36.63
2002-12-23,52.14,38.74,16.77,6.13,18.15,50.08,84.7,56.63,92.4,34.77
2002-12-24,43.93,36.59,13.75,5.23,15.87,43.07,80.71,51.36,88.91,33.35
2002-12-25,42.71,34.27,17.31,5.59,16.59,55.96,61.58,47.97,61.25,32.07
2002-12-26,41.47,36.91,18.48,4.8,14.0,37.79,72.39,46.1,51.06,31.07
2002-12-27,41.16,34.41,14.12,4.01,13.65,41.52,54.35,42.61,47.73,30.34
2002-12-28,40.81,35.63,12.36,3.68,12.54,32.13,60.83,40.78,45.99,29.68
2002-12-29,41.13,33.54,11.4,3.37,12.51,35.64,50.05,38.82,44.51,29.14
2002-12-30,39.86,34.41,10.47,3.26,12.07,32.93,50.29,37.41,51.82,28.55
2002-12-31,40.53,35.0,10.07,3.0,11.99,31.14,47.2,36.17,56.48,28.37
2003-01-01,40.51,35.02,9.88,3.11,12.0,33.96,43.35,35.38,57.94,26.6
2003-01-02,40.99,37.47,9.52,3.07,11.95,30.21,39.92,28.77,56.89,26.05
2003-01-03,44.55,35.22,9.59,3.19,13.69,37.13,42.39,32.56,77.06,31.8
2003-01-04,41.31,33.58,10.48,3.98,15.93,47.84,69.11,37.31,64.6,28.65
2003-01-05,41.11,33.83,9.8,3.96,13.01,43.68,50.47,33.5,51.5,27.01
2003-01-06,41.04,35.59,7.53,3.4,12.14,47.29,40.5,29.55,52.44,25.99
2003-01-07,42.13,35.42,8.91,3.07,11.74,45.83,43.09,28.61,50.1,25.77
2003-01-08,42.13,35.42,8.56,3.07,11.32,45.57,39.55,27.88,50.03,25.47
2003-01-09,42.13,35.39,8.22,3.17,11.25,43.6,42.27,28.68,47.97,25.2
2003-01-10,42.14,35.42,7.73,3.12,10.84,41.62,62.38,28.09,63.59,24.82
2003-01-11,42.14,35.36,8.08,3.12,10.91,49.1,44.47,27.57,48.8,24.69
2003-01-12,42.06,35.39,7.93,3.1,10.84,37.12,45.9,26.9,45.43,24.4
2003-01-13,41.13,33.38,7.17,3.07,10.59,32.33,50.16,25.06,47.04,24.13
2003-01-14,40.29,33.29,7.17,2.87,10.66,47.01,47.52,24.4,44.53,24.18
2003-01-15,41.05,33.44,8.36,2.6,10.54,53.32,41.39,23.82,42.36,23.74
2003-01-16,40.44,34.73,7.6,2.48,10.32,48.35,37.28,22.94,40.52,23.45
2003-01-17,40.41,34.73,7.07,2.38,10.32,51.91,46.17,22.73,41.5,23.42
2003-01-18,41.01,33.61,7.55,2.93,10.52,35.88,45.26,22.43,48.58,23.42
2003-01-19,40.04,33.8,6.81,2.38,10.52,29.96,45.53,22.12,58.31,23.24
2003-01-20,40.57,33.96,7.17,2.47,10.64,41.04,46.15,22.94,60.37,23.06
2003-01-21,40.97,33.9,7.79,2.48,10.47,44.04,38.38,23.5,55.47,22.83
2003-01-22,40.57,33.9,6.76,2.53,10.32,45.12,37.76,20.81,56.44,22.8
2003-01-23,62.54,38.31,25.41,11.42,22.99,64.05,63.2,40.68,69.33,32.71
2003-01-24,56.47,33.1,27.72,7.1,16.79,49.84,67.05,39.44,50.92,24.03
2003-01-25,39.32,31.94,13.07,4.42,12.93,33.91,61.73,31.94,48.06,22.85
2003-01-26,41.03,32.77,10.92,4.17,12.27,33.99,45.36,30.39,50.51,26.22
2003-01-27,53.78,29.15,20.1,8.45,18.3,63.64,63.3,43.09,74.59,39.95
2003-01-28,44.22,32.77,18.08,8.11,18.84,57.87,85.52,57.95,61.09,27.14
2003-01-29,43.15,33.09,13.93,6.39,14.73,54.42,96.17,53.21,54.16,25.28
2003-01-30,41.29,31.32,11.05,5.33,13.57,49.3,73.75,49.64,51.17,24.24
2003-01-31,40.6,31.71,9.85,5.39,12.76,50.86,53.4,46.68,53.11,23.58
2003-02-01,40.44,32.28,9.07,4.2,12.46,38.67,56.3,46.1,64.62,28.04
2003-02-02,39.97,31.14,8.53,4.29,11.23,40.08,59.9,38.31,62.75,24.99
2003-02-03,39.63,30.58,8.5,4.51,11.59,46.22,49.12,34.79,60.12,23.71
2003-02-04,37.72,29.37,8.06,4.44,11.5,47.95,54.62,33.39,58.38,23.42
2003-02-05,37.3,28.65,8.42,4.22,11.75,53.6,54.79,32.61,51.98,23.34
2003-02-06,40.91,28.95,17.57,3.46,14.02,52.2,60.21,29.35,49.45,22.8
2003-02-07,38.69,31.01,13.67,3.11,11.09,48.79,48.35,29.57,48.2,22.8
2003-02-08,46.26,29.14,16.76,8.51,13.36,56.57,60.68,44.23,60.75,35.47
2003-02-09,45.9,33.85,25.02,11.32,19.16,54.3,135.42,78.66,87.39,30.44
2003-02-10,40.28,31.43,15.23,6.39,13.54,57.96,99.47,66.48,65.07,25.17
2003-02-11,42.57,33.55,13.94,5.27,12.84,45.84,100.48,58.35,77.61,25.47
2003-02-12,41.03,34.67,12.59,4.89,12.49,52.77,89.26,53.5,61.76,24.16
2003-02-13,40.61,32.55,10.82,4.52,11.45,49.93,70.46,43.23,48.8,23.42
2003-02-14,39.39,30.7,9.76,4.17,11.56,49.89,80.52,41.19,50.51,23.11
2003-02-15,38.24,30.89,9.19,3.68,11.48,38.85,67.08,39.13,60.43,27.95
2003-02-16,43.01,30.74,16.67,5.39,14.45,50.93,75.3,41.07,106.34,50.88
2003-02-17,38.95,31.12,11.32,4.99,12.84,54.35,61.12,37.07,82.27,27.72
2003-02-18,37.99,30.63,9.79,3.87,11.74,47.61,53.69,32.74,91.01,26.32
2003-02-19,38.36,31.45,9.19,3.66,11.74,47.7,44.97,30.96,80.91,25.41
2003-02-20,59.14,27.63,28.84,7.26,14.51,53.28,48.99,30.09,67.29,24.85
2003-02-21,40.69,31.36,14.5,5.62,12.6,53.55,33.31,28.45,58.46,24.05
2003-02-22,51.15,37.48,19.64,8.71,33.21,56.66,35.65,31.71,62.03,26.17
2003-02-23,75.5,54.23,31.51,13.54,54.4,51.41,54.62,73.2,55.95,25.82
2003-02-24,62.18,42.71,22.28,9.37,30.07,54.91,94.23,71.08,53.67,28.72
2003-02-25,49.35,35.53,15.78,7.03,22.98,52.73,81.24,64.7,61.8,24.58
2003-02-26,42.7,34.56,13.2,5.99,20.02,49.59,58.9,57.38,55.35,24.0
2003-02-27,42.56,34.29,12.1,5.7,19.4,51.15,58.53,53.85,56.82,26.38
2003-02-28,41.11,34.46,10.54,5.02,17.92,51.36,69.51,45.82,58.3,23.74
2003-03-01,65.72,46.26,25.37,11.02,32.02,88.07,107.8,86.8,180.27,101.64
2003-03-02,84.22,49.61,25.78,14.16,34.95,80.51,186.88,112.16,175.74,46.47
2003-03-03,74.25,48.67,27.39,19.97,34.36,91.1,153.38,102.05,104.52,36.7
2003-03-04,78.4,51.48,27.37,17.01,27.93,80.14,135.64,95.54,94.4,32.44
2003-03-05,55.86,38.24,18.2,10.57,21.26,74.83,121.26,84.85,79.03,30.0
2003-03-06,73.41,45.34,32.91,14.78,28.2,73.97,127.98,90.3,182.51,61.17
2003-03-07,93.41,55.91,44.61,20.6,26.72,86.22,110.47,87.32,182.98,48.81
2003-03-08,81.46,50.63,37.22,31.93,22.52,71.18,103.61,81.0,122.91,38.89
2003-03-09,67.17,43.48,29.37,32.12,20.05,46.77,106.3,75.58,94.78,34.99
2003-03-10,54.25,37.87,21.88,19.87,18.11,50.38,89.44,70.23,87.17,32.43
2003-03-11,47.75,35.88,18.28,13.19,17.36,52.2,79.4,65.27,87.36,30.92
2003-03-12,44.35,34.16,15.45,9.86,16.31,46.93,79.8,61.59,76.93,29.5
2003-03-13,43.32,35.46,15.34,8.18,16.07,45.11,77.44,54.56,81.03,32.04
2003-03-14,43.31,36.14,15.06,7.2,16.31,51.4,69.78,45.45,89.32,30.2
2003-03-15,51.54,36.43,21.15,7.91,21.01,42.26,78.16,50.25,96.36,32.68
2003-03-16,56.93,44.64,23.59,9.0,28.77,84.94,111.65,86.38,156.56,86.63
2003-03-17,78.35,54.86,24.43,9.4,32.31,108.6,203.52,129.85,237.32,63.35
2003-03-18,57.21,41.2,17.98,7.39,21.12,80.53,166.68,104.07,155.79,48.91
2003-03-19,48.05,37.98,15.98,6.01,18.06,68.71,138.38,87.7,118.57,40.1
2003-03-20,45.68,38.65,14.51,6.22,16.4,70.58,111.09,76.23,122.48,36.76
2003-03-21,45.62,38.61,13.2,5.69,15.32,74.4,99.92,65.51,111.18,34.26
2003-03-22,72.49,50.21,23.49,7.7,25.25,79.5,114.96,69.41,128.7,52.69
2003-03-23,57.72,41.79,15.85,5.89,18.28,63.23,94.17,58.6,107.27,35.47
2003-03-24,44.36,37.84,14.14,5.41,16.26,63.31,82.44,54.95,95.95,33.73
2003-03-25,44.31,38.09,14.21,4.82,15.85,80.46,82.69,52.03,90.29,36.33
2003-03-26,44.01,38.09,12.92,4.77,14.87,71.8,82.43,47.04,87.49,31.55
2003-03-27,45.61,38.16,12.57,5.21,15.52,69.16,75.9,44.92,82.37,31.89
2003-03-28,43.97,38.05,12.48,5.56,17.06,66.6,76.26,44.18,79.28,31.76
2003-03-29,43.49,39.11,11.4,4.22,16.1,48.35,64.25,40.16,75.72,29.27
2003-03-30,43.13,39.14,10.91,3.84,15.17,41.18,68.51,37.03,64.84,28.14
2003-03-31,48.62,46.4,10.47,3.67,14.91,63.32,64.23,35.1,70.31,27.55
2003-04-01,86.62,67.91,30.63,7.95,35.51,174.34,119.33,76.42,266.27,129.6
2003-04-02,77.45,61.5,15.37,6.16,25.77,133.86,135.14,76.3,339.64,65.9
2003-04-03,63.65,53.04,12.93,5.68,20.35,109.33,112.21,63.44,186.72,53.98
2003-04-04,100.86,67.08,45.82,7.65,28.2,109.96,104.09,66.27,257.27,66.49
2003-04-05,108.66,81.29,30.71,7.61,24.27,101.62,112.38,66.53,219.06,55.99
2003-04-06,89.4,70.62,19.47,5.49,17.86,73.45,98.18,60.17,143.05,47.24
2003-04-07,77.1,61.66,16.37,4.95,16.78,87.05,97.76,56.04,133.32,42.66
2003-04-08,87.51,65.15,18.56,9.85,20.57,94.14,92.06,60.8,139.66,55.08
2003-04-09,75.57,61.11,15.26,6.41,17.62,87.62,82.96,55.52,112.93,41.44
2003-04-10,68.2,57.42,13.63,5.44,15.4,87.32,92.25,51.0,94.12,37.59
2003-04-11,65.4,55.8,13.02,4.93,14.53,92.94,90.36,63.46,151.43,59.56
2003-04-12,65.99,53.1,15.63,5.28,19.17,133.11,161.0,120.62,315.71,96.95
2003-04-13,60.29,51.43,13.07,4.97,17.09,67.35,140.54,98.52,197.64,55.3
2003-04-14,60.91,54.31,12.07,4.23,15.94,86.46,120.54,85.8,148.81,47.94
2003-04-15,57.75,51.28,11.83,3.76,13.74,76.36,104.09,73.73,124.44,44.22
2003-04-16,54.73,49.25,11.24,3.32,13.21,75.85,88.67,64.9,108.17,40.27
2003-04-17,53.31,49.36,10.53,3.15,13.66,72.43,79.24,58.97,105.74,37.78
2003-04-18,50.2,46.93,9.88,3.07,13.88,81.95,69.88,55.23,104.79,36.34
2003-04-19,111.41,59.3,21.51,12.07,15.21,68.22,86.58,50.75,98.11,35.08
2003-04-20,190.85,88.54,74.86,38.54,40.15,56.59,63.97,52.69,80.81,34.01
2003-04-21,123.74,85.45,29.7,18.09,31.84,69.97,57.99,50.15,76.04,33.31
2003-04-22,96.89,76.53,19.82,9.88,19.51,63.57,62.08,45.92,84.46,31.34
2003-04-23,96.58,74.93,16.06,7.69,17.13,63.96,66.75,44.39,69.46,30.68
2003-04-24,228.42,131.47,29.0,31.47,169.21,79.32,188.02,144.33,83.43,33.0
2003-04-25,433.25,304.96,101.22,67.36,210.2,97.04,224.24,154.23,108.8,38.91
2003-04-26,332.66,285.43,60.89,37.51,99.01,113.76,234.38,159.24,93.02,37.42
2003-04-27,242.83,160.77,35.66,21.0,59.05,61.89,175.76,126.4,77.85,30.95
2003-04-28,154.35,105.4,26.32,13.44,41.03,71.2,150.17,108.09,80.5,29.32
2003-04-29,144.53,104.95,21.34,10.6,33.57,52.82,131.88,95.48,76.7,27.94
2003-04-30,168.25,97.1,57.53,16.69,51.43,77.14,145.04,100.06,84.52,32.38
2003-05-01,119.99,83.02,26.85,9.42,32.82,70.78,110.4,83.0,78.78,28.72
2003-05-02,105.2,75.6,21.24,7.81,27.93,71.44,98.67,74.83,71.19,27.66
2003-05-03,92.76,69.61,18.76,6.48,24.9,52.27,94.11,68.86,64.91,27.21
2003-05-04,89.55,68.59,16.96,6.11,22.45,45.6,90.61,63.52,64.53,26.43
2003-05-05,84.27,65.77,16.37,5.96,20.95,44.62,91.12,58.69,66.32,26.54
2003-05-06,87.29,70.42,20.81,7.59,29.15,69.26,86.37,60.33,77.98,31.11
2003-05-07,102.07,71.42,18.85,9.2,28.6,74.32,92.03,61.02,86.26,29.24
2003-05-08,161.08,109.13,38.6,16.81,59.52,81.73,167.29,128.94,103.06,40.42
2003-05-09,150.49,105.35,21.16,9.96,38.67,80.35,150.29,98.32,79.9,29.77
2003-05-10,101.04,78.73,17.34,7.44,25.06,71.38,108.21,84.29,68.68,27.63
2003-05-11,94.01,77.51,14.65,6.33,21.48,50.89,100.83,76.06,69.89,26.18
2003-05-12,92.08,74.83,13.52,5.38,15.77,50.88,98.36,69.65,62.39,25.17
2003-05-13,91.21,75.43,13.27,5.95,20.81,56.82,105.22,73.46,258.99,82.39
2003-05-14,163.89,90.83,58.1,41.15,70.72,125.17,310.48,174.96,1413.0,310.75
2003-05-15,349.04,206.39,72.7,47.27,63.41,106.18,237.24,141.49,485.7,99.33
2003-05-16,315.08,194.4,59.39,36.06,52.39,110.81,174.21,113.21,289.09,62.91
2003-05-17,183.77,115.11,32.04,19.22,35.57,101.61,146.56,97.96,178.34,52.29
2003-05-18,129.18,87.03,23.53,12.48,27.01,77.92,118.89,88.14,130.43,44.64
2003-05-19,114.16,88.64,19.16,9.57,24.97,88.53,108.51,82.35,128.12,40.3
2003-05-20,109.5,80.57,17.01,7.51,21.15,80.29,106.02,74.3,116.42,36.34
2003-05-21,95.55,72.15,15.67,6.38,18.44,85.02,102.71,67.37,96.42,33.0
2003-05-22,85.63,66.82,15.56,5.84,18.46,81.62,86.52,61.84,107.76,31.34
2003-05-23,81.48,63.69,14.43,5.21,16.15,81.1,89.51,56.08,104.88,29.97
2003-05-24,71.61,53.73,14.47,5.1,15.32,82.07,87.61,51.01,100.41,28.58
2003-05-25,69.56,53.61,15.0,5.37,17.81,51.52,82.64,51.57,246.5,53.3
2003-05-26,73.86,60.06,15.29,7.31,19.23,67.95,74.66,52.89,678.9,110.33
2003-05-27,74.34,62.25,13.59,5.71,16.02,69.73,66.85,53.0,456.02,76.89
2003-05-28,65.88,54.38,10.44,4.41,12.74,54.07,50.27,44.79,257.88,61.97
2003-05-29,60.65,54.06,9.28,4.13,13.0,60.84,77.34,42.76,204.06,50.63
2003-05-30,63.69,57.54,9.0,5.17,10.71,75.09,86.77,48.8,740.44,165.6
2003-05-31,122.96,99.65,68.83,18.2,17.56,86.05,99.08,70.54,1259.32,332.92
2003-06-01,112.76,74.71,23.13,12.05,13.85,55.47,100.0,68.47,475.63,111.89
2003-06-02,69.06,57.61,8.33,5.94,6.87,47.11,77.52,54.29,260.36,67.36
2003-06-03,59.4,50.97,7.31,4.77,5.62,38.78,72.56,48.75,165.69,49.59
2003-06-04,52.91,48.53,8.96,4.43,5.64,34.12,55.46,46.15,159.82,53.57
2003-06-05,51.29,49.82,8.5,3.86,4.61,30.57,60.71,43.02,131.71,37.47
2003-06-06,48.91,45.05,8.25,3.39,3.73,31.06,59.79,39.99,104.34,30.67
2003-06-07,50.3,49.49,8.31,3.07,2.74,30.02,52.15,38.66,98.96,28.72
2003-06-08,44.87,42.08,8.82,2.87,1.72,27.94,48.84,37.55,103.55,28.36
2003-06-09,43.7,46.14,7.82,2.87,1.08,31.86,57.76,37.69,171.98,36.13
2003-06-10,51.56,51.06,8.57,3.87,1.2,30.85,48.57,37.43,532.94,46.68
2003-06-11,44.54,40.67,7.98,3.1,0.9,26.24,41.92,32.02,263.3,45.46
2003-06-12,39.82,38.8,11.12,4.7,1.7,32.13,54.28,40.22,224.97,62.66
2003-06-13,57.4,64.02,15.65,5.8,8.46,134.45,95.16,60.25,297.16,71.17
2003-06-14,57.49,65.01,9.92,4.46,2.61,74.25,110.54,83.92,240.42,74.59
2003-06-15,61.93,62.81,10.46,4.6,5.49,115.05,121.13,76.7,540.49,217.18
2003-06-16,47.64,58.15,9.16,4.16,1.57,85.84,91.02,57.74,485.87,181.01
2003-06-17,38.36,46.19,9.28,3.76,3.91,305.43,334.82,242.19,949.56,460.41
2003-06-18,150.96,102.27,72.85,47.45,67.83,1224.7,1718.85,959.92,1633.89,457.03
2003-06-19,248.06,155.92,105.94,105.88,80.1,834.2,1123.94,755.52,1429.26,481.27
2003-06-20,217.03,150.57,48.69,38.39,76.85,396.94,703.46,474.53,969.08,241.37
2003-06-21,102.26,72.71,20.2,16.7,19.81,178.59,375.46,262.35,539.04,139.05
2003-06-22,94.31,62.13,27.42,12.5,21.03,467.23,421.5,281.93,636.08,239.27
2003-06-23,171.76,109.03,66.24,19.07,91.38,996.62,866.58,528.36,1223.08,331.4
2003-06-24,485.45,383.4,106.59,48.61,242.94,679.77,941.05,620.59,856.42,225.47
2003-06-25,266.22,177.09,45.76,23.73,102.43,744.26,883.14,567.12,897.34,254.9
2003-06-26,139.02,92.19,26.6,13.21,46.25,304.77,507.09,338.2,594.8,149.39
2003-06-27,130.69,87.74,27.69,11.5,40.71,199.04,369.93,246.57,416.32,119.63
2003-06-28,637.9,659.01,86.5,43.35,343.99,184.78,377.21,283.16,277.73,108.93
2003-06-29,646.38,431.9,69.04,35.03,231.08,266.79,540.93,377.62,285.57,102.33
2003-06-30,278.17,181.82,37.05,22.33,99.03,314.24,399.72,272.57,297.44,128.68
2003-07-01,1064.36,757.82,564.81,84.54,213.65,288.3,306.37,206.2,297.94,97.36
2003-07-02,529.65,356.59,151.54,43.03,109.11,183.34,265.77,183.37,282.52,92.0
2003-07-03,320.12,192.96,90.64,27.36,71.83,143.53,236.02,162.55,253.11,79.22
2003-07-04,334.16,273.83,79.35,20.4,155.99,162.29,602.12,397.25,244.62,85.78
2003-07-05,263.95,174.49,58.65,15.9,106.13,152.53,497.43,319.99,247.85,68.85
2003-07-06,212.68,137.21,41.36,13.35,72.14,145.26,332.72,211.04,187.18,60.59
2003-07-07,194.99,106.9,59.85,19.2,43.69,132.89,239.38,165.8,179.66,65.18
2003-07-08,473.39,169.01,198.2,157.58,88.27,119.32,199.71,136.81,161.6,55.26
2003-07-09,238.55,115.74,83.21,41.16,52.96,87.28,166.63,114.58,133.02,52.78
2003-07-10,202.33,108.65,59.31,26.7,38.26,85.8,148.95,103.63,131.11,53.16
2003-07-11,323.89,213.14,227.37,21.18,30.72,79.45,134.7,95.63,125.07,47.49
2003-07-12,1587.97,1432.05,219.34,43.69,504.27,75.22,124.44,91.38,117.46,46.35
2003-07-13,1391.32,946.3,163.79,56.05,381.65,65.16,131.19,95.38,124.92,47.26
2003-07-14,854.13,613.34,163.14,52.13,283.06,104.76,189.11,140.68,182.4,69.35
2003-07-15,447.57,296.86,91.7,30.46,130.21,130.98,178.44,117.45,166.65,103.07
2003-07-16,307.31,192.73,63.64,19.68,74.0,106.99,152.99,98.95,202.57,66.15
2003-07-17,233.03,140.69,48.14,14.35,55.12,79.79,131.75,83.43,131.04,50.73
2003-07-18,240.21,124.34,126.72,18.71,49.55,83.01,104.78,78.68,126.32,55.88
2003-07-19,485.91,240.98,1057.02,290.58,114.44,162.63,131.46,104.61,157.29,104.1
2003-07-20,417.2,259.3,163.64,129.48,236.75,902.33,996.22,422.99,404.69,126.52
2003-07-21,878.21,667.51,124.75,87.48,478.96,841.57,584.17,329.07,495.6,96.68
2003-07-22,434.2,278.95,90.35,40.8,157.25,207.11,352.42,210.88,214.29,69.95
2003-07-23,264.47,149.38,68.08,28.31,97.18,194.67,241.29,154.07,167.88,58.86
2003-07-24,301.19,165.68,113.67,29.7,109.02,142.98,257.46,178.21,180.46,55.48
2003-07-25,302.86,204.31,93.13,30.58,128.97,147.25,208.97,142.32,148.77,52.25
2003-07-26,295.69,174.43,69.61,25.23,88.92,106.55,180.21,123.64,136.37,51.97
2003-07-27,170.14,78.83,49.71,17.86,62.02,77.56,156.98,109.12,141.47,49.41
2003-07-28,118.4,67.04,41.07,14.98,49.43,87.52,144.74,98.28,136.13,53.36
2003-07-29,204.43,74.37,101.92,29.71,122.51,97.19,145.27,97.99,146.36,50.68
2003-07-30,185.39,80.41,86.11,29.42,110.06,241.88,260.7,144.48,181.22,93.46
2003-07-31,119.89,61.65,47.75,18.39,53.38,101.98,170.51,101.87,152.87,52.16
2003-08-01,96.65,53.15,36.74,14.22,43.02,90.16,144.58,81.65,125.52,43.39
2003-08-02,79.73,54.24,31.29,10.83,36.64,74.64,120.82,73.89,111.8,39.1
2003-08-03,93.89,61.08,27.99,9.12,30.71,70.29,110.01,67.55,104.32,48.9
2003-08-04,93.9,72.63,25.37,7.94,24.84,97.19,107.99,81.85,111.26,42.56
2003-08-05,137.82,86.93,24.25,8.09,47.46,89.75,116.34,90.04,114.75,44.17
2003-08-06,131.29,83.42,25.78,9.65,34.2,106.85,136.43,88.03,122.39,45.92
2003-08-07,140.54,122.3,84.51,11.26,51.34,86.67,188.34,285.38,384.24,178.41
2003-08-08,1173.05,1168.68,289.1,44.09,225.02,813.01,2020.53,1340.38,3798.38,1317.43
2003-08-09,518.49,374.16,111.15,29.76,69.76,282.1,833.87,578.47,1189.53,289.16
2003-08-10,272.79,183.39,62.78,16.09,40.82,151.82,446.63,313.72,545.85,132.88
2003-08-11,287.14,154.08,186.79,43.64,37.22,133.43,312.38,206.32,351.46,96.86
2003-08-12,603.45,520.53,136.7,48.07,71.55,205.43,613.98,365.78,397.24,121.63
2003-08-13,317.78,222.18,67.23,23.71,47.47,169.21,346.03,207.79,268.68,83.64
2003-08-14,647.3,616.82,132.76,25.96,356.79,152.2,392.16,238.65,232.88,85.9
2003-08-15,481.58,334.53,81.75,19.67,131.35,143.49,361.24,213.43,247.26,75.62
2003-08-16,284.97,194.86,59.52,26.56,84.37,120.72,285.91,177.22,350.58,131.0
2003-08-17,275.28,166.93,71.42,50.87,85.64,127.0,256.2,161.52,300.34,88.52
2003-08-18,211.9,138.85,52.14,32.3,47.38,104.04,248.48,150.57,254.83,73.81
2003-08-19,171.5,117.41,46.67,19.27,35.62,93.03,201.27,129.21,175.38,68.8
2003-08-20,148.18,106.11,33.86,13.46,28.64,80.34,162.21,109.07,192.06,60.99
2003-08-21,137.64,99.49,29.58,10.82,24.45,68.4,155.52,101.3,158.39,56.02
2003-08-22,125.78,85.82,27.34,9.0,21.86,60.07,143.43,96.4,143.28,51.22
2003-08-23,115.02,80.87,26.45,8.35,20.64,46.08,120.8,85.58,127.86,49.29
2003-08-24,110.91,80.88,23.16,7.86,19.39,46.17,113.74,77.73,126.33,47.46
2003-08-25,122.96,77.3,29.03,13.44,23.64,46.2,99.02,71.28,116.46,46.11
2003-08-26,281.79,108.27,105.55,94.9,194.34,234.59,137.02,96.05,140.96,59.35
2003-08-27,159.05,97.3,42.27,32.38,133.13,137.14,129.3,81.87,138.76,50.6
2003-08-28,349.65,288.24,162.03,29.33,211.04,84.48,111.62,72.27,132.9,45.6
2003-08-29,418.13,250.62,64.22,23.8,144.51,104.79,163.5,96.03,136.07,50.83
2003-08-30,246.84,148.37,72.0,23.76,80.11,135.18,187.84,97.46,161.61,48.29
2003-08-31,180.51,116.41,59.28,21.36,55.97,80.32,150.74,80.45,117.65,43.9
2003-09-01,143.49,90.48,38.62,14.39,32.28,73.44,110.74,69.32,99.81,41.49
2003-09-02,111.88,74.3,32.2,11.39,29.65,62.67,96.05,65.5,85.52,40.8
2003-09-03,106.59,74.23,28.24,9.37,25.15,53.55,93.48,61.42,88.47,42.06
2003-09-04,101.3,69.72,25.27,8.2,22.57,63.69,88.66,55.91,85.75,42.28
2003-09-05,92.65,62.51,22.97,7.26,20.99,52.7,79.83,51.35,84.17,40.49
2003-09-06,88.75,62.51,22.26,6.64,19.49,40.66,78.01,47.98,89.2,39.44
2003-09-07,84.83,59.84,21.35,6.37,18.81,40.07,66.48,47.92,82.9,39.43
2003-09-08,80.76,55.86,21.31,6.25,17.47,51.68,72.23,46.8,88.8,42.43
2003-09-09,80.47,55.94,21.86,9.4,15.49,47.06,69.07,44.67,108.56,49.77
2003-09-10,285.28,103.39,86.44,69.69,52.84,61.82,74.65,47.28,161.12,67.99
2003-09-11,143.82,76.67,40.26,27.53,32.07,58.81,80.82,50.12,402.68,88.01
2003-09-12,97.52,65.92,28.98,17.59,23.79,63.75,101.78,64.39,732.73,208.37
2003-09-13,107.37,72.51,25.1,17.38,35.01,55.1,91.64,63.34,387.64,104.59
2003-09-14,89.95,57.78,21.88,12.01,20.12,44.29,74.88,48.0,203.25,64.3
2003-09-15,80.99,52.38,20.45,9.22,17.14,39.16,61.88,42.96,151.01,54.22
2003-09-16,76.94,49.2,19.28,7.9,16.07,41.8,63.8,40.79,118.59,49.22
2003-09-17,74.27,46.12,18.5,7.68,15.27,36.48,66.17,39.5,108.36,46.41
2003-09-18,71.43,44.14,17.91,6.74,14.3,30.88,68.83,38.47,97.78,44.51
2003-09-19,69.83,44.24,17.44,7.25,12.93,30.49,59.77,37.65,97.29,44.71
2003-09-20,69.77,43.67,18.06,6.87,12.87,30.44,61.17,38.88,214.29,93.85
2003-09-21,69.7,45.4,17.64,6.63,14.56,33.03,66.22,38.27,156.56,55.04
2003-09-22,65.32,41.99,15.62,5.64,9.61,39.09,57.4,35.75,114.18,48.24
2003-09-23,61.03,37.78,14.99,5.18,10.18,36.42,45.15,34.77,97.56,46.04
2003-09-24,61.27,35.18,17.14,4.96,13.59,45.95,52.22,34.23,126.1,45.42
2003-09-25,61.19,35.79,17.6,5.33,16.95,37.79,48.87,34.09,123.59,45.35
2003-09-26,62.15,35.93,16.13,5.65,17.99,40.62,46.93,33.91,131.28,44.65
2003-09-27,58.75,34.67,15.24,5.15,15.75,38.37,43.14,32.15,129.79,42.79
2003-09-28,57.08,34.03,14.6,4.85,17.21,33.97,40.75,29.79,114.92,42.94
2003-09-29,54.0,34.39,15.05,5.34,17.86,40.48,40.68,29.03,124.09,43.25
2003-09-30,59.73,33.55,15.5,4.21,18.94,37.1,29.81,27.83,105.81,43.51
2003-10-01,57.34,34.03,17.52,4.84,20.92,33.77,36.88,24.75,90.91,44.8
2003-10-02,55.5,32.83,14.6,4.39,20.86,33.43,46.33,24.17,87.68,43.79
2003-10-03,53.03,30.29,14.35,4.54,20.14,33.63,36.74,23.77,82.11,43.34
2003-10-04,50.55,29.65,14.24,4.19,19.54,33.93,29.58,23.3,74.78,42.09
2003-10-05,53.11,30.36,29.63,4.11,19.56,35.41,25.66,24.41,76.29,41.25
2003-10-06,53.77,32.91,16.9,4.47,19.78,37.15,27.33,25.08,79.48,40.59
2003-10-07,58.53,38.19,14.81,4.37,19.69,39.52,28.43,25.59,88.74,40.45
2003-10-08,58.76,39.64,14.21,4.21,18.95,39.38,33.37,24.68,107.11,40.83
2003-10-09,54.84,34.7,13.78,4.18,17.91,38.71,34.91,23.77,115.68,39.22
2003-10-10,52.21,38.44,14.48,4.2,17.89,36.99,47.13,23.07,115.76,38.98
2003-10-11,54.48,37.35,13.76,4.43,17.91,36.05,36.21,22.2,133.54,42.89
2003-10-12,55.89,39.92,16.28,4.36,18.0,42.57,37.16,24.17,308.41,122.79
2003-10-13,55.52,36.03,20.53,3.7,18.09,39.01,56.87,26.33,321.15,101.66
2003-10-14,54.74,43.57,15.3,3.99,23.06,57.04,51.86,36.63,214.77,87.03
2003-10-15,56.72,44.89,15.16,4.2,21.99,43.16,54.51,31.59,187.87,61.42
2003-10-16,51.21,38.82,13.54,3.75,21.76,36.99,35.63,23.83,113.05,52.91
2003-10-17,48.67,39.48,13.44,3.34,20.89,30.44,39.43,22.28,106.54,48.42
2003-10-18,45.76,36.62,11.59,3.28,20.68,28.42,39.68,21.84,81.23,45.49
2003-10-19,46.59,38.68,11.84,3.02,20.26,28.31,36.33,22.02,86.39,43.11
2003-10-20,46.62,38.13,11.81,3.02,19.31,30.39,34.91,21.74,91.78,41.7
2003-10-21,44.9,38.13,11.68,3.02,19.21,32.58,36.04,21.42,82.54,40.83
2003-10-22,44.5,37.74,11.62,2.9,19.39,32.38,37.84,20.51,88.02,39.76
2003-10-23,43.4,36.54,11.62,2.97,18.72,36.35,32.8,19.95,95.29,38.82
2003-10-24,42.72,36.82,11.37,2.8,18.83,30.76,26.86,18.38,97.87,37.94
2003-10-25,42.68,37.05,10.96,2.79,18.43,30.13,26.71,18.35,103.67,37.24
2003-10-26,43.14,37.65,10.59,2.79,18.28,29.62,25.14,18.78,106.13,36.58
2003-10-27,42.26,37.33,10.5,2.79,17.38,32.09,25.27,18.71,99.45,36.39
2003-10-28,43.9,37.96,11.0,2.79,18.11,29.76,26.02,18.49,95.0,35.97
2003-10-29,43.04,38.65,10.56,2.79,17.66,29.2,27.36,17.27,80.34,35.32
2003-10-30,42.51,39.46,10.41,2.79,17.05,28.53,23.0,17.15,70.82,35.0
2003-10-31,42.7,39.04,10.35,2.79,16.8,29.49,22.8,17.17,67.87,34.87
2003-11-01,43.64,38.51,9.93,2.96,16.94,29.48,20.91,17.05,62.3,34.55
2003-11-02,52.13,37.66,11.34,2.73,26.57,30.62,21.23,18.06,60.72,36.03
2003-11-03,58.09,38.22,18.13,7.51,35.8,51.29,66.67,42.48,113.85,69.32
2003-11-04,43.81,38.47,12.14,3.55,22.1,40.29,38.44,26.45,93.65,38.39
2003-11-05,82.44,47.92,35.85,11.58,33.4,47.4,72.55,33.8,91.4,37.47
2003-11-06,137.96,70.19,58.02,17.81,94.77,85.1,386.93,195.49,84.91,42.72
2003-11-07,61.69,39.16,19.45,6.41,32.11,49.06,163.42,83.82,114.05,36.82
2003-11-08,49.22,38.68,15.04,4.06,24.93,42.23,98.47,56.59,83.18,35.1
2003-11-09,47.42,38.47,13.68,4.38,22.74,39.12,64.67,45.39,81.71,34.23
2003-11-10,46.66,38.44,13.77,3.9,22.26,47.74,55.33,42.45,115.1,59.35
2003-11-11,64.14,37.88,21.14,8.76,24.39,49.98,67.16,42.09,125.59,52.41
2003-11-12,52.9,37.7,24.16,10.2,21.79,41.14,57.87,36.03,99.99,39.7
2003-11-13,49.27,37.4,27.17,8.37,20.23,39.09,60.61,33.44,76.84,37.28
2003-11-14,45.78,37.53,16.87,5.41,19.07,35.55,56.01,31.47,78.13,35.93
2003-11-15,45.31,37.81,15.21,4.32,19.3,32.71,59.72,30.22,69.39,35.42
2003-11-16,44.61,37.95,13.96,4.72,18.54,33.05,38.82,28.99,68.13,34.74
2003-11-17,43.82,37.84,12.83,3.77,17.94,32.47,45.54,27.53,48.1,33.79
2003-11-18,43.6,37.81,12.01,3.05,17.52,31.17,54.01,26.51,65.15,33.47
2003-11-19,43.72,37.64,13.45,3.02,18.0,37.9,53.04,26.13,81.1,40.61
2003-11-20,61.01,44.47,21.61,14.31,22.02,49.78,39.94,26.6,75.19,35.45
2003-11-21,69.94,43.18,20.62,15.51,42.15,61.3,62.87,31.7,78.32,35.68
2003-11-22,49.11,37.64,14.71,6.91,25.53,55.41,67.28,29.64,79.47,33.38
2003-11-23,46.67,37.16,12.83,5.47,21.54,46.04,49.92,27.77,78.68,32.42
2003-11-24,43.69,36.58,11.97,4.65,20.14,44.24,44.1,27.0,89.32,32.05
2003-11-25,43.51,36.61,11.91,3.8,19.36,41.07,41.6,25.96,104.39,32.02
2003-11-26,42.47,36.44,11.3,3.97,18.63,40.05,37.33,24.76,91.08,31.84
2003-11-27,47.57,45.72,13.77,3.83,26.1,41.98,56.31,28.96,109.45,36.86
2003-11-28,95.27,66.89,30.57,3.83,36.03,53.26,68.74,38.29,116.29,40.6
2003-11-29,65.13,47.84,16.87,4.33,23.85,37.95,67.85,31.69,94.55,34.23
2003-11-30,59.6,51.34,16.1,4.32,21.32,31.54,55.47,28.08,83.7,32.88
2003-12-01,56.75,45.66,14.21,3.83,19.78,40.12,38.92,27.2,67.67,31.99
2003-12-02,50.38,42.72,12.92,3.17,23.63,44.3,33.74,25.92,49.35,31.75
2003-12-03,47.52,40.15,12.3,3.02,18.52,42.61,43.12,24.42,47.15,31.32
2003-12-04,45.12,38.9,11.65,3.02,17.86,36.68,36.52,24.21,50.53,30.99
2003-12-05,43.88,38.23,11.24,2.9,18.03,32.47,49.16,25.81,57.64,30.65
2003-12-06,53.87,40.22,15.27,4.48,23.36,29.57,37.83,27.16,68.44,30.93
2003-12-07,45.66,38.05,12.81,4.47,20.57,27.57,46.45,26.63,59.85,29.88
2003-12-08,43.39,38.75,11.21,3.15,17.49,29.77,29.19,25.15,56.73,29.76
2003-12-09,44.92,41.56,10.78,3.02,16.97,30.57,40.53,24.33,61.98,29.73
2003-12-10,45.47,39.68,10.59,2.84,17.46,30.43,31.16,22.23,58.3,29.44
2003-12-11,60.35,48.73,21.82,3.37,24.67,48.72,57.22,34.0,69.37,42.04
2003-12-12,77.74,59.4,20.86,4.85,27.06,44.37,64.02,36.3,81.23,33.9
2003-12-13,55.09,36.99,14.25,3.31,20.29,37.83,58.6,29.76,69.46,30.83
2003-12-14,43.55,36.82,12.4,3.12,18.57,33.23,50.24,27.46,47.88,29.82
2003-12-15,45.99,43.85,11.88,3.02,17.91,33.29,43.78,27.01,51.54,29.64
2003-12-16,49.86,42.91,11.15,2.91,17.46,33.41,37.98,26.14,49.56,29.14
2003-12-17,49.15,44.07,12.59,2.85,17.24,30.87,42.67,24.11,48.62,29.38
2003-12-18,50.27,43.26,11.48,3.14,17.64,31.33,38.73,23.05,48.36,29.29
2003-12-19,49.18,44.65,12.39,3.02,16.8,33.47,38.89,21.67,45.47,28.74
2003-12-20,46.06,39.57,10.71,2.83,16.66,30.72,30.9,21.12,48.65,28.42
2003-12-21,43.04,39.71,10.02,2.79,16.26,29.91,26.15,20.55,47.97,28.02
2003-12-22,44.12,41.1,9.55,2.79,16.04,29.11,27.03,20.09,53.38,28.16
2003-12-23,44.77,40.92,9.58,2.79,16.15,27.35,23.78,20.01,61.36,27.99
2003-12-24,44.55,40.74,9.44,2.79,16.15,28.23,24.83,19.28,63.05,27.76
2003-12-25,43.74,40.67,9.18,2.79,15.99,26.73,26.03,18.91,60.35,27.73
2003-12-26,43.58,41.42,9.38,2.79,15.51,27.44,24.7,20.48,53.96,27.67
2003-12-27,43.87,41.25,9.91,2.79,15.1,28.0,28.69,23.35,46.75,27.11
2003-12-28,43.37,41.03,9.18,2.79,15.04,28.99,42.78,24.93,41.25,26.99
2003-12-29,43.56,41.4,8.85,2.74,14.76,27.42,28.24,23.31,39.96,26.97
2003-12-30,45.04,41.96,8.51,2.57,14.59,28.43,33.45,23.4,39.54,27.05
2003-12-31,44.84,41.1,8.82,2.57,15.58,29.78,34.34,24.76,39.66,26.85
